claim_id,claim_date,sale_id,repair_status
CLM000001,2024-03-13,SALE000001,Completed
CLM000002,2020-05-19,SALE000009,Completed
CLM000003,2025-07-21,SALE000020,Completed
CLM000004,2025-01-20,SALE000022,Completed
CLM000005,2021-10-02,SALE000026,Paid Repaired
CLM000006,2025-03-25,SALE000034,Paid Repaired
CLM000007,2025-06-23,SALE000035,Replaced
CLM000008,2025-11-01,SALE000042,Completed
CLM000009,2021-12-23,SALE000046,Warranty Void
CLM000010,2024-06-30,SALE000051,Completed
CLM000011,2025-03-30,SALE000058,Completed
CLM000012,2023-12-04,SALE000059,Warranty Void
CLM000013,2021-07-30,SALE000068,Paid Repaired
CLM000014,2021-05-15,SALE000077,Completed
CLM000015,2024-01-15,SALE000081,Completed
CLM000016,2021-09-22,SALE000083,Completed
CLM000017,2020-10-31,SALE000088,Completed
CLM000018,2021-03-18,SALE000100,Completed
CLM000019,2024-09-26,SALE000106,Replaced
CLM000020,2024-07-26,SALE000108,Pending
CLM000021,2021-11-07,SALE000120,Completed
CLM000022,2023-07-07,SALE000143,Completed
CLM000023,2025-01-21,SALE000162,Pending
CLM000024,2020-09-07,SALE000169,Paid Repaired
CLM000025,2022-06-25,SALE000175,Paid Repaired
CLM000026,2021-06-05,SALE000177,Warranty Void
CLM000027,2022-08-29,SALE000180,Completed
CLM000028,2023-03-03,SALE000187,Completed
CLM000029,2022-08-06,SALE000191,Pending
CLM000030,2022-04-09,SALE000208,Completed
CLM000031,2022-09-07,SALE000218,Replaced
CLM000032,2023-05-31,SALE000225,Completed
CLM000033,2023-12-03,SALE000227,Completed
CLM000034,2024-11-07,SALE000237,Paid Repaired
CLM000035,2023-03-23,SALE000249,Completed
CLM000036,2025-04-21,SALE000251,Completed
CLM000037,2024-01-08,SALE000252,Paid Repaired
CLM000038,2021-08-30,SALE000258,Completed
CLM000039,2024-03-28,SALE000272,Completed
CLM000040,2022-06-26,SALE000275,Completed
CLM000041,2022-07-17,SALE000281,Completed
CLM000042,2022-03-19,SALE000301,Warranty Void
CLM000043,2022-08-02,SALE000303,Replaced
CLM000044,2022-03-20,SALE000317,Completed
CLM000045,2025-11-01,SALE000318,Completed
CLM000046,2020-10-28,SALE000322,Completed
CLM000047,2025-02-08,SALE000324,Pending
CLM000048,2022-03-23,SALE000325,Pending
CLM000049,2021-12-26,SALE000327,Completed
CLM000050,2020-09-05,SALE000336,Completed
CLM000051,2022-07-02,SALE000345,Replaced
CLM000052,2024-11-24,SALE000357,Completed
CLM000053,2023-02-11,SALE000358,Paid Repaired
CLM000054,2025-10-13,SALE000366,Pending
CLM000055,2023-10-18,SALE000370,Paid Repaired
CLM000056,2025-08-06,SALE000373,Completed
CLM000057,2020-11-26,SALE000375,Completed
CLM000058,2021-10-06,SALE000378,Paid Repaired
CLM000059,2023-06-02,SALE000379,Completed
CLM000060,2023-07-16,SALE000388,Completed
CLM000061,2021-06-05,SALE000396,Completed
CLM000062,2023-05-28,SALE000403,Completed
CLM000063,2021-09-05,SALE000413,Replaced
CLM000064,2020-04-16,SALE000414,Paid Repaired
CLM000065,2021-05-12,SALE000427,Replaced
CLM000066,2023-07-18,SALE000430,Replaced
CLM000067,2023-05-23,SALE000434,Completed
CLM000068,2023-08-05,SALE000435,Completed
CLM000069,2025-10-16,SALE000443,Completed
CLM000070,2025-12-31,SALE000446,Replaced
CLM000071,2025-01-24,SALE000448,Completed
CLM000072,2021-11-27,SALE000449,Completed
CLM000073,2025-10-23,SALE000450,Paid Repaired
CLM000074,2021-12-20,SALE000452,Pending
CLM000075,2024-03-26,SALE000454,Paid Repaired
CLM000076,2020-10-07,SALE000467,Replaced
CLM000077,2022-04-16,SALE000469,Completed
CLM000078,2025-09-18,SALE000478,Completed
CLM000079,2025-12-31,SALE000482,Replaced
CLM000080,2020-10-08,SALE000488,Replaced
CLM000081,2022-07-02,SALE000490,Replaced
CLM000082,2021-08-30,SALE000495,Paid Repaired
CLM000083,2024-05-13,SALE000498,Completed
CLM000084,2023-10-16,SALE000503,Warranty Void
CLM000085,2025-01-23,SALE000515,Rejected
CLM000086,2021-08-21,SALE000521,Completed
CLM000087,2022-08-19,SALE000524,Completed
CLM000088,2024-08-31,SALE000538,Pending
CLM000089,2025-06-19,SALE000540,Replaced
CLM000090,2023-12-04,SALE000543,Completed
CLM000091,2025-07-20,SALE000547,Completed
CLM000092,2021-07-09,SALE000548,Completed
CLM000093,2022-11-02,SALE000557,Pending
CLM000094,2021-04-29,SALE000558,Paid Repaired
CLM000095,2021-06-09,SALE000573,Paid Repaired
CLM000096,2022-06-17,SALE000578,Pending
CLM000097,2024-11-11,SALE000587,Completed
CLM000098,2023-05-07,SALE000590,Completed
CLM000099,2023-04-28,SALE000594,Rejected
CLM000100,2024-07-10,SALE000597,Completed
CLM000101,2022-05-03,SALE000604,Replaced
CLM000102,2020-11-28,SALE000613,Paid Repaired
CLM000103,2024-01-17,SALE000614,Completed
CLM000104,2024-08-12,SALE000620,Completed
CLM000105,2020-10-27,SALE000622,Warranty Void
CLM000106,2025-12-31,SALE000629,Paid Repaired
CLM000107,2025-03-01,SALE000633,Pending
CLM000108,2021-02-28,SALE000639,Replaced
CLM000109,2022-09-09,SALE000640,Paid Repaired
CLM000110,2025-12-31,SALE000656,Replaced
CLM000111,2022-11-17,SALE000661,Pending
CLM000112,2021-12-31,SALE000662,Completed
CLM000113,2022-11-14,SALE000665,Completed
CLM000114,2025-01-31,SALE000668,Paid Repaired
CLM000115,2021-11-30,SALE000671,Completed
CLM000116,2021-08-10,SALE000677,Pending
CLM000117,2024-11-26,SALE000685,Completed
CLM000118,2025-08-28,SALE000687,Completed
CLM000119,2021-06-08,SALE000694,Rejected
CLM000120,2021-01-17,SALE000702,Completed
CLM000121,2023-03-27,SALE000705,Completed
CLM000122,2023-10-07,SALE000712,Completed
CLM000123,2024-01-11,SALE000722,Replaced
CLM000124,2025-12-31,SALE000724,Warranty Void
CLM000125,2024-08-11,SALE000725,Paid Repaired
CLM000126,2024-10-05,SALE000727,Completed
CLM000127,2025-12-26,SALE000730,Completed
CLM000128,2021-03-22,SALE000735,Replaced
CLM000129,2025-03-02,SALE000738,Completed
CLM000130,2021-02-25,SALE000741,Replaced
CLM000131,2022-12-10,SALE000750,Completed
CLM000132,2025-11-20,SALE000751,Warranty Void
CLM000133,2020-12-04,SALE000752,Completed
CLM000134,2025-05-16,SALE000753,Replaced
CLM000135,2025-04-17,SALE000760,Warranty Void
CLM000136,2024-08-22,SALE000794,Warranty Void
CLM000137,2022-08-20,SALE000801,Rejected
CLM000138,2024-12-09,SALE000803,Replaced
CLM000139,2022-04-08,SALE000811,Warranty Void
CLM000140,2022-07-24,SALE000812,Completed
CLM000141,2024-08-21,SALE000817,Replaced
CLM000142,2022-12-12,SALE000823,Replaced
CLM000143,2021-03-22,SALE000832,Completed
CLM000144,2021-10-19,SALE000833,Paid Repaired
CLM000145,2020-12-25,SALE000836,Replaced
CLM000146,2024-02-19,SALE000847,Completed
CLM000147,2022-07-30,SALE000848,Warranty Void
CLM000148,2025-12-31,SALE000850,Warranty Void
CLM000149,2022-10-20,SALE000851,Replaced
CLM000150,2022-01-07,SALE000852,Completed
CLM000151,2021-11-06,SALE000854,Completed
CLM000152,2023-11-25,SALE000855,Paid Repaired
CLM000153,2023-11-09,SALE000858,Completed
CLM000154,2024-01-09,SALE000869,Replaced
CLM000155,2022-01-30,SALE000877,Completed
CLM000156,2021-07-20,SALE000886,Pending
CLM000157,2021-10-16,SALE000890,Paid Repaired
CLM000158,2025-12-31,SALE000891,Rejected
CLM000159,2022-05-10,SALE000903,Warranty Void
CLM000160,2021-11-12,SALE000915,Replaced
CLM000161,2020-12-26,SALE000924,Paid Repaired
CLM000162,2024-08-18,SALE000933,Completed
CLM000163,2021-11-08,SALE000936,Warranty Void
CLM000164,2021-11-30,SALE000940,Completed
CLM000165,2024-05-05,SALE000950,Completed
CLM000166,2022-08-03,SALE000953,Completed
CLM000167,2023-11-13,SALE000955,Completed
CLM000168,2024-07-30,SALE000964,Pending
CLM000169,2022-08-18,SALE000965,Completed
CLM000170,2025-12-31,SALE000966,Warranty Void
CLM000171,2021-01-13,SALE000977,Completed
CLM000172,2025-06-02,SALE000991,Replaced
CLM000173,2023-02-08,SALE001000,Replaced
CLM000174,2022-10-25,SALE001015,Replaced
CLM000175,2022-07-14,SALE001022,Pending
CLM000176,2021-07-19,SALE001033,Paid Repaired
CLM000177,2024-05-10,SALE001041,Completed
CLM000178,2025-12-31,SALE001042,Completed
CLM000179,2025-01-30,SALE001044,Completed
CLM000180,2023-03-26,SALE001048,Completed
CLM000181,2025-08-17,SALE001052,Replaced
CLM000182,2023-07-08,SALE001068,Replaced
CLM000183,2020-07-27,SALE001072,Warranty Void
CLM000184,2022-05-29,SALE001084,Paid Repaired
CLM000185,2025-01-27,SALE001087,Completed
CLM000186,2025-10-29,SALE001097,Completed
CLM000187,2024-04-25,SALE001112,Replaced
CLM000188,2024-09-02,SALE001117,Completed
CLM000189,2021-04-07,SALE001120,Paid Repaired
CLM000190,2021-03-08,SALE001121,Completed
CLM000191,2023-01-20,SALE001144,Completed
CLM000192,2022-10-13,SALE001154,Pending
CLM000193,2021-09-18,SALE001163,Paid Repaired
CLM000194,2022-03-16,SALE001171,Paid Repaired
CLM000195,2021-12-27,SALE001177,Replaced
CLM000196,2021-04-20,SALE001179,Completed
CLM000197,2025-03-15,SALE001189,Completed
CLM000198,2020-12-21,SALE001192,Paid Repaired
CLM000199,2024-10-11,SALE001206,Completed
CLM000200,2024-01-26,SALE001209,Replaced
CLM000201,2022-08-11,SALE001214,Rejected
CLM000202,2023-07-25,SALE001215,Rejected
CLM000203,2025-04-30,SALE001227,Completed
CLM000204,2022-06-20,SALE001229,Completed
CLM000205,2025-03-10,SALE001243,Pending
CLM000206,2024-06-12,SALE001245,Pending
CLM000207,2024-02-09,SALE001253,Completed
CLM000208,2022-03-30,SALE001255,Completed
CLM000209,2025-11-20,SALE001277,Completed
CLM000210,2025-05-15,SALE001284,Completed
CLM000211,2024-02-06,SALE001288,Warranty Void
CLM000212,2021-03-13,SALE001292,Completed
CLM000213,2022-06-02,SALE001293,Completed
CLM000214,2022-12-07,SALE001298,Pending
CLM000215,2023-03-14,SALE001305,Replaced
CLM000216,2022-05-16,SALE001318,Completed
CLM000217,2024-12-31,SALE001320,Completed
CLM000218,2022-10-24,SALE001327,Warranty Void
CLM000219,2023-01-31,SALE001328,Completed
CLM000220,2024-12-11,SALE001329,Completed
CLM000221,2024-05-24,SALE001337,Replaced
CLM000222,2022-10-14,SALE001340,Completed
CLM000223,2022-07-18,SALE001346,Rejected
CLM000224,2024-12-16,SALE001350,Completed
CLM000225,2024-08-26,SALE001352,Replaced
CLM000226,2020-06-25,SALE001356,Replaced
CLM000227,2025-06-19,SALE001357,Completed
CLM000228,2022-08-26,SALE001359,Pending
CLM000229,2025-03-07,SALE001360,Replaced
CLM000230,2024-03-18,SALE001362,Warranty Void
CLM000231,2022-03-28,SALE001363,Completed
CLM000232,2025-04-07,SALE001372,Paid Repaired
CLM000233,2024-02-26,SALE001377,Completed
CLM000234,2022-09-24,SALE001393,Completed
CLM000235,2023-04-02,SALE001397,Paid Repaired
CLM000236,2021-10-17,SALE001404,Completed
CLM000237,2021-12-15,SALE001410,Paid Repaired
CLM000238,2025-02-19,SALE001412,Completed
CLM000239,2023-10-17,SALE001432,Paid Repaired
CLM000240,2022-07-05,SALE001433,Completed
CLM000241,2025-12-31,SALE001436,Completed
CLM000242,2021-06-24,SALE001440,Completed
CLM000243,2021-12-17,SALE001444,Replaced
CLM000244,2024-07-22,SALE001449,Paid Repaired
CLM000245,2025-10-31,SALE001453,Replaced
CLM000246,2021-08-19,SALE001462,Completed
CLM000247,2022-05-05,SALE001476,Completed
CLM000248,2022-02-25,SALE001479,Completed
CLM000249,2022-10-29,SALE001482,Warranty Void
CLM000250,2023-03-07,SALE001487,Completed
CLM000251,2021-07-25,SALE001495,Completed
CLM000252,2020-08-14,SALE001504,Paid Repaired
CLM000253,2024-09-06,SALE001519,Completed
CLM000254,2022-01-28,SALE001520,Paid Repaired
CLM000255,2025-04-10,SALE001524,Replaced
CLM000256,2025-12-28,SALE001535,Completed
CLM000257,2022-01-13,SALE001541,Paid Repaired
CLM000258,2022-08-09,SALE001545,Completed
CLM000259,2025-07-05,SALE001548,Replaced
CLM000260,2020-11-28,SALE001550,Paid Repaired
CLM000261,2025-12-31,SALE001559,Paid Repaired
CLM000262,2025-12-31,SALE001561,Warranty Void
CLM000263,2021-09-01,SALE001563,Completed
CLM000264,2024-09-01,SALE001570,Completed
CLM000265,2025-01-31,SALE001575,Completed
CLM000266,2020-11-04,SALE001578,Completed
CLM000267,2024-05-18,SALE001581,Replaced
CLM000268,2025-12-31,SALE001583,Paid Repaired
CLM000269,2024-11-14,SALE001595,Completed
CLM000270,2022-08-10,SALE001622,Completed
CLM000271,2024-06-14,SALE001627,Replaced
CLM000272,2024-10-14,SALE001629,Completed
CLM000273,2025-12-31,SALE001630,Completed
CLM000274,2025-12-31,SALE001635,Replaced
CLM000275,2025-05-27,SALE001648,Replaced
CLM000276,2024-09-27,SALE001650,Replaced
CLM000277,2022-07-01,SALE001655,Replaced
CLM000278,2023-12-06,SALE001670,Replaced
CLM000279,2023-06-30,SALE001677,Replaced
CLM000280,2022-05-25,SALE001684,Warranty Void
CLM000281,2022-12-21,SALE001693,Warranty Void
CLM000282,2023-03-05,SALE001710,Rejected
CLM000283,2020-12-22,SALE001712,Warranty Void
CLM000284,2025-12-08,SALE001716,Warranty Void
CLM000285,2022-07-04,SALE001717,Completed
CLM000286,2023-03-21,SALE001726,Paid Repaired
CLM000287,2022-10-23,SALE001732,Replaced
CLM000288,2023-09-17,SALE001738,Replaced
CLM000289,2021-09-13,SALE001749,Pending
CLM000290,2025-12-31,SALE001757,Paid Repaired
CLM000291,2025-12-04,SALE001758,Completed
CLM000292,2024-09-18,SALE001761,Completed
CLM000293,2023-05-20,SALE001765,Completed
CLM000294,2025-08-10,SALE001770,Completed
CLM000295,2024-10-18,SALE001772,Rejected
CLM000296,2021-12-17,SALE001775,Completed
CLM000297,2024-12-22,SALE001778,Paid Repaired
CLM000298,2021-10-09,SALE001788,Completed
CLM000299,2022-01-26,SALE001797,Completed
CLM000300,2025-11-02,SALE001806,Completed
CLM000301,2024-02-21,SALE001813,Completed
CLM000302,2025-12-31,SALE001818,Completed
CLM000303,2022-07-30,SALE001821,Replaced
CLM000304,2024-08-03,SALE001824,Completed
CLM000305,2021-12-12,SALE001829,Rejected
CLM000306,2023-10-15,SALE001831,Pending
CLM000307,2021-11-13,SALE001844,Warranty Void
CLM000308,2022-06-15,SALE001850,Pending
CLM000309,2024-07-03,SALE001851,Paid Repaired
CLM000310,2022-09-03,SALE001859,Replaced
CLM000311,2022-07-22,SALE001860,Replaced
CLM000312,2024-03-27,SALE001866,Replaced
CLM000313,2024-02-19,SALE001867,Completed
CLM000314,2021-04-30,SALE001880,Replaced
CLM000315,2021-12-22,SALE001886,Paid Repaired
CLM000316,2020-11-19,SALE001888,Pending
CLM000317,2021-11-09,SALE001891,Paid Repaired
CLM000318,2022-06-15,SALE001905,Completed
CLM000319,2025-07-02,SALE001917,Replaced
CLM000320,2025-10-04,SALE001924,Completed
CLM000321,2025-10-22,SALE001937,Completed
CLM000322,2020-08-04,SALE001950,Completed
CLM000323,2022-06-27,SALE001951,Warranty Void
CLM000324,2022-12-22,SALE001988,Pending
CLM000325,2025-11-04,SALE001991,Completed
CLM000326,2022-11-21,SALE001995,Completed
CLM000327,2023-04-11,SALE001996,Warranty Void
CLM000328,2022-10-24,SALE002004,Warranty Void
CLM000329,2024-01-04,SALE002006,Paid Repaired
CLM000330,2021-07-10,SALE002008,Completed
CLM000331,2023-07-27,SALE002019,Replaced
CLM000332,2022-11-22,SALE002021,Warranty Void
CLM000333,2021-02-08,SALE002024,Paid Repaired
CLM000334,2025-06-06,SALE002044,Completed
CLM000335,2025-09-09,SALE002060,Completed
CLM000336,2023-09-05,SALE002065,Paid Repaired
CLM000337,2024-08-03,SALE002066,Paid Repaired
CLM000338,2022-06-10,SALE002092,Replaced
CLM000339,2025-01-02,SALE002103,Completed
CLM000340,2024-07-03,SALE002134,Rejected
CLM000341,2024-05-16,SALE002144,Paid Repaired
CLM000342,2021-08-10,SALE002150,Completed
CLM000343,2021-03-15,SALE002154,Paid Repaired
CLM000344,2020-10-15,SALE002159,Paid Repaired
CLM000345,2025-10-29,SALE002177,Completed
CLM000346,2025-04-18,SALE002178,Completed
CLM000347,2021-03-29,SALE002183,Completed
CLM000348,2024-11-02,SALE002191,Replaced
CLM000349,2025-12-31,SALE002194,Paid Repaired
CLM000350,2021-02-28,SALE002206,Warranty Void
CLM000351,2024-07-23,SALE002208,Completed
CLM000352,2021-04-10,SALE002215,Paid Repaired
CLM000353,2023-04-15,SALE002219,Replaced
CLM000354,2025-09-28,SALE002222,Completed
CLM000355,2024-03-29,SALE002223,Paid Repaired
CLM000356,2025-06-21,SALE002232,Completed
CLM000357,2021-12-22,SALE002255,Replaced
CLM000358,2024-11-07,SALE002267,Replaced
CLM000359,2023-10-26,SALE002273,Completed
CLM000360,2022-07-11,SALE002297,Replaced
CLM000361,2022-06-21,SALE002299,Paid Repaired
CLM000362,2022-01-16,SALE002302,Completed
CLM000363,2022-10-23,SALE002304,Pending
CLM000364,2024-06-16,SALE002324,Completed
CLM000365,2024-09-29,SALE002330,Warranty Void
CLM000366,2022-12-14,SALE002341,Completed
CLM000367,2025-03-19,SALE002343,Completed
CLM000368,2024-11-22,SALE002353,Pending
CLM000369,2022-01-12,SALE002366,Pending
CLM000370,2024-07-06,SALE002367,Pending
CLM000371,2023-05-05,SALE002373,Replaced
CLM000372,2021-11-05,SALE002379,Completed
CLM000373,2021-01-07,SALE002380,Replaced
CLM000374,2022-02-25,SALE002383,Pending
CLM000375,2025-03-25,SALE002390,Rejected
CLM000376,2025-12-31,SALE002401,Paid Repaired
CLM000377,2023-10-17,SALE002414,Paid Repaired
CLM000378,2022-07-10,SALE002430,Completed
CLM000379,2024-09-19,SALE002431,Rejected
CLM000380,2021-01-29,SALE002456,Completed
CLM000381,2022-06-08,SALE002470,Paid Repaired
CLM000382,2023-10-16,SALE002485,Replaced
CLM000383,2023-03-25,SALE002488,Pending
CLM000384,2025-04-12,SALE002493,Completed
CLM000385,2022-05-03,SALE002502,Replaced
CLM000386,2021-12-23,SALE002507,Completed
CLM000387,2023-03-03,SALE002513,Completed
CLM000388,2020-10-08,SALE002514,Paid Repaired
CLM000389,2021-05-16,SALE002524,Replaced
CLM000390,2023-03-28,SALE002534,Completed
CLM000391,2022-07-23,SALE002537,Replaced
CLM000392,2023-06-18,SALE002539,Completed
CLM000393,2020-06-17,SALE002541,Completed
CLM000394,2025-02-11,SALE002543,Pending
CLM000395,2021-04-07,SALE002545,Paid Repaired
CLM000396,2023-08-08,SALE002555,Completed
CLM000397,2024-07-20,SALE002566,Replaced
CLM000398,2025-03-18,SALE002567,Replaced
CLM000399,2022-09-27,SALE002568,Completed
CLM000400,2024-06-04,SALE002570,Replaced
CLM000401,2023-01-20,SALE002572,Rejected
CLM000402,2021-05-13,SALE002574,Completed
CLM000403,2022-09-20,SALE002577,Completed
CLM000404,2022-11-08,SALE002580,Completed
CLM000405,2022-06-23,SALE002587,Completed
CLM000406,2025-06-29,SALE002588,Replaced
CLM000407,2024-07-12,SALE002600,Completed
CLM000408,2021-10-13,SALE002613,Completed
CLM000409,2022-02-16,SALE002614,Paid Repaired
CLM000410,2023-01-25,SALE002615,Completed
CLM000411,2024-06-13,SALE002620,Completed
CLM000412,2022-07-19,SALE002627,Pending
CLM000413,2023-08-21,SALE002641,Completed
CLM000414,2025-06-22,SALE002652,Paid Repaired
CLM000415,2024-09-14,SALE002658,Completed
CLM000416,2022-04-11,SALE002675,Replaced
CLM000417,2025-12-31,SALE002688,Pending
CLM000418,2021-12-19,SALE002689,Paid Repaired
CLM000419,2020-06-27,SALE002696,Completed
CLM000420,2023-06-13,SALE002697,Warranty Void
CLM000421,2024-10-11,SALE002703,Replaced
CLM000422,2022-10-03,SALE002706,Pending
CLM000423,2025-12-31,SALE002709,Completed
CLM000424,2023-08-30,SALE002711,Pending
CLM000425,2024-08-10,SALE002714,Completed
CLM000426,2025-06-11,SALE002727,Completed
CLM000427,2024-10-18,SALE002745,Completed
CLM000428,2025-03-05,SALE002747,Completed
CLM000429,2023-04-05,SALE002748,Completed
CLM000430,2024-04-03,SALE002755,Paid Repaired
CLM000431,2022-01-08,SALE002761,Completed
CLM000432,2025-06-11,SALE002766,Replaced
CLM000433,2021-12-14,SALE002778,Pending
CLM000434,2021-01-16,SALE002781,Replaced
CLM000435,2022-10-14,SALE002790,Completed
CLM000436,2023-10-25,SALE002791,Completed
CLM000437,2025-12-04,SALE002802,Completed
CLM000438,2022-10-08,SALE002805,Paid Repaired
CLM000439,2025-06-24,SALE002821,Completed
CLM000440,2022-03-25,SALE002824,Paid Repaired
CLM000441,2022-12-07,SALE002834,Paid Repaired
CLM000442,2024-12-10,SALE002839,Completed
CLM000443,2022-08-08,SALE002856,Paid Repaired
CLM000444,2024-04-21,SALE002863,Warranty Void
CLM000445,2022-01-08,SALE002877,Completed
CLM000446,2023-05-22,SALE002882,Paid Repaired
CLM000447,2025-08-31,SALE002885,Completed
CLM000448,2021-04-23,SALE002917,Completed
CLM000449,2021-05-04,SALE002922,Replaced
CLM000450,2025-02-14,SALE002931,Completed
CLM000451,2025-06-04,SALE002937,Completed
CLM000452,2022-06-06,SALE002944,Pending
CLM000453,2025-06-27,SALE002955,Completed
CLM000454,2023-09-09,SALE002960,Completed
CLM000455,2022-02-28,SALE002963,Replaced
CLM000456,2024-03-12,SALE002964,Pending
CLM000457,2024-09-23,SALE002974,Paid Repaired
CLM000458,2024-09-02,SALE002978,Completed
CLM000459,2021-03-31,SALE002980,Completed
CLM000460,2025-04-10,SALE002987,Completed
CLM000461,2025-12-31,SALE002999,Completed
CLM000462,2020-11-25,SALE003005,Completed
CLM000463,2024-07-14,SALE003017,Replaced
CLM000464,2024-11-16,SALE003020,Paid Repaired
CLM000465,2022-08-22,SALE003030,Replaced
CLM000466,2022-02-25,SALE003045,Replaced
CLM000467,2025-03-29,SALE003048,Pending
CLM000468,2022-02-07,SALE003054,Completed
CLM000469,2025-02-05,SALE003057,Completed
CLM000470,2022-01-13,SALE003065,Paid Repaired
CLM000471,2024-02-08,SALE003071,Replaced
CLM000472,2023-05-07,SALE003076,Completed
CLM000473,2021-07-17,SALE003087,Completed
CLM000474,2020-12-26,SALE003096,Completed
CLM000475,2024-10-02,SALE003097,Rejected
CLM000476,2022-08-16,SALE003104,Completed
CLM000477,2022-02-14,SALE003105,Completed
CLM000478,2022-02-16,SALE003108,Completed
CLM000479,2024-04-02,SALE003109,Replaced
CLM000480,2020-11-22,SALE003127,Pending
CLM000481,2022-08-31,SALE003129,Paid Repaired
CLM000482,2025-12-31,SALE003131,Paid Repaired
CLM000483,2025-01-14,SALE003133,Pending
CLM000484,2022-12-22,SALE003134,Pending
CLM000485,2025-12-31,SALE003139,Paid Repaired
CLM000486,2025-12-31,SALE003144,Warranty Void
CLM000487,2023-01-07,SALE003145,Paid Repaired
CLM000488,2021-12-10,SALE003147,Completed
CLM000489,2021-10-27,SALE003161,Replaced
CLM000490,2025-06-10,SALE003162,Replaced
CLM000491,2024-05-21,SALE003164,Replaced
CLM000492,2021-09-11,SALE003170,Completed
CLM000493,2022-02-10,SALE003174,Replaced
CLM000494,2025-12-31,SALE003179,Completed
CLM000495,2022-07-05,SALE003181,Completed
CLM000496,2025-12-31,SALE003186,Pending
CLM000497,2023-09-29,SALE003194,Completed
CLM000498,2021-07-04,SALE003196,Completed
CLM000499,2023-09-30,SALE003198,Completed
CLM000500,2020-03-02,SALE003222,Warranty Void
CLM000501,2023-03-23,SALE003224,Paid Repaired
CLM000502,2023-10-04,SALE003225,Completed
CLM000503,2024-06-11,SALE003230,Replaced
CLM000504,2021-10-05,SALE003232,Paid Repaired
CLM000505,2025-08-20,SALE003235,Completed
CLM000506,2022-10-21,SALE003240,Completed
CLM000507,2022-01-20,SALE003253,Completed
CLM000508,2022-02-16,SALE003259,Paid Repaired
CLM000509,2025-01-15,SALE003261,Rejected
CLM000510,2022-05-31,SALE003263,Paid Repaired
CLM000511,2022-03-02,SALE003267,Completed
CLM000512,2025-12-31,SALE003268,Rejected
CLM000513,2025-07-08,SALE003269,Replaced
CLM000514,2023-02-21,SALE003287,Replaced
CLM000515,2023-03-20,SALE003295,Warranty Void
CLM000516,2023-06-12,SALE003296,Replaced
CLM000517,2022-08-16,SALE003300,Completed
CLM000518,2022-07-13,SALE003301,Paid Repaired
CLM000519,2025-05-24,SALE003303,Completed
CLM000520,2024-12-16,SALE003308,Paid Repaired
CLM000521,2023-03-18,SALE003324,Completed
CLM000522,2024-04-28,SALE003331,Completed
CLM000523,2021-04-26,SALE003332,Completed
CLM000524,2021-07-15,SALE003333,Pending
CLM000525,2024-06-25,SALE003338,Pending
CLM000526,2025-12-10,SALE003342,Replaced
CLM000527,2022-08-11,SALE003352,Completed
CLM000528,2025-03-12,SALE003366,Completed
CLM000529,2022-01-09,SALE003371,Pending
CLM000530,2023-11-12,SALE003376,Replaced
CLM000531,2021-01-13,SALE003384,Pending
CLM000532,2023-07-09,SALE003397,Warranty Void
CLM000533,2023-03-16,SALE003400,Completed
CLM000534,2025-05-21,SALE003403,Rejected
CLM000535,2024-03-20,SALE003419,Replaced
CLM000536,2022-07-26,SALE003424,Rejected
CLM000537,2025-11-01,SALE003425,Replaced
CLM000538,2025-12-31,SALE003428,Replaced
CLM000539,2023-10-13,SALE003434,Replaced
CLM000540,2024-07-31,SALE003438,Completed
CLM000541,2020-12-16,SALE003441,Completed
CLM000542,2022-03-06,SALE003446,Replaced
CLM000543,2022-05-27,SALE003448,Completed
CLM000544,2023-08-13,SALE003459,Paid Repaired
CLM000545,2023-03-28,SALE003462,Paid Repaired
CLM000546,2024-07-10,SALE003463,Pending
CLM000547,2022-07-26,SALE003465,Paid Repaired
CLM000548,2025-12-31,SALE003478,Replaced
CLM000549,2020-08-13,SALE003479,Completed
CLM000550,2025-06-19,SALE003486,Completed
CLM000551,2025-05-28,SALE003494,Completed
CLM000552,2025-12-31,SALE003497,Completed
CLM000553,2021-03-28,SALE003499,Completed
CLM000554,2023-10-25,SALE003501,Completed
CLM000555,2022-11-01,SALE003510,Completed
CLM000556,2024-08-12,SALE003511,Paid Repaired
CLM000557,2025-04-18,SALE003528,Completed
CLM000558,2020-09-18,SALE003529,Completed
CLM000559,2025-12-31,SALE003536,Completed
CLM000560,2025-03-11,SALE003539,Warranty Void
CLM000561,2024-09-17,SALE003542,Completed
CLM000562,2022-12-29,SALE003552,Paid Repaired
CLM000563,2023-04-20,SALE003557,Replaced
CLM000564,2024-10-14,SALE003563,Warranty Void
CLM000565,2025-12-31,SALE003567,Completed
CLM000566,2025-12-31,SALE003570,Replaced
CLM000567,2021-03-25,SALE003571,Rejected
CLM000568,2023-01-27,SALE003574,Completed
CLM000569,2023-05-13,SALE003577,Pending
CLM000570,2024-05-28,SALE003585,Paid Repaired
CLM000571,2022-08-17,SALE003599,Replaced
CLM000572,2023-07-23,SALE003608,Paid Repaired
CLM000573,2022-03-05,SALE003611,Pending
CLM000574,2020-09-10,SALE003613,Completed
CLM000575,2025-03-14,SALE003615,Rejected
CLM000576,2023-10-06,SALE003616,Completed
CLM000577,2021-09-20,SALE003617,Completed
CLM000578,2024-02-14,SALE003618,Replaced
CLM000579,2021-04-29,SALE003621,Replaced
CLM000580,2023-02-08,SALE003628,Completed
CLM000581,2022-12-19,SALE003629,Paid Repaired
CLM000582,2023-07-22,SALE003645,Completed
CLM000583,2022-10-27,SALE003649,Paid Repaired
CLM000584,2021-10-01,SALE003650,Replaced
CLM000585,2021-04-02,SALE003664,Warranty Void
CLM000586,2023-04-24,SALE003666,Completed
CLM000587,2023-10-02,SALE003668,Replaced
CLM000588,2025-12-31,SALE003671,Completed
CLM000589,2025-07-11,SALE003680,Completed
CLM000590,2021-03-23,SALE003681,Paid Repaired
CLM000591,2024-09-26,SALE003685,Completed
CLM000592,2025-12-31,SALE003686,Pending
CLM000593,2021-11-27,SALE003689,Pending
CLM000594,2023-09-29,SALE003693,Paid Repaired
CLM000595,2024-02-20,SALE003696,Completed
CLM000596,2025-12-31,SALE003700,Completed
CLM000597,2023-07-02,SALE003702,Completed
CLM000598,2024-09-25,SALE003705,Warranty Void
CLM000599,2022-11-01,SALE003706,Replaced
CLM000600,2021-09-25,SALE003714,Completed
CLM000601,2022-03-12,SALE003715,Completed
CLM000602,2024-01-15,SALE003724,Completed
CLM000603,2024-07-22,SALE003725,Replaced
CLM000604,2021-12-31,SALE003729,Completed
CLM000605,2022-03-19,SALE003745,Replaced
CLM000606,2021-08-20,SALE003751,Completed
CLM000607,2025-12-14,SALE003753,Replaced
CLM000608,2023-01-31,SALE003757,Warranty Void
CLM000609,2023-11-13,SALE003758,Completed
CLM000610,2023-11-12,SALE003759,Replaced
CLM000611,2025-01-24,SALE003784,Completed
CLM000612,2021-08-29,SALE003797,Completed
CLM000613,2024-01-08,SALE003799,Completed
CLM000614,2024-02-01,SALE003806,Completed
CLM000615,2023-04-04,SALE003810,Completed
CLM000616,2023-03-26,SALE003815,Rejected
CLM000617,2020-06-10,SALE003820,Paid Repaired
CLM000618,2024-12-20,SALE003826,Completed
CLM000619,2023-01-14,SALE003828,Paid Repaired
CLM000620,2025-08-20,SALE003838,Paid Repaired
CLM000621,2022-12-11,SALE003842,Rejected
CLM000622,2023-11-10,SALE003848,Completed
CLM000623,2021-10-21,SALE003854,Pending
CLM000624,2024-04-24,SALE003864,Completed
CLM000625,2024-04-03,SALE003866,Completed
CLM000626,2022-10-05,SALE003868,Completed
CLM000627,2022-08-09,SALE003869,Warranty Void
CLM000628,2021-11-02,SALE003870,Replaced
CLM000629,2024-12-08,SALE003882,Completed
CLM000630,2021-02-27,SALE003886,Pending
CLM000631,2024-02-23,SALE003904,Completed
CLM000632,2025-09-24,SALE003914,Replaced
CLM000633,2024-12-03,SALE003917,Paid Repaired
CLM000634,2021-04-16,SALE003927,Completed
CLM000635,2022-05-05,SALE003931,Replaced
CLM000636,2022-07-30,SALE003934,Warranty Void
CLM000637,2025-03-12,SALE003937,Warranty Void
CLM000638,2023-10-24,SALE003943,Pending
CLM000639,2020-09-23,SALE003955,Paid Repaired
CLM000640,2022-10-14,SALE003962,Replaced
CLM000641,2025-01-21,SALE003972,Completed
CLM000642,2024-04-03,SALE003977,Replaced
CLM000643,2021-06-27,SALE003984,Paid Repaired
CLM000644,2022-12-10,SALE003988,Completed
CLM000645,2023-10-09,SALE003990,Rejected
CLM000646,2021-04-17,SALE004006,Replaced
CLM000647,2025-06-17,SALE004022,Completed
CLM000648,2025-07-26,SALE004023,Warranty Void
CLM000649,2025-12-23,SALE004036,Completed
CLM000650,2022-11-06,SALE004038,Pending
CLM000651,2022-07-30,SALE004048,Replaced
CLM000652,2025-01-25,SALE004054,Pending
CLM000653,2024-10-12,SALE004080,Pending
CLM000654,2025-07-24,SALE004081,Replaced
CLM000655,2024-04-01,SALE004104,Replaced
CLM000656,2021-09-08,SALE004117,Paid Repaired
CLM000657,2021-04-23,SALE004128,Completed
CLM000658,2023-05-17,SALE004135,Replaced
CLM000659,2025-01-26,SALE004137,Replaced
CLM000660,2025-03-02,SALE004142,Replaced
CLM000661,2025-06-26,SALE004148,Completed
CLM000662,2021-12-29,SALE004177,Replaced
CLM000663,2021-05-17,SALE004182,Completed
CLM000664,2024-01-12,SALE004196,Completed
CLM000665,2020-11-27,SALE004197,Pending
CLM000666,2025-12-31,SALE004203,Replaced
CLM000667,2022-09-20,SALE004209,Completed
CLM000668,2021-07-19,SALE004214,Replaced
CLM000669,2024-07-09,SALE004220,Completed
CLM000670,2023-01-09,SALE004229,Replaced
CLM000671,2025-12-31,SALE004231,Replaced
CLM000672,2021-01-06,SALE004246,Completed
CLM000673,2024-11-16,SALE004249,Completed
CLM000674,2022-01-10,SALE004264,Completed
CLM000675,2025-12-31,SALE004271,Pending
CLM000676,2022-01-30,SALE004280,Replaced
CLM000677,2022-10-17,SALE004288,Paid Repaired
CLM000678,2024-12-09,SALE004301,Replaced
CLM000679,2025-12-31,SALE004309,Completed
CLM000680,2022-03-16,SALE004327,Rejected
CLM000681,2025-04-23,SALE004334,Paid Repaired
CLM000682,2024-08-13,SALE004355,Completed
CLM000683,2022-08-30,SALE004357,Pending
CLM000684,2023-09-18,SALE004369,Pending
CLM000685,2020-11-24,SALE004385,Replaced
CLM000686,2025-07-14,SALE004396,Replaced
CLM000687,2022-09-06,SALE004417,Paid Repaired
CLM000688,2024-11-17,SALE004422,Completed
CLM000689,2025-09-17,SALE004428,Paid Repaired
CLM000690,2025-01-19,SALE004439,Completed
CLM000691,2023-03-16,SALE004462,Replaced
CLM000692,2024-05-03,SALE004478,Completed
CLM000693,2022-08-16,SALE004480,Completed
CLM000694,2023-01-08,SALE004482,Replaced
CLM000695,2024-04-25,SALE004498,Paid Repaired
CLM000696,2025-12-31,SALE004499,Warranty Void
CLM000697,2022-06-18,SALE004501,Completed
CLM000698,2022-08-19,SALE004537,Completed
CLM000699,2021-07-07,SALE004541,Completed
CLM000700,2022-07-06,SALE004547,Replaced
CLM000701,2022-06-28,SALE004556,Pending
CLM000702,2023-11-24,SALE004557,Completed
CLM000703,2023-09-10,SALE004560,Paid Repaired
CLM000704,2024-12-02,SALE004614,Completed
CLM000705,2021-09-30,SALE004616,Completed
CLM000706,2024-02-01,SALE004617,Warranty Void
CLM000707,2021-08-18,SALE004619,Pending
CLM000708,2022-12-02,SALE004625,Completed
CLM000709,2025-06-04,SALE004627,Completed
CLM000710,2025-04-12,SALE004628,Paid Repaired
CLM000711,2022-06-04,SALE004631,Paid Repaired
CLM000712,2025-04-30,SALE004667,Replaced
CLM000713,2025-09-19,SALE004669,Pending
CLM000714,2024-02-11,SALE004676,Completed
CLM000715,2023-12-28,SALE004681,Completed
CLM000716,2020-09-03,SALE004682,Completed
CLM000717,2025-05-31,SALE004683,Paid Repaired
CLM000718,2022-08-29,SALE004687,Pending
CLM000719,2022-03-26,SALE004696,Pending
CLM000720,2021-02-07,SALE004698,Paid Repaired
CLM000721,2021-08-06,SALE004702,Warranty Void
CLM000722,2025-09-11,SALE004705,Replaced
CLM000723,2021-04-09,SALE004713,Completed
CLM000724,2022-06-13,SALE004716,Replaced
CLM000725,2020-09-24,SALE004718,Replaced
CLM000726,2021-04-18,SALE004723,Replaced
CLM000727,2024-02-26,SALE004731,Pending
CLM000728,2025-12-31,SALE004737,Replaced
CLM000729,2024-01-16,SALE004738,Paid Repaired
CLM000730,2024-01-17,SALE004739,Completed
CLM000731,2022-11-04,SALE004744,Completed
CLM000732,2022-12-20,SALE004747,Rejected
CLM000733,2023-07-15,SALE004749,Replaced
CLM000734,2022-09-20,SALE004763,Rejected
CLM000735,2025-01-01,SALE004793,Replaced
CLM000736,2024-09-28,SALE004794,Completed
CLM000737,2021-05-31,SALE004808,Paid Repaired
CLM000738,2021-07-23,SALE004816,Completed
CLM000739,2023-12-09,SALE004824,Paid Repaired
CLM000740,2024-07-01,SALE004826,Pending
CLM000741,2022-07-12,SALE004830,Paid Repaired
CLM000742,2022-08-04,SALE004838,Paid Repaired
CLM000743,2024-03-05,SALE004839,Replaced
CLM000744,2021-05-26,SALE004840,Completed
CLM000745,2022-09-27,SALE004844,Pending
CLM000746,2024-02-28,SALE004853,Replaced
CLM000747,2022-01-15,SALE004880,Completed
CLM000748,2023-04-14,SALE004885,Completed
CLM000749,2022-04-12,SALE004888,Warranty Void
CLM000750,2023-03-26,SALE004893,Completed
CLM000751,2024-01-24,SALE004908,Replaced
CLM000752,2021-09-15,SALE004927,Completed
CLM000753,2020-12-18,SALE004932,Completed
CLM000754,2021-09-08,SALE004937,Completed
CLM000755,2022-02-17,SALE004946,Replaced
CLM000756,2025-07-31,SALE004949,Replaced
CLM000757,2025-06-17,SALE004953,Completed
CLM000758,2023-11-03,SALE004956,Paid Repaired
CLM000759,2023-03-25,SALE004963,Pending
CLM000760,2025-10-11,SALE004965,Completed
CLM000761,2024-08-28,SALE004975,Paid Repaired
CLM000762,2021-01-18,SALE004980,Completed
CLM000763,2025-12-31,SALE005005,Paid Repaired
CLM000764,2021-10-06,SALE005011,Completed
CLM000765,2022-05-24,SALE005020,Completed
CLM000766,2021-04-13,SALE005022,Completed
CLM000767,2022-02-23,SALE005023,Warranty Void
CLM000768,2025-06-13,SALE005026,Completed
CLM000769,2025-12-31,SALE005028,Paid Repaired
CLM000770,2021-03-24,SALE005048,Paid Repaired
CLM000771,2023-02-10,SALE005049,Completed
CLM000772,2022-02-02,SALE005054,Paid Repaired
CLM000773,2024-01-09,SALE005064,Warranty Void
CLM000774,2021-05-08,SALE005067,Rejected
CLM000775,2024-04-27,SALE005077,Warranty Void
CLM000776,2023-06-18,SALE005078,Completed
CLM000777,2020-04-18,SALE005108,Completed
CLM000778,2021-03-19,SALE005109,Completed
CLM000779,2025-06-16,SALE005117,Completed
CLM000780,2023-05-14,SALE005123,Completed
CLM000781,2024-08-01,SALE005124,Replaced
CLM000782,2022-07-07,SALE005127,Completed
CLM000783,2024-09-26,SALE005134,Completed
CLM000784,2024-08-06,SALE005136,Completed
CLM000785,2025-08-14,SALE005154,Replaced
CLM000786,2025-12-31,SALE005157,Paid Repaired
CLM000787,2024-10-20,SALE005159,Completed
CLM000788,2024-07-06,SALE005188,Completed
CLM000789,2023-01-20,SALE005190,Warranty Void
CLM000790,2021-12-10,SALE005211,Completed
CLM000791,2025-11-27,SALE005245,Completed
CLM000792,2021-12-09,SALE005246,Pending
CLM000793,2025-04-01,SALE005253,Completed
CLM000794,2023-01-02,SALE005269,Completed
CLM000795,2020-11-06,SALE005276,Completed
CLM000796,2024-10-12,SALE005280,Completed
CLM000797,2024-12-20,SALE005284,Replaced
CLM000798,2025-12-31,SALE005286,Completed
CLM000799,2024-08-10,SALE005288,Replaced
CLM000800,2024-04-03,SALE005304,Paid Repaired
CLM000801,2021-12-18,SALE005306,Paid Repaired
CLM000802,2021-10-28,SALE005307,Warranty Void
CLM000803,2021-02-09,SALE005311,Completed
CLM000804,2025-12-31,SALE005314,Completed
CLM000805,2025-04-03,SALE005315,Paid Repaired
CLM000806,2025-03-18,SALE005336,Completed
CLM000807,2025-01-03,SALE005339,Completed
CLM000808,2023-12-10,SALE005345,Paid Repaired
CLM000809,2025-03-08,SALE005347,Completed
CLM000810,2025-12-31,SALE005353,Completed
CLM000811,2021-07-10,SALE005369,Rejected
CLM000812,2025-09-21,SALE005370,Completed
CLM000813,2020-06-16,SALE005393,Pending
CLM000814,2020-10-10,SALE005394,Replaced
CLM000815,2020-05-07,SALE005411,Completed
CLM000816,2024-08-03,SALE005418,Completed
CLM000817,2024-03-28,SALE005419,Rejected
CLM000818,2024-11-01,SALE005421,Pending
CLM000819,2022-05-05,SALE005422,Paid Repaired
CLM000820,2022-09-25,SALE005425,Completed
CLM000821,2025-08-25,SALE005427,Rejected
CLM000822,2021-06-28,SALE005435,Completed
CLM000823,2024-02-07,SALE005443,Replaced
CLM000824,2025-06-26,SALE005446,Rejected
CLM000825,2025-11-22,SALE005451,Completed
CLM000826,2023-10-17,SALE005453,Rejected
CLM000827,2025-05-20,SALE005454,Completed
CLM000828,2020-10-09,SALE005456,Paid Repaired
CLM000829,2024-07-06,SALE005469,Completed
CLM000830,2025-04-14,SALE005476,Completed
CLM000831,2023-12-01,SALE005477,Warranty Void
CLM000832,2025-07-15,SALE005480,Rejected
CLM000833,2022-01-19,SALE005483,Completed
CLM000834,2021-07-07,SALE005491,Completed
CLM000835,2024-02-04,SALE005500,Completed
CLM000836,2022-11-24,SALE005504,Completed
CLM000837,2023-08-24,SALE005511,Completed
CLM000838,2020-11-03,SALE005513,Completed
CLM000839,2023-08-04,SALE005516,Completed
CLM000840,2021-10-22,SALE005517,Completed
CLM000841,2024-11-04,SALE005524,Pending
CLM000842,2025-08-28,SALE005539,Completed
CLM000843,2021-03-11,SALE005568,Replaced
CLM000844,2021-01-02,SALE005569,Completed
CLM000845,2024-09-24,SALE005573,Completed
CLM000846,2020-11-25,SALE005574,Warranty Void
CLM000847,2025-11-27,SALE005584,Warranty Void
CLM000848,2022-11-01,SALE005597,Warranty Void
CLM000849,2020-02-01,SALE005624,Paid Repaired
CLM000850,2025-04-04,SALE005628,Completed
CLM000851,2020-11-09,SALE005649,Completed
CLM000852,2022-03-03,SALE005651,Completed
CLM000853,2023-08-14,SALE005655,Completed
CLM000854,2024-07-19,SALE005656,Completed
CLM000855,2023-02-22,SALE005662,Completed
CLM000856,2025-12-31,SALE005669,Paid Repaired
CLM000857,2022-07-27,SALE005673,Paid Repaired
CLM000858,2025-05-03,SALE005681,Warranty Void
CLM000859,2022-10-21,SALE005696,Completed
CLM000860,2025-04-08,SALE005700,Completed
CLM000861,2023-07-07,SALE005708,Completed
CLM000862,2025-11-02,SALE005728,Paid Repaired
CLM000863,2025-06-14,SALE005729,Completed
CLM000864,2024-01-30,SALE005731,Paid Repaired
CLM000865,2025-05-19,SALE005732,Completed
CLM000866,2024-05-22,SALE005738,Completed
CLM000867,2021-07-22,SALE005742,Pending
CLM000868,2021-06-21,SALE005747,Pending
CLM000869,2025-12-31,SALE005754,Completed
CLM000870,2025-12-29,SALE005755,Completed
CLM000871,2024-08-15,SALE005769,Paid Repaired
CLM000872,2020-11-16,SALE005770,Completed
CLM000873,2021-04-30,SALE005780,Warranty Void
CLM000874,2025-09-30,SALE005787,Completed
CLM000875,2022-08-17,SALE005795,Completed
CLM000876,2022-07-11,SALE005810,Paid Repaired
CLM000877,2024-08-15,SALE005830,Replaced
CLM000878,2020-10-29,SALE005843,Completed
CLM000879,2022-04-13,SALE005850,Warranty Void
CLM000880,2025-05-30,SALE005857,Completed
CLM000881,2021-02-04,SALE005859,Completed
CLM000882,2023-05-31,SALE005863,Completed
CLM000883,2021-12-29,SALE005881,Paid Repaired
CLM000884,2024-12-06,SALE005885,Completed
CLM000885,2024-06-30,SALE005889,Paid Repaired
CLM000886,2021-08-23,SALE005905,Completed
CLM000887,2023-02-22,SALE005919,Replaced
CLM000888,2025-01-03,SALE005928,Paid Repaired
CLM000889,2023-11-06,SALE005931,Completed
CLM000890,2024-03-09,SALE005936,Replaced
CLM000891,2025-10-25,SALE005950,Completed
CLM000892,2024-04-07,SALE005952,Completed
CLM000893,2021-10-07,SALE005967,Paid Repaired
CLM000894,2025-09-26,SALE005973,Completed
CLM000895,2023-02-14,SALE005985,Paid Repaired
CLM000896,2025-04-24,SALE005990,Completed
CLM000897,2025-10-19,SALE005998,Completed
CLM000898,2021-04-02,SALE006003,Completed
CLM000899,2024-09-30,SALE006009,Rejected
CLM000900,2023-04-24,SALE006013,Completed
CLM000901,2021-02-21,SALE006026,Replaced
CLM000902,2024-09-06,SALE006027,Completed
CLM000903,2023-12-13,SALE006029,Completed
CLM000904,2024-07-16,SALE006035,Completed
CLM000905,2021-08-10,SALE006041,Replaced
CLM000906,2023-10-08,SALE006043,Pending
CLM000907,2024-08-22,SALE006047,Pending
CLM000908,2021-02-16,SALE006049,Warranty Void
CLM000909,2025-09-19,SALE006050,Replaced
CLM000910,2025-07-27,SALE006053,Completed
CLM000911,2023-03-14,SALE006072,Pending
CLM000912,2023-12-22,SALE006084,Completed
CLM000913,2021-10-07,SALE006092,Completed
CLM000914,2024-09-18,SALE006103,Completed
CLM000915,2021-09-05,SALE006105,Warranty Void
CLM000916,2021-06-08,SALE006110,Completed
CLM000917,2021-05-18,SALE006121,Pending
CLM000918,2022-08-09,SALE006126,Paid Repaired
CLM000919,2020-08-25,SALE006135,Completed
CLM000920,2024-12-03,SALE006137,Pending
CLM000921,2022-12-23,SALE006144,Warranty Void
CLM000922,2022-10-19,SALE006147,Completed
CLM000923,2024-06-22,SALE006158,Replaced
CLM000924,2024-02-05,SALE006170,Completed
CLM000925,2021-10-22,SALE006183,Replaced
CLM000926,2022-10-20,SALE006186,Completed
CLM000927,2025-12-31,SALE006198,Paid Repaired
CLM000928,2024-04-28,SALE006222,Completed
CLM000929,2022-01-24,SALE006240,Pending
CLM000930,2023-07-16,SALE006250,Completed
CLM000931,2025-08-26,SALE006265,Completed
CLM000932,2023-03-30,SALE006267,Paid Repaired
CLM000933,2022-03-26,SALE006272,Replaced
CLM000934,2024-01-04,SALE006276,Completed
CLM000935,2021-12-27,SALE006277,Paid Repaired
CLM000936,2021-08-04,SALE006278,Rejected
CLM000937,2023-12-25,SALE006280,Completed
CLM000938,2024-10-12,SALE006284,Replaced
CLM000939,2021-07-23,SALE006287,Replaced
CLM000940,2021-07-02,SALE006290,Completed
CLM000941,2025-12-31,SALE006291,Completed
CLM000942,2024-11-06,SALE006292,Pending
CLM000943,2022-02-25,SALE006297,Replaced
CLM000944,2024-03-22,SALE006303,Completed
CLM000945,2023-07-03,SALE006317,Completed
CLM000946,2023-02-03,SALE006318,Paid Repaired
CLM000947,2023-01-13,SALE006326,Paid Repaired
CLM000948,2023-05-28,SALE006330,Completed
CLM000949,2022-12-30,SALE006346,Paid Repaired
CLM000950,2024-09-19,SALE006350,Completed
CLM000951,2025-05-19,SALE006365,Completed
CLM000952,2025-09-24,SALE006371,Replaced
CLM000953,2025-04-06,SALE006373,Completed
CLM000954,2022-11-24,SALE006375,Completed
CLM000955,2025-03-13,SALE006376,Completed
CLM000956,2023-05-08,SALE006379,Completed
CLM000957,2023-04-03,SALE006391,Completed
CLM000958,2022-09-15,SALE006393,Replaced
CLM000959,2025-07-17,SALE006409,Pending
CLM000960,2024-08-11,SALE006410,Replaced
CLM000961,2022-02-21,SALE006416,Rejected
CLM000962,2020-11-17,SALE006419,Paid Repaired
CLM000963,2024-04-03,SALE006428,Replaced
CLM000964,2023-02-02,SALE006431,Replaced
CLM000965,2022-05-16,SALE006438,Completed
CLM000966,2023-09-22,SALE006439,Replaced
CLM000967,2021-04-27,SALE006442,Replaced
CLM000968,2024-11-09,SALE006449,Completed
CLM000969,2021-04-24,SALE006458,Completed
CLM000970,2022-08-06,SALE006476,Completed
CLM000971,2023-01-15,SALE006477,Warranty Void
CLM000972,2023-06-29,SALE006490,Replaced
CLM000973,2022-03-01,SALE006491,Rejected
CLM000974,2025-09-01,SALE006504,Warranty Void
CLM000975,2024-05-07,SALE006505,Completed
CLM000976,2022-02-25,SALE006514,Completed
CLM000977,2022-03-16,SALE006515,Paid Repaired
CLM000978,2022-12-13,SALE006517,Completed
CLM000979,2022-01-24,SALE006518,Paid Repaired
CLM000980,2025-11-22,SALE006524,Paid Repaired
CLM000981,2021-07-20,SALE006533,Completed
CLM000982,2023-12-07,SALE006541,Replaced
CLM000983,2025-03-07,SALE006547,Completed
CLM000984,2023-12-08,SALE006553,Completed
CLM000985,2023-07-03,SALE006557,Completed
CLM000986,2024-04-02,SALE006578,Completed
CLM000987,2025-11-13,SALE006581,Paid Repaired
CLM000988,2025-04-02,SALE006589,Paid Repaired
CLM000989,2024-09-22,SALE006594,Replaced
CLM000990,2025-12-31,SALE006602,Warranty Void
CLM000991,2025-12-31,SALE006603,Completed
CLM000992,2021-01-25,SALE006615,Replaced
CLM000993,2021-06-29,SALE006627,Completed
CLM000994,2022-09-05,SALE006629,Completed
CLM000995,2025-05-07,SALE006633,Completed
CLM000996,2023-03-02,SALE006638,Completed
CLM000997,2025-12-15,SALE006642,Completed
CLM000998,2021-11-01,SALE006657,Replaced
CLM000999,2020-10-29,SALE006663,Replaced
CLM001000,2021-10-02,SALE006674,Replaced
CLM001001,2024-12-16,SALE006676,Completed
CLM001002,2025-01-06,SALE006682,Completed
CLM001003,2025-02-06,SALE006690,Rejected
CLM001004,2025-04-14,SALE006694,Completed
CLM001005,2021-01-22,SALE006696,Paid Repaired
CLM001006,2021-05-05,SALE006699,Completed
CLM001007,2023-04-05,SALE006700,Completed
CLM001008,2023-02-15,SALE006706,Rejected
CLM001009,2025-01-26,SALE006707,Completed
CLM001010,2025-01-31,SALE006714,Replaced
CLM001011,2024-07-02,SALE006739,Completed
CLM001012,2025-12-31,SALE006741,Pending
CLM001013,2025-09-10,SALE006748,Completed
CLM001014,2024-06-27,SALE006753,Completed
CLM001015,2023-05-06,SALE006765,Replaced
CLM001016,2024-07-15,SALE006770,Completed
CLM001017,2023-11-13,SALE006775,Paid Repaired
CLM001018,2024-01-20,SALE006777,Completed
CLM001019,2025-10-12,SALE006779,Completed
CLM001020,2021-10-03,SALE006784,Completed
CLM001021,2024-01-15,SALE006790,Completed
CLM001022,2023-01-28,SALE006791,Completed
CLM001023,2023-05-09,SALE006792,Pending
CLM001024,2022-12-23,SALE006793,Rejected
CLM001025,2020-11-12,SALE006796,Completed
CLM001026,2022-12-16,SALE006808,Paid Repaired
CLM001027,2025-07-21,SALE006809,Completed
CLM001028,2022-02-23,SALE006810,Completed
CLM001029,2025-07-14,SALE006821,Paid Repaired
CLM001030,2024-04-14,SALE006825,Completed
CLM001031,2021-04-14,SALE006828,Completed
CLM001032,2023-08-17,SALE006830,Completed
CLM001033,2022-06-03,SALE006835,Completed
CLM001034,2021-09-26,SALE006836,Pending
CLM001035,2024-05-09,SALE006837,Paid Repaired
CLM001036,2022-01-27,SALE006838,Completed
CLM001037,2022-04-06,SALE006842,Completed
CLM001038,2024-05-24,SALE006845,Completed
CLM001039,2022-10-18,SALE006847,Replaced
CLM001040,2021-09-13,SALE006854,Replaced
CLM001041,2025-11-25,SALE006865,Replaced
CLM001042,2021-10-12,SALE006871,Replaced
CLM001043,2021-09-11,SALE006896,Completed
CLM001044,2025-01-05,SALE006902,Completed
CLM001045,2023-10-31,SALE006914,Warranty Void
CLM001046,2025-11-11,SALE006918,Pending
CLM001047,2022-07-23,SALE006940,Completed
CLM001048,2025-11-17,SALE006942,Completed
CLM001049,2022-08-10,SALE006946,Replaced
CLM001050,2022-05-07,SALE006952,Completed
CLM001051,2022-07-28,SALE006957,Warranty Void
CLM001052,2025-12-31,SALE006959,Warranty Void
CLM001053,2024-09-20,SALE006962,Completed
CLM001054,2023-05-18,SALE006963,Paid Repaired
CLM001055,2025-01-22,SALE006964,Pending
CLM001056,2025-12-31,SALE006973,Completed
CLM001057,2025-02-28,SALE006976,Rejected
CLM001058,2022-05-28,SALE006984,Pending
CLM001059,2022-05-19,SALE007002,Completed
CLM001060,2023-01-08,SALE007008,Completed
CLM001061,2022-06-25,SALE007016,Completed
CLM001062,2022-09-21,SALE007059,Completed
CLM001063,2023-11-16,SALE007060,Replaced
CLM001064,2022-11-04,SALE007076,Completed
CLM001065,2020-07-05,SALE007082,Replaced
CLM001066,2020-10-31,SALE007102,Replaced
CLM001067,2024-04-03,SALE007105,Replaced
CLM001068,2022-08-13,SALE007106,Completed
CLM001069,2021-03-11,SALE007110,Warranty Void
CLM001070,2024-03-17,SALE007116,Completed
CLM001071,2024-08-14,SALE007119,Warranty Void
CLM001072,2021-08-24,SALE007120,Completed
CLM001073,2025-01-15,SALE007128,Completed
CLM001074,2023-11-15,SALE007133,Pending
CLM001075,2023-10-29,SALE007134,Completed
CLM001076,2022-02-14,SALE007139,Replaced
CLM001077,2022-04-01,SALE007143,Rejected
CLM001078,2023-06-16,SALE007157,Rejected
CLM001079,2024-04-14,SALE007163,Completed
CLM001080,2023-04-06,SALE007180,Paid Repaired
CLM001081,2023-03-31,SALE007186,Warranty Void
CLM001082,2022-05-24,SALE007211,Rejected
CLM001083,2022-10-07,SALE007219,Pending
CLM001084,2022-10-10,SALE007222,Completed
CLM001085,2023-01-18,SALE007223,Replaced
CLM001086,2024-04-18,SALE007250,Completed
CLM001087,2022-10-21,SALE007253,Paid Repaired
CLM001088,2021-07-07,SALE007258,Pending
CLM001089,2024-10-13,SALE007273,Replaced
CLM001090,2024-08-27,SALE007274,Replaced
CLM001091,2024-04-16,SALE007291,Completed
CLM001092,2020-03-29,SALE007300,Completed
CLM001093,2023-03-22,SALE007301,Completed
CLM001094,2024-10-06,SALE007308,Replaced
CLM001095,2022-09-19,SALE007311,Replaced
CLM001096,2025-04-19,SALE007312,Paid Repaired
CLM001097,2020-12-13,SALE007340,Completed
CLM001098,2024-04-12,SALE007341,Completed
CLM001099,2022-12-25,SALE007354,Paid Repaired
CLM001100,2022-11-10,SALE007364,Completed
CLM001101,2024-12-09,SALE007371,Replaced
CLM001102,2020-10-30,SALE007379,Completed
CLM001103,2021-02-26,SALE007384,Warranty Void
CLM001104,2023-04-03,SALE007392,Replaced
CLM001105,2021-02-26,SALE007393,Completed
CLM001106,2025-07-09,SALE007397,Paid Repaired
CLM001107,2021-02-22,SALE007406,Rejected
CLM001108,2024-06-24,SALE007414,Completed
CLM001109,2022-05-19,SALE007418,Paid Repaired
CLM001110,2021-08-25,SALE007420,Replaced
CLM001111,2024-04-23,SALE007421,Replaced
CLM001112,2021-04-12,SALE007424,Paid Repaired
CLM001113,2022-04-26,SALE007427,Completed
CLM001114,2022-05-19,SALE007462,Completed
CLM001115,2025-02-24,SALE007466,Replaced
CLM001116,2023-08-14,SALE007468,Completed
CLM001117,2025-05-29,SALE007475,Completed
CLM001118,2024-08-10,SALE007484,Paid Repaired
CLM001119,2022-07-23,SALE007492,Completed
CLM001120,2024-10-25,SALE007500,Replaced
CLM001121,2021-01-21,SALE007503,Pending
CLM001122,2025-10-26,SALE007545,Completed
CLM001123,2024-12-10,SALE007547,Completed
CLM001124,2023-01-04,SALE007550,Completed
CLM001125,2024-03-22,SALE007556,Paid Repaired
CLM001126,2024-07-06,SALE007562,Replaced
CLM001127,2021-04-09,SALE007565,Completed
CLM001128,2023-04-06,SALE007571,Replaced
CLM001129,2025-06-28,SALE007584,Completed
CLM001130,2022-03-09,SALE007590,Completed
CLM001131,2022-02-17,SALE007596,Pending
CLM001132,2021-07-24,SALE007603,Completed
CLM001133,2021-11-09,SALE007606,Replaced
CLM001134,2024-11-08,SALE007616,Completed
CLM001135,2025-12-06,SALE007619,Pending
CLM001136,2025-07-30,SALE007645,Completed
CLM001137,2021-12-16,SALE007653,Warranty Void
CLM001138,2021-08-20,SALE007656,Completed
CLM001139,2022-02-06,SALE007662,Pending
CLM001140,2025-01-17,SALE007666,Pending
CLM001141,2021-04-03,SALE007674,Replaced
CLM001142,2021-04-14,SALE007677,Completed
CLM001143,2024-08-05,SALE007685,Paid Repaired
CLM001144,2021-07-24,SALE007687,Warranty Void
CLM001145,2021-08-30,SALE007703,Paid Repaired
CLM001146,2023-03-12,SALE007710,Completed
CLM001147,2025-01-14,SALE007730,Paid Repaired
CLM001148,2024-10-31,SALE007743,Pending
CLM001149,2022-04-25,SALE007752,Completed
CLM001150,2023-10-31,SALE007760,Completed
CLM001151,2025-10-02,SALE007770,Paid Repaired
CLM001152,2023-02-21,SALE007778,Rejected
CLM001153,2023-09-13,SALE007785,Completed
CLM001154,2021-12-24,SALE007789,Completed
CLM001155,2022-04-17,SALE007798,Paid Repaired
CLM001156,2020-11-25,SALE007806,Completed
CLM001157,2025-07-24,SALE007812,Completed
CLM001158,2021-12-08,SALE007814,Replaced
CLM001159,2021-03-04,SALE007820,Completed
CLM001160,2025-03-27,SALE007823,Completed
CLM001161,2023-11-24,SALE007826,Completed
CLM001162,2023-03-23,SALE007829,Replaced
CLM001163,2025-10-05,SALE007839,Pending
CLM001164,2023-08-10,SALE007840,Pending
CLM001165,2025-04-10,SALE007842,Replaced
CLM001166,2024-01-01,SALE007858,Pending
CLM001167,2021-08-17,SALE007861,Pending
CLM001168,2024-05-03,SALE007867,Paid Repaired
CLM001169,2024-12-01,SALE007872,Replaced
CLM001170,2025-11-30,SALE007873,Completed
CLM001171,2023-04-07,SALE007892,Completed
CLM001172,2022-11-26,SALE007893,Warranty Void
CLM001173,2021-06-10,SALE007896,Completed
CLM001174,2023-08-16,SALE007902,Completed
CLM001175,2023-03-13,SALE007904,Completed
CLM001176,2022-05-23,SALE007916,Completed
CLM001177,2021-09-08,SALE007918,Pending
CLM001178,2023-12-21,SALE007926,Completed
CLM001179,2023-07-09,SALE007946,Rejected
CLM001180,2022-07-12,SALE007947,Replaced
CLM001181,2020-05-25,SALE007953,Completed
CLM001182,2025-11-07,SALE007958,Replaced
CLM001183,2021-05-18,SALE007963,Completed
CLM001184,2025-08-31,SALE007964,Completed
CLM001185,2021-07-07,SALE007969,Rejected
CLM001186,2023-04-02,SALE007973,Pending
CLM001187,2025-12-31,SALE007975,Completed
CLM001188,2025-12-31,SALE007990,Warranty Void
CLM001189,2025-12-31,SALE007996,Completed
CLM001190,2024-05-23,SALE008000,Completed
CLM001191,2025-12-25,SALE008005,Completed
CLM001192,2025-11-25,SALE008022,Warranty Void
CLM001193,2025-06-21,SALE008032,Completed
CLM001194,2022-08-04,SALE008036,Paid Repaired
CLM001195,2021-12-10,SALE008037,Replaced
CLM001196,2021-11-22,SALE008048,Replaced
CLM001197,2022-11-11,SALE008052,Rejected
CLM001198,2021-03-09,SALE008066,Completed
CLM001199,2021-01-26,SALE008071,Pending
CLM001200,2024-06-17,SALE008074,Warranty Void
CLM001201,2021-05-03,SALE008096,Completed
CLM001202,2024-07-27,SALE008099,Paid Repaired
CLM001203,2022-03-20,SALE008103,Paid Repaired
CLM001204,2025-12-31,SALE008127,Pending
CLM001205,2021-07-06,SALE008129,Completed
CLM001206,2025-04-24,SALE008130,Pending
CLM001207,2023-07-25,SALE008153,Completed
CLM001208,2022-05-02,SALE008165,Replaced
CLM001209,2025-12-31,SALE008170,Pending
CLM001210,2021-08-18,SALE008175,Completed
CLM001211,2022-06-21,SALE008177,Pending
CLM001212,2020-07-21,SALE008182,Replaced
CLM001213,2024-02-07,SALE008184,Pending
CLM001214,2025-06-18,SALE008187,Completed
CLM001215,2021-07-24,SALE008194,Paid Repaired
CLM001216,2022-07-02,SALE008202,Completed
CLM001217,2024-08-30,SALE008209,Completed
CLM001218,2024-08-29,SALE008210,Warranty Void
CLM001219,2021-03-05,SALE008211,Completed
CLM001220,2022-02-22,SALE008224,Completed
CLM001221,2022-07-16,SALE008226,Replaced
CLM001222,2025-03-12,SALE008231,Pending
CLM001223,2025-12-31,SALE008232,Warranty Void
CLM001224,2024-11-12,SALE008233,Completed
CLM001225,2022-05-23,SALE008238,Completed
CLM001226,2023-05-09,SALE008243,Completed
CLM001227,2023-04-13,SALE008254,Replaced
CLM001228,2025-07-15,SALE008259,Completed
CLM001229,2020-12-18,SALE008273,Replaced
CLM001230,2022-10-17,SALE008274,Completed
CLM001231,2024-01-04,SALE008283,Completed
CLM001232,2023-04-28,SALE008290,Paid Repaired
CLM001233,2023-12-10,SALE008294,Paid Repaired
CLM001234,2021-05-06,SALE008308,Paid Repaired
CLM001235,2020-05-16,SALE008310,Replaced
CLM001236,2022-03-22,SALE008335,Completed
CLM001237,2022-12-30,SALE008337,Completed
CLM001238,2022-02-05,SALE008350,Completed
CLM001239,2023-05-31,SALE008358,Replaced
CLM001240,2025-01-25,SALE008384,Completed
CLM001241,2021-03-10,SALE008391,Completed
CLM001242,2022-09-15,SALE008392,Completed
CLM001243,2021-08-12,SALE008398,Replaced
CLM001244,2024-11-21,SALE008400,Completed
CLM001245,2024-07-11,SALE008408,Pending
CLM001246,2025-10-20,SALE008409,Rejected
CLM001247,2023-10-26,SALE008411,Completed
CLM001248,2024-10-05,SALE008428,Pending
CLM001249,2022-10-09,SALE008430,Completed
CLM001250,2025-07-26,SALE008441,Pending
CLM001251,2024-12-17,SALE008458,Warranty Void
CLM001252,2025-12-31,SALE008465,Paid Repaired
CLM001253,2023-09-07,SALE008467,Completed
CLM001254,2025-12-22,SALE008473,Pending
CLM001255,2025-08-02,SALE008477,Completed
CLM001256,2025-12-31,SALE008497,Replaced
CLM001257,2025-07-01,SALE008503,Completed
CLM001258,2025-10-01,SALE008504,Rejected
CLM001259,2025-01-09,SALE008516,Replaced
CLM001260,2021-02-19,SALE008527,Completed
CLM001261,2025-08-06,SALE008531,Completed
CLM001262,2022-02-09,SALE008552,Completed
CLM001263,2022-06-04,SALE008556,Completed
CLM001264,2022-01-05,SALE008560,Completed
CLM001265,2025-09-10,SALE008561,Completed
CLM001266,2021-07-31,SALE008563,Replaced
CLM001267,2021-08-08,SALE008593,Pending
CLM001268,2023-02-09,SALE008594,Completed
CLM001269,2022-10-14,SALE008606,Completed
CLM001270,2021-01-29,SALE008610,Paid Repaired
CLM001271,2024-03-08,SALE008613,Rejected
CLM001272,2023-07-24,SALE008618,Pending
CLM001273,2022-08-15,SALE008622,Completed
CLM001274,2025-12-31,SALE008638,Completed
CLM001275,2022-02-12,SALE008640,Rejected
CLM001276,2022-08-19,SALE008642,Warranty Void
CLM001277,2022-11-07,SALE008646,Replaced
CLM001278,2024-10-01,SALE008664,Paid Repaired
CLM001279,2025-09-13,SALE008668,Completed
CLM001280,2023-03-09,SALE008671,Completed
CLM001281,2025-09-04,SALE008680,Completed
CLM001282,2025-12-03,SALE008688,Completed
CLM001283,2022-08-11,SALE008716,Replaced
CLM001284,2022-12-26,SALE008724,Completed
CLM001285,2022-01-20,SALE008738,Completed
CLM001286,2024-02-05,SALE008742,Pending
CLM001287,2022-01-29,SALE008744,Completed
CLM001288,2020-10-03,SALE008751,Pending
CLM001289,2024-09-11,SALE008758,Pending
CLM001290,2023-01-17,SALE008765,Completed
CLM001291,2022-09-23,SALE008767,Completed
CLM001292,2023-09-19,SALE008770,Paid Repaired
CLM001293,2023-07-29,SALE008771,Warranty Void
CLM001294,2023-06-18,SALE008773,Completed
CLM001295,2021-02-28,SALE008775,Completed
CLM001296,2021-08-19,SALE008777,Rejected
CLM001297,2024-08-12,SALE008781,Rejected
CLM001298,2021-03-14,SALE008783,Pending
CLM001299,2025-09-04,SALE008786,Paid Repaired
CLM001300,2025-12-26,SALE008793,Completed
CLM001301,2025-01-07,SALE008794,Completed
CLM001302,2023-04-25,SALE008803,Replaced
CLM001303,2023-11-03,SALE008812,Completed
CLM001304,2021-11-29,SALE008831,Paid Repaired
CLM001305,2024-05-12,SALE008832,Completed
CLM001306,2021-03-01,SALE008833,Paid Repaired
CLM001307,2024-07-15,SALE008843,Completed
CLM001308,2022-07-30,SALE008858,Paid Repaired
CLM001309,2025-05-17,SALE008859,Completed
CLM001310,2022-09-09,SALE008865,Completed
CLM001311,2023-04-08,SALE008880,Completed
CLM001312,2022-04-27,SALE008887,Paid Repaired
CLM001313,2025-06-15,SALE008892,Completed
CLM001314,2021-12-22,SALE008896,Completed
CLM001315,2024-10-25,SALE008900,Completed
CLM001316,2025-03-10,SALE008906,Rejected
CLM001317,2022-02-02,SALE008913,Paid Repaired
CLM001318,2022-12-06,SALE008929,Replaced
CLM001319,2021-04-05,SALE008940,Replaced
CLM001320,2021-11-18,SALE008943,Completed
CLM001321,2025-06-13,SALE008945,Replaced
CLM001322,2023-01-29,SALE008962,Paid Repaired
CLM001323,2025-12-31,SALE008967,Warranty Void
CLM001324,2021-09-18,SALE008975,Replaced
CLM001325,2024-03-15,SALE008984,Paid Repaired
CLM001326,2021-12-15,SALE008989,Pending
CLM001327,2022-03-13,SALE009001,Completed
CLM001328,2021-08-05,SALE009003,Completed
CLM001329,2025-04-28,SALE009017,Paid Repaired
CLM001330,2023-03-04,SALE009028,Pending
CLM001331,2023-12-12,SALE009047,Replaced
CLM001332,2024-04-14,SALE009050,Replaced
CLM001333,2024-03-04,SALE009062,Paid Repaired
CLM001334,2022-05-06,SALE009063,Completed
CLM001335,2023-09-25,SALE009084,Paid Repaired
CLM001336,2025-06-23,SALE009087,Paid Repaired
CLM001337,2025-02-22,SALE009090,Replaced
CLM001338,2021-07-30,SALE009091,Rejected
CLM001339,2022-10-28,SALE009096,Completed
CLM001340,2023-11-23,SALE009113,Warranty Void
CLM001341,2022-05-02,SALE009114,Completed
CLM001342,2023-05-13,SALE009122,Rejected
CLM001343,2025-03-07,SALE009136,Replaced
CLM001344,2022-07-03,SALE009140,Completed
CLM001345,2022-12-16,SALE009153,Completed
CLM001346,2024-10-11,SALE009155,Replaced
CLM001347,2021-07-04,SALE009161,Warranty Void
CLM001348,2021-09-08,SALE009163,Paid Repaired
CLM001349,2025-03-22,SALE009167,Completed
CLM001350,2022-11-25,SALE009173,Completed
CLM001351,2020-07-30,SALE009178,Completed
CLM001352,2022-08-25,SALE009181,Warranty Void
CLM001353,2025-01-17,SALE009182,Completed
CLM001354,2024-10-21,SALE009196,Warranty Void
CLM001355,2024-10-17,SALE009203,Paid Repaired
CLM001356,2025-07-14,SALE009220,Completed
CLM001357,2024-07-23,SALE009234,Pending
CLM001358,2022-09-11,SALE009242,Completed
CLM001359,2021-09-17,SALE009297,Pending
CLM001360,2024-07-10,SALE009300,Paid Repaired
CLM001361,2023-02-26,SALE009302,Warranty Void
CLM001362,2024-02-03,SALE009333,Completed
CLM001363,2021-04-19,SALE009350,Warranty Void
CLM001364,2024-10-07,SALE009357,Replaced
CLM001365,2023-02-18,SALE009366,Pending
CLM001366,2024-10-27,SALE009368,Completed
CLM001367,2024-01-18,SALE009371,Replaced
CLM001368,2023-09-12,SALE009384,Completed
CLM001369,2025-12-19,SALE009389,Pending
CLM001370,2025-11-22,SALE009390,Replaced
CLM001371,2021-03-31,SALE009392,Paid Repaired
CLM001372,2024-12-31,SALE009400,Completed
CLM001373,2023-06-14,SALE009403,Paid Repaired
CLM001374,2021-06-22,SALE009408,Warranty Void
CLM001375,2022-05-18,SALE009410,Rejected
CLM001376,2025-03-27,SALE009439,Completed
CLM001377,2022-07-13,SALE009462,Paid Repaired
CLM001378,2023-01-15,SALE009471,Completed
CLM001379,2025-12-15,SALE009481,Paid Repaired
CLM001380,2021-05-08,SALE009483,Completed
CLM001381,2022-10-09,SALE009511,Completed
CLM001382,2024-02-08,SALE009525,Completed
CLM001383,2022-03-13,SALE009528,Replaced
CLM001384,2021-04-10,SALE009529,Paid Repaired
CLM001385,2021-04-01,SALE009543,Completed
CLM001386,2023-04-04,SALE009565,Completed
CLM001387,2022-08-08,SALE009568,Rejected
CLM001388,2021-03-14,SALE009572,Replaced
CLM001389,2024-01-16,SALE009573,Completed
CLM001390,2023-06-30,SALE009578,Replaced
CLM001391,2025-03-17,SALE009584,Rejected
CLM001392,2024-09-15,SALE009588,Completed
CLM001393,2025-01-04,SALE009592,Completed
CLM001394,2023-02-27,SALE009606,Warranty Void
CLM001395,2023-02-12,SALE009625,Completed
CLM001396,2023-06-23,SALE009626,Paid Repaired
CLM001397,2021-08-26,SALE009646,Replaced
CLM001398,2023-08-31,SALE009657,Completed
CLM001399,2020-09-30,SALE009661,Pending
CLM001400,2024-09-05,SALE009673,Replaced
CLM001401,2022-02-22,SALE009674,Completed
CLM001402,2024-01-05,SALE009686,Completed
CLM001403,2023-07-15,SALE009700,Replaced
CLM001404,2023-01-22,SALE009712,Completed
CLM001405,2025-11-27,SALE009722,Completed
CLM001406,2025-01-18,SALE009725,Completed
CLM001407,2025-09-02,SALE009726,Rejected
CLM001408,2023-01-25,SALE009728,Completed
CLM001409,2024-09-07,SALE009729,Replaced
CLM001410,2022-08-06,SALE009731,Completed
CLM001411,2022-07-19,SALE009741,Warranty Void
CLM001412,2022-07-02,SALE009744,Completed
CLM001413,2025-07-20,SALE009751,Paid Repaired
CLM001414,2020-06-29,SALE009757,Rejected
CLM001415,2022-12-17,SALE009759,Rejected
CLM001416,2023-07-08,SALE009762,Warranty Void
CLM001417,2024-04-30,SALE009768,Completed
CLM001418,2025-12-31,SALE009773,Completed
CLM001419,2020-07-30,SALE009778,Warranty Void
CLM001420,2025-12-31,SALE009785,Completed
CLM001421,2022-05-27,SALE009786,Replaced
CLM001422,2021-08-10,SALE009788,Pending
CLM001423,2025-08-06,SALE009789,Replaced
CLM001424,2021-12-21,SALE009790,Pending
CLM001425,2022-10-24,SALE009791,Completed
CLM001426,2024-06-05,SALE009793,Replaced
CLM001427,2023-11-24,SALE009802,Replaced
CLM001428,2025-10-27,SALE009804,Completed
CLM001429,2025-12-31,SALE009808,Completed
CLM001430,2025-03-14,SALE009810,Paid Repaired
CLM001431,2021-10-14,SALE009821,Completed
CLM001432,2024-10-14,SALE009827,Completed
CLM001433,2021-07-06,SALE009828,Paid Repaired
CLM001434,2024-01-21,SALE009834,Completed
CLM001435,2021-08-23,SALE009835,Pending
CLM001436,2025-04-20,SALE009836,Completed
CLM001437,2022-06-24,SALE009850,Rejected
CLM001438,2024-12-29,SALE009868,Completed
CLM001439,2024-04-20,SALE009872,Completed
CLM001440,2022-04-14,SALE009881,Warranty Void
CLM001441,2024-05-12,SALE009885,Warranty Void
CLM001442,2025-12-31,SALE009893,Completed
CLM001443,2022-07-31,SALE009897,Pending
CLM001444,2021-10-18,SALE009908,Completed
CLM001445,2023-03-10,SALE009909,Completed
CLM001446,2025-11-17,SALE009919,Replaced
CLM001447,2021-08-12,SALE009923,Completed
CLM001448,2023-12-11,SALE009924,Paid Repaired
CLM001449,2024-10-28,SALE009926,Completed
CLM001450,2024-12-06,SALE009943,Paid Repaired
CLM001451,2023-03-23,SALE009962,Completed
CLM001452,2023-08-21,SALE009967,Pending
CLM001453,2021-05-11,SALE009977,Replaced
CLM001454,2023-04-20,SALE009983,Completed
CLM001455,2025-06-03,SALE009991,Rejected
CLM001456,2025-06-26,SALE009992,Completed
CLM001457,2021-08-02,SALE009994,Paid Repaired
CLM001458,2023-11-30,SALE010002,Completed
CLM001459,2025-02-04,SALE010005,Warranty Void
CLM001460,2023-05-18,SALE010010,Pending
CLM001461,2024-05-16,SALE010013,Pending
CLM001462,2021-12-05,SALE010021,Paid Repaired
CLM001463,2020-06-08,SALE010033,Completed
CLM001464,2023-01-22,SALE010048,Pending
CLM001465,2024-11-21,SALE010059,Paid Repaired
CLM001466,2023-06-27,SALE010070,Completed
CLM001467,2024-08-27,SALE010075,Pending
CLM001468,2025-07-22,SALE010077,Completed
CLM001469,2023-05-03,SALE010080,Completed
CLM001470,2024-12-06,SALE010084,Paid Repaired
CLM001471,2021-11-10,SALE010085,Replaced
CLM001472,2023-11-16,SALE010095,Completed
CLM001473,2024-12-11,SALE010100,Completed
CLM001474,2021-07-28,SALE010121,Replaced
CLM001475,2022-01-06,SALE010129,Completed
CLM001476,2025-06-06,SALE010134,Paid Repaired
CLM001477,2023-12-15,SALE010143,Pending
CLM001478,2022-09-03,SALE010151,Paid Repaired
CLM001479,2023-12-10,SALE010158,Warranty Void
CLM001480,2023-09-03,SALE010160,Replaced
CLM001481,2022-09-28,SALE010162,Completed
CLM001482,2020-12-25,SALE010169,Pending
CLM001483,2024-04-04,SALE010171,Completed
CLM001484,2025-07-28,SALE010174,Warranty Void
CLM001485,2020-11-08,SALE010185,Replaced
CLM001486,2025-03-20,SALE010187,Warranty Void
CLM001487,2025-12-31,SALE010193,Completed
CLM001488,2024-02-03,SALE010196,Rejected
CLM001489,2025-08-20,SALE010214,Completed
CLM001490,2021-06-01,SALE010215,Replaced
CLM001491,2021-02-15,SALE010216,Completed
CLM001492,2022-04-28,SALE010219,Completed
CLM001493,2021-05-20,SALE010224,Warranty Void
CLM001494,2025-07-06,SALE010234,Warranty Void
CLM001495,2024-12-06,SALE010238,Completed
CLM001496,2020-09-03,SALE010248,Replaced
CLM001497,2022-11-13,SALE010252,Completed
CLM001498,2024-11-22,SALE010260,Pending
CLM001499,2020-07-15,SALE010271,Replaced
CLM001500,2024-10-17,SALE010273,Completed
CLM001501,2023-03-30,SALE010275,Replaced
CLM001502,2023-02-17,SALE010276,Paid Repaired
CLM001503,2022-11-21,SALE010282,Replaced
CLM001504,2021-12-01,SALE010287,Completed
CLM001505,2023-02-23,SALE010293,Completed
CLM001506,2025-08-21,SALE010294,Completed
CLM001507,2025-08-14,SALE010295,Completed
CLM001508,2021-09-03,SALE010299,Completed
CLM001509,2021-06-15,SALE010309,Paid Repaired
CLM001510,2023-01-24,SALE010316,Pending
CLM001511,2024-08-18,SALE010323,Completed
CLM001512,2023-10-30,SALE010324,Completed
CLM001513,2023-02-27,SALE010342,Completed
CLM001514,2021-05-13,SALE010349,Paid Repaired
CLM001515,2021-03-05,SALE010351,Completed
CLM001516,2025-12-31,SALE010368,Completed
CLM001517,2025-11-28,SALE010372,Pending
CLM001518,2022-06-16,SALE010374,Rejected
CLM001519,2023-08-30,SALE010427,Pending
CLM001520,2025-03-25,SALE010434,Completed
CLM001521,2023-07-11,SALE010438,Completed
CLM001522,2023-07-22,SALE010439,Rejected
CLM001523,2022-01-30,SALE010444,Replaced
CLM001524,2024-10-17,SALE010449,Completed
CLM001525,2025-04-26,SALE010454,Completed
CLM001526,2023-05-23,SALE010455,Paid Repaired
CLM001527,2025-02-03,SALE010459,Completed
CLM001528,2023-04-09,SALE010462,Completed
CLM001529,2023-04-29,SALE010484,Rejected
CLM001530,2022-10-23,SALE010487,Completed
CLM001531,2024-05-13,SALE010493,Completed
CLM001532,2022-10-21,SALE010498,Warranty Void
CLM001533,2025-02-04,SALE010502,Replaced
CLM001534,2025-06-19,SALE010506,Pending
CLM001535,2021-02-06,SALE010511,Completed
CLM001536,2023-02-04,SALE010519,Completed
CLM001537,2025-01-12,SALE010523,Completed
CLM001538,2021-10-08,SALE010524,Replaced
CLM001539,2025-01-21,SALE010543,Replaced
CLM001540,2022-02-16,SALE010544,Replaced
CLM001541,2023-03-08,SALE010550,Paid Repaired
CLM001542,2023-01-14,SALE010552,Completed
CLM001543,2021-10-04,SALE010559,Completed
CLM001544,2024-05-27,SALE010574,Paid Repaired
CLM001545,2021-02-08,SALE010576,Completed
CLM001546,2025-03-29,SALE010603,Completed
CLM001547,2025-03-20,SALE010610,Completed
CLM001548,2021-10-24,SALE010622,Rejected
CLM001549,2022-11-03,SALE010625,Replaced
CLM001550,2022-12-29,SALE010632,Completed
CLM001551,2022-09-12,SALE010634,Pending
CLM001552,2025-12-31,SALE010640,Replaced
CLM001553,2024-12-09,SALE010642,Completed
CLM001554,2023-07-16,SALE010644,Pending
CLM001555,2023-02-16,SALE010647,Paid Repaired
CLM001556,2021-01-09,SALE010657,Paid Repaired
CLM001557,2024-08-15,SALE010665,Replaced
CLM001558,2022-03-12,SALE010667,Completed
CLM001559,2025-05-27,SALE010684,Pending
CLM001560,2022-10-06,SALE010700,Replaced
CLM001561,2020-07-06,SALE010710,Replaced
CLM001562,2022-07-17,SALE010711,Completed
CLM001563,2025-12-31,SALE010717,Paid Repaired
CLM001564,2025-12-31,SALE010720,Completed
CLM001565,2023-10-18,SALE010722,Completed
CLM001566,2025-07-02,SALE010723,Pending
CLM001567,2024-03-26,SALE010730,Completed
CLM001568,2021-06-03,SALE010731,Replaced
CLM001569,2024-11-10,SALE010734,Replaced
CLM001570,2022-05-13,SALE010738,Warranty Void
CLM001571,2024-06-01,SALE010740,Paid Repaired
CLM001572,2020-03-20,SALE010753,Paid Repaired
CLM001573,2023-02-07,SALE010760,Rejected
CLM001574,2022-11-12,SALE010770,Completed
CLM001575,2022-12-18,SALE010774,Completed
CLM001576,2024-07-10,SALE010791,Completed
CLM001577,2022-02-19,SALE010792,Replaced
CLM001578,2025-12-10,SALE010799,Completed
CLM001579,2024-07-17,SALE010801,Completed
CLM001580,2025-04-12,SALE010806,Replaced
CLM001581,2021-07-26,SALE010810,Paid Repaired
CLM001582,2023-11-27,SALE010816,Paid Repaired
CLM001583,2021-10-20,SALE010822,Completed
CLM001584,2022-01-23,SALE010825,Completed
CLM001585,2024-06-08,SALE010835,Rejected
CLM001586,2021-08-03,SALE010853,Pending
CLM001587,2025-12-31,SALE010854,Completed
CLM001588,2022-12-14,SALE010871,Completed
CLM001589,2023-01-17,SALE010880,Completed
CLM001590,2023-11-30,SALE010883,Completed
CLM001591,2021-04-27,SALE010885,Paid Repaired
CLM001592,2023-07-16,SALE010894,Completed
CLM001593,2022-12-23,SALE010897,Completed
CLM001594,2025-12-31,SALE010907,Replaced
CLM001595,2022-12-11,SALE010915,Pending
CLM001596,2024-05-12,SALE010921,Rejected
CLM001597,2025-09-23,SALE010922,Paid Repaired
CLM001598,2025-07-23,SALE010923,Replaced
CLM001599,2023-03-11,SALE010924,Replaced
CLM001600,2024-11-04,SALE010936,Pending
CLM001601,2024-01-17,SALE010937,Completed
CLM001602,2024-05-15,SALE010948,Replaced
CLM001603,2022-03-16,SALE010960,Completed
CLM001604,2023-07-15,SALE010969,Replaced
CLM001605,2023-10-29,SALE010976,Warranty Void
CLM001606,2022-02-27,SALE010983,Pending
CLM001607,2023-06-24,SALE011000,Completed
CLM001608,2022-06-17,SALE011003,Warranty Void
CLM001609,2023-03-17,SALE011010,Pending
CLM001610,2022-12-03,SALE011013,Completed
CLM001611,2024-04-08,SALE011030,Replaced
CLM001612,2023-03-20,SALE011041,Completed
CLM001613,2024-01-14,SALE011058,Paid Repaired
CLM001614,2022-10-03,SALE011061,Replaced
CLM001615,2021-05-20,SALE011065,Completed
CLM001616,2025-04-09,SALE011070,Replaced
CLM001617,2024-07-17,SALE011083,Paid Repaired
CLM001618,2021-06-17,SALE011089,Completed
CLM001619,2023-05-29,SALE011096,Completed
CLM001620,2022-04-29,SALE011099,Replaced
CLM001621,2023-03-06,SALE011101,Paid Repaired
CLM001622,2023-10-16,SALE011112,Paid Repaired
CLM001623,2023-01-31,SALE011113,Completed
CLM001624,2022-11-12,SALE011117,Completed
CLM001625,2021-10-02,SALE011123,Completed
CLM001626,2021-04-01,SALE011124,Completed
CLM001627,2023-11-21,SALE011130,Completed
CLM001628,2022-10-29,SALE011138,Completed
CLM001629,2022-06-24,SALE011141,Completed
CLM001630,2022-02-21,SALE011144,Replaced
CLM001631,2025-12-21,SALE011146,Warranty Void
CLM001632,2021-02-27,SALE011152,Completed
CLM001633,2023-08-16,SALE011155,Replaced
CLM001634,2022-02-01,SALE011166,Completed
CLM001635,2023-04-18,SALE011173,Completed
CLM001636,2022-03-05,SALE011194,Completed
CLM001637,2021-02-08,SALE011206,Completed
CLM001638,2021-09-20,SALE011207,Replaced
CLM001639,2023-03-05,SALE011209,Replaced
CLM001640,2025-03-27,SALE011227,Completed
CLM001641,2022-11-18,SALE011231,Warranty Void
CLM001642,2023-10-29,SALE011236,Pending
CLM001643,2023-08-08,SALE011250,Warranty Void
CLM001644,2022-07-30,SALE011251,Replaced
CLM001645,2024-12-24,SALE011255,Completed
CLM001646,2021-06-08,SALE011256,Completed
CLM001647,2025-02-17,SALE011274,Completed
CLM001648,2024-06-01,SALE011279,Completed
CLM001649,2022-05-08,SALE011286,Paid Repaired
CLM001650,2021-01-12,SALE011292,Completed
CLM001651,2024-11-07,SALE011294,Completed
CLM001652,2024-09-05,SALE011300,Completed
CLM001653,2025-10-24,SALE011303,Replaced
CLM001654,2024-09-23,SALE011314,Replaced
CLM001655,2021-04-22,SALE011319,Completed
CLM001656,2020-10-23,SALE011328,Completed
CLM001657,2021-06-17,SALE011334,Completed
CLM001658,2024-11-26,SALE011343,Replaced
CLM001659,2024-01-18,SALE011349,Warranty Void
CLM001660,2024-04-26,SALE011359,Completed
CLM001661,2024-02-04,SALE011367,Completed
CLM001662,2024-11-05,SALE011371,Paid Repaired
CLM001663,2022-03-19,SALE011379,Completed
CLM001664,2024-03-31,SALE011380,Replaced
CLM001665,2025-07-07,SALE011381,Completed
CLM001666,2021-05-09,SALE011386,Replaced
CLM001667,2021-12-13,SALE011417,Paid Repaired
CLM001668,2024-09-06,SALE011418,Completed
CLM001669,2025-05-25,SALE011425,Completed
CLM001670,2024-01-09,SALE011429,Completed
CLM001671,2021-10-19,SALE011433,Paid Repaired
CLM001672,2024-11-22,SALE011438,Completed
CLM001673,2024-07-21,SALE011441,Warranty Void
CLM001674,2023-10-14,SALE011448,Completed
CLM001675,2022-08-16,SALE011455,Completed
CLM001676,2022-01-11,SALE011462,Pending
CLM001677,2025-02-21,SALE011472,Completed
CLM001678,2023-10-04,SALE011478,Warranty Void
CLM001679,2025-12-30,SALE011482,Completed
CLM001680,2020-12-14,SALE011488,Replaced
CLM001681,2021-12-30,SALE011489,Replaced
CLM001682,2025-02-03,SALE011499,Replaced
CLM001683,2021-06-22,SALE011505,Completed
CLM001684,2021-11-27,SALE011507,Pending
CLM001685,2024-03-31,SALE011512,Pending
CLM001686,2025-08-18,SALE011517,Pending
CLM001687,2024-09-30,SALE011521,Completed
CLM001688,2024-08-21,SALE011529,Completed
CLM001689,2023-07-30,SALE011537,Pending
CLM001690,2024-08-11,SALE011542,Paid Repaired
CLM001691,2025-12-31,SALE011543,Completed
CLM001692,2022-09-04,SALE011544,Pending
CLM001693,2025-12-31,SALE011555,Completed
CLM001694,2025-01-05,SALE011570,Pending
CLM001695,2022-12-01,SALE011586,Completed
CLM001696,2021-09-05,SALE011590,Pending
CLM001697,2024-12-24,SALE011596,Completed
CLM001698,2025-09-04,SALE011597,Replaced
CLM001699,2023-01-21,SALE011600,Replaced
CLM001700,2021-09-10,SALE011605,Completed
CLM001701,2023-11-10,SALE011610,Completed
CLM001702,2025-06-14,SALE011635,Rejected
CLM001703,2024-10-05,SALE011647,Completed
CLM001704,2021-12-21,SALE011648,Completed
CLM001705,2025-08-06,SALE011650,Paid Repaired
CLM001706,2025-12-31,SALE011662,Completed
CLM001707,2022-11-30,SALE011667,Paid Repaired
CLM001708,2021-01-31,SALE011668,Completed
CLM001709,2023-11-15,SALE011679,Completed
CLM001710,2021-04-19,SALE011680,Completed
CLM001711,2024-01-15,SALE011681,Replaced
CLM001712,2022-01-13,SALE011685,Completed
CLM001713,2024-04-11,SALE011690,Completed
CLM001714,2020-12-10,SALE011699,Paid Repaired
CLM001715,2023-09-06,SALE011700,Replaced
CLM001716,2023-12-29,SALE011707,Completed
CLM001717,2023-12-21,SALE011732,Completed
CLM001718,2020-11-22,SALE011747,Rejected
CLM001719,2023-08-20,SALE011755,Completed
CLM001720,2025-12-31,SALE011762,Completed
CLM001721,2020-12-31,SALE011770,Completed
CLM001722,2023-06-07,SALE011773,Replaced
CLM001723,2022-12-14,SALE011774,Warranty Void
CLM001724,2024-07-02,SALE011777,Completed
CLM001725,2023-10-20,SALE011783,Paid Repaired
CLM001726,2020-12-07,SALE011788,Warranty Void
CLM001727,2024-04-04,SALE011793,Completed
CLM001728,2025-12-31,SALE011794,Completed
CLM001729,2021-06-09,SALE011796,Replaced
CLM001730,2024-06-30,SALE011812,Completed
CLM001731,2023-02-28,SALE011817,Paid Repaired
CLM001732,2022-05-08,SALE011828,Completed
CLM001733,2021-07-31,SALE011836,Replaced
CLM001734,2023-02-16,SALE011837,Replaced
CLM001735,2025-12-31,SALE011840,Completed
CLM001736,2020-06-05,SALE011858,Completed
CLM001737,2023-03-13,SALE011863,Pending
CLM001738,2025-12-31,SALE011868,Rejected
CLM001739,2024-11-21,SALE011869,Replaced
CLM001740,2024-04-23,SALE011883,Completed
CLM001741,2021-01-01,SALE011886,Completed
CLM001742,2024-04-18,SALE011888,Completed
CLM001743,2021-09-08,SALE011900,Completed
CLM001744,2025-12-31,SALE011907,Completed
CLM001745,2024-03-15,SALE011909,Completed
CLM001746,2023-04-10,SALE011913,Completed
CLM001747,2024-08-19,SALE011914,Paid Repaired
CLM001748,2025-01-24,SALE011916,Completed
CLM001749,2023-01-03,SALE011919,Paid Repaired
CLM001750,2025-04-07,SALE011921,Rejected
CLM001751,2022-03-07,SALE011934,Completed
CLM001752,2021-04-10,SALE011935,Rejected
CLM001753,2020-04-08,SALE011936,Completed
CLM001754,2023-03-20,SALE011947,Replaced
CLM001755,2025-12-31,SALE011952,Completed
CLM001756,2025-01-27,SALE011956,Completed
CLM001757,2025-12-31,SALE011973,Completed
CLM001758,2022-03-29,SALE011974,Replaced
CLM001759,2024-11-23,SALE011982,Rejected
CLM001760,2024-06-05,SALE011989,Paid Repaired
CLM001761,2025-08-02,SALE011994,Completed
CLM001762,2023-12-16,SALE011998,Replaced
CLM001763,2024-05-05,SALE011999,Completed
CLM001764,2022-06-18,SALE012010,Paid Repaired
CLM001765,2022-04-22,SALE012011,Paid Repaired
CLM001766,2023-06-19,SALE012012,Paid Repaired
CLM001767,2022-11-13,SALE012016,Completed
CLM001768,2023-12-12,SALE012017,Completed
CLM001769,2020-07-19,SALE012022,Rejected
CLM001770,2021-10-11,SALE012026,Replaced
CLM001771,2023-06-13,SALE012032,Completed
CLM001772,2024-12-06,SALE012036,Replaced
CLM001773,2025-05-27,SALE012037,Completed
CLM001774,2025-05-06,SALE012040,Completed
CLM001775,2024-05-28,SALE012046,Completed
CLM001776,2023-08-08,SALE012047,Completed
CLM001777,2025-12-31,SALE012070,Completed
CLM001778,2022-08-06,SALE012072,Completed
CLM001779,2021-10-19,SALE012073,Paid Repaired
CLM001780,2025-02-04,SALE012080,Completed
CLM001781,2022-06-03,SALE012081,Completed
CLM001782,2024-04-16,SALE012103,Paid Repaired
CLM001783,2024-01-14,SALE012112,Paid Repaired
CLM001784,2022-04-21,SALE012114,Completed
CLM001785,2024-03-02,SALE012119,Completed
CLM001786,2022-08-13,SALE012132,Paid Repaired
CLM001787,2022-12-22,SALE012134,Paid Repaired
CLM001788,2022-04-15,SALE012140,Completed
CLM001789,2021-09-17,SALE012143,Paid Repaired
CLM001790,2024-11-11,SALE012146,Completed
CLM001791,2022-08-26,SALE012147,Completed
CLM001792,2025-03-15,SALE012149,Paid Repaired
CLM001793,2025-06-10,SALE012158,Completed
CLM001794,2021-08-15,SALE012169,Paid Repaired
CLM001795,2023-07-28,SALE012174,Warranty Void
CLM001796,2023-11-22,SALE012180,Completed
CLM001797,2021-11-07,SALE012181,Warranty Void
CLM001798,2024-10-18,SALE012182,Replaced
CLM001799,2024-05-21,SALE012185,Completed
CLM001800,2025-08-01,SALE012189,Completed
CLM001801,2024-01-28,SALE012194,Paid Repaired
CLM001802,2023-09-20,SALE012211,Rejected
CLM001803,2021-02-24,SALE012220,Paid Repaired
CLM001804,2021-02-13,SALE012221,Replaced
CLM001805,2024-07-11,SALE012225,Replaced
CLM001806,2022-01-19,SALE012229,Completed
CLM001807,2023-04-16,SALE012234,Pending
CLM001808,2024-05-01,SALE012236,Completed
CLM001809,2025-05-02,SALE012237,Rejected
CLM001810,2022-08-16,SALE012240,Pending
CLM001811,2023-03-19,SALE012242,Completed
CLM001812,2021-12-28,SALE012252,Paid Repaired
CLM001813,2023-04-20,SALE012254,Completed
CLM001814,2021-11-27,SALE012263,Pending
CLM001815,2024-07-03,SALE012276,Completed
CLM001816,2025-12-31,SALE012299,Replaced
CLM001817,2022-09-06,SALE012301,Paid Repaired
CLM001818,2020-10-28,SALE012303,Completed
CLM001819,2022-11-19,SALE012305,Completed
CLM001820,2024-08-17,SALE012306,Completed
CLM001821,2021-09-23,SALE012312,Completed
CLM001822,2025-06-22,SALE012317,Warranty Void
CLM001823,2020-09-25,SALE012321,Replaced
CLM001824,2021-07-11,SALE012322,Warranty Void
CLM001825,2025-02-12,SALE012335,Replaced
CLM001826,2020-11-24,SALE012336,Completed
CLM001827,2025-05-26,SALE012351,Completed
CLM001828,2024-04-19,SALE012356,Completed
CLM001829,2020-08-13,SALE012361,Pending
CLM001830,2021-10-18,SALE012385,Pending
CLM001831,2023-05-24,SALE012390,Completed
CLM001832,2025-12-31,SALE012393,Completed
CLM001833,2020-11-10,SALE012402,Paid Repaired
CLM001834,2023-12-12,SALE012403,Replaced
CLM001835,2022-06-08,SALE012417,Replaced
CLM001836,2020-11-24,SALE012421,Paid Repaired
CLM001837,2025-07-19,SALE012432,Completed
CLM001838,2023-09-30,SALE012436,Completed
CLM001839,2022-12-28,SALE012453,Completed
CLM001840,2025-04-11,SALE012459,Replaced
CLM001841,2025-05-24,SALE012483,Pending
CLM001842,2023-01-01,SALE012486,Replaced
CLM001843,2024-03-29,SALE012505,Paid Repaired
CLM001844,2024-09-06,SALE012523,Paid Repaired
CLM001845,2021-07-03,SALE012544,Replaced
CLM001846,2024-10-22,SALE012545,Completed
CLM001847,2022-10-24,SALE012550,Completed
CLM001848,2024-12-26,SALE012551,Pending
CLM001849,2021-07-29,SALE012554,Completed
CLM001850,2025-03-15,SALE012556,Warranty Void
CLM001851,2023-01-01,SALE012587,Completed
CLM001852,2023-03-04,SALE012589,Pending
CLM001853,2022-05-06,SALE012597,Completed
CLM001854,2022-08-04,SALE012607,Replaced
CLM001855,2025-07-01,SALE012609,Completed
CLM001856,2024-01-09,SALE012611,Warranty Void
CLM001857,2023-05-27,SALE012615,Completed
CLM001858,2021-09-15,SALE012627,Completed
CLM001859,2023-11-12,SALE012652,Warranty Void
CLM001860,2023-02-24,SALE012659,Completed
CLM001861,2021-08-11,SALE012672,Paid Repaired
CLM001862,2024-09-05,SALE012673,Warranty Void
CLM001863,2024-07-02,SALE012674,Replaced
CLM001864,2025-09-07,SALE012675,Rejected
CLM001865,2020-07-16,SALE012722,Paid Repaired
CLM001866,2025-04-28,SALE012724,Completed
CLM001867,2024-06-09,SALE012729,Completed
CLM001868,2021-08-12,SALE012733,Completed
CLM001869,2025-03-19,SALE012734,Completed
CLM001870,2022-07-22,SALE012735,Replaced
CLM001871,2021-09-02,SALE012738,Completed
CLM001872,2025-05-14,SALE012742,Pending
CLM001873,2024-04-27,SALE012750,Completed
CLM001874,2024-07-10,SALE012752,Paid Repaired
CLM001875,2020-10-20,SALE012754,Replaced
CLM001876,2023-01-17,SALE012757,Replaced
CLM001877,2021-10-25,SALE012759,Paid Repaired
CLM001878,2020-08-22,SALE012769,Pending
CLM001879,2021-06-21,SALE012770,Completed
CLM001880,2021-12-08,SALE012783,Warranty Void
CLM001881,2023-04-14,SALE012789,Completed
CLM001882,2022-06-18,SALE012792,Completed
CLM001883,2024-01-21,SALE012799,Completed
CLM001884,2024-02-29,SALE012810,Paid Repaired
CLM001885,2023-05-16,SALE012820,Replaced
CLM001886,2020-12-02,SALE012821,Completed
CLM001887,2025-12-31,SALE012833,Completed
CLM001888,2024-12-19,SALE012841,Completed
CLM001889,2025-03-11,SALE012842,Pending
CLM001890,2020-06-16,SALE012857,Completed
CLM001891,2021-10-30,SALE012861,Replaced
CLM001892,2025-05-12,SALE012867,Warranty Void
CLM001893,2025-04-24,SALE012874,Pending
CLM001894,2023-07-29,SALE012882,Completed
CLM001895,2021-08-07,SALE012889,Pending
CLM001896,2023-05-09,SALE012896,Warranty Void
CLM001897,2024-09-16,SALE012909,Rejected
CLM001898,2025-01-16,SALE012920,Completed
CLM001899,2021-03-13,SALE012926,Completed
CLM001900,2022-03-16,SALE012933,Rejected
CLM001901,2022-06-26,SALE012936,Completed
CLM001902,2024-12-27,SALE012948,Rejected
CLM001903,2024-03-05,SALE012952,Rejected
CLM001904,2022-07-04,SALE012953,Completed
CLM001905,2025-10-20,SALE012958,Completed
CLM001906,2021-11-04,SALE012965,Completed
CLM001907,2021-08-22,SALE012975,Completed
CLM001908,2024-05-16,SALE012977,Completed
CLM001909,2021-12-25,SALE012979,Warranty Void
CLM001910,2025-12-31,SALE012989,Paid Repaired
CLM001911,2025-03-22,SALE013010,Replaced
CLM001912,2020-05-30,SALE013013,Completed
CLM001913,2025-12-31,SALE013014,Completed
CLM001914,2025-06-26,SALE013015,Rejected
CLM001915,2022-01-26,SALE013030,Paid Repaired
CLM001916,2020-04-09,SALE013034,Completed
CLM001917,2024-04-24,SALE013036,Completed
CLM001918,2022-04-26,SALE013038,Completed
CLM001919,2023-11-06,SALE013046,Completed
CLM001920,2024-05-26,SALE013047,Completed
CLM001921,2025-02-28,SALE013049,Completed
CLM001922,2022-11-24,SALE013050,Rejected
CLM001923,2022-11-05,SALE013054,Pending
CLM001924,2022-11-04,SALE013058,Completed
CLM001925,2023-08-19,SALE013082,Completed
CLM001926,2023-09-05,SALE013093,Replaced
CLM001927,2023-03-07,SALE013099,Replaced
CLM001928,2022-06-21,SALE013101,Replaced
CLM001929,2021-04-24,SALE013106,Rejected
CLM001930,2023-06-22,SALE013111,Completed
CLM001931,2022-10-25,SALE013116,Completed
CLM001932,2024-12-06,SALE013123,Completed
CLM001933,2021-09-09,SALE013135,Completed
CLM001934,2022-12-29,SALE013150,Completed
CLM001935,2021-07-26,SALE013156,Completed
CLM001936,2024-12-20,SALE013161,Completed
CLM001937,2023-01-26,SALE013178,Replaced
CLM001938,2025-03-30,SALE013181,Paid Repaired
CLM001939,2022-06-11,SALE013182,Completed
CLM001940,2024-06-20,SALE013221,Paid Repaired
CLM001941,2025-02-02,SALE013253,Completed
CLM001942,2022-05-23,SALE013254,Completed
CLM001943,2025-12-06,SALE013258,Completed
CLM001944,2025-12-31,SALE013260,Completed
CLM001945,2023-10-01,SALE013261,Completed
CLM001946,2024-06-26,SALE013266,Replaced
CLM001947,2022-12-15,SALE013271,Paid Repaired
CLM001948,2023-11-29,SALE013273,Pending
CLM001949,2024-11-11,SALE013278,Pending
CLM001950,2024-05-16,SALE013284,Completed
CLM001951,2025-12-09,SALE013288,Completed
CLM001952,2021-08-21,SALE013296,Completed
CLM001953,2022-09-18,SALE013302,Paid Repaired
CLM001954,2022-07-05,SALE013314,Replaced
CLM001955,2023-10-15,SALE013320,Replaced
CLM001956,2022-12-14,SALE013322,Paid Repaired
CLM001957,2023-11-05,SALE013327,Replaced
CLM001958,2025-08-31,SALE013328,Replaced
CLM001959,2022-11-28,SALE013336,Pending
CLM001960,2025-12-31,SALE013340,Paid Repaired
CLM001961,2024-01-23,SALE013344,Pending
CLM001962,2022-02-18,SALE013376,Completed
CLM001963,2025-02-16,SALE013383,Completed
CLM001964,2022-05-31,SALE013386,Completed
CLM001965,2023-04-09,SALE013388,Completed
CLM001966,2023-10-13,SALE013395,Warranty Void
CLM001967,2024-08-12,SALE013400,Rejected
CLM001968,2024-02-09,SALE013405,Replaced
CLM001969,2022-09-24,SALE013414,Paid Repaired
CLM001970,2023-02-05,SALE013417,Paid Repaired
CLM001971,2023-03-09,SALE013420,Paid Repaired
CLM001972,2021-08-05,SALE013436,Completed
CLM001973,2022-04-16,SALE013444,Completed
CLM001974,2025-12-31,SALE013452,Completed
CLM001975,2025-08-30,SALE013470,Completed
CLM001976,2022-07-11,SALE013476,Replaced
CLM001977,2022-03-13,SALE013482,Completed
CLM001978,2023-07-17,SALE013486,Completed
CLM001979,2021-08-11,SALE013496,Completed
CLM001980,2021-08-29,SALE013502,Paid Repaired
CLM001981,2025-01-17,SALE013503,Replaced
CLM001982,2021-06-21,SALE013509,Completed
CLM001983,2025-07-18,SALE013525,Completed
CLM001984,2022-07-28,SALE013532,Completed
CLM001985,2023-04-22,SALE013547,Completed
CLM001986,2022-02-18,SALE013566,Completed
CLM001987,2022-05-12,SALE013579,Completed
CLM001988,2024-07-26,SALE013584,Replaced
CLM001989,2025-12-31,SALE013594,Completed
CLM001990,2023-04-01,SALE013598,Completed
CLM001991,2025-12-31,SALE013600,Completed
CLM001992,2022-05-07,SALE013601,Replaced
CLM001993,2023-07-21,SALE013605,Completed
CLM001994,2020-06-03,SALE013607,Completed
CLM001995,2021-01-13,SALE013619,Completed
CLM001996,2023-02-17,SALE013627,Replaced
CLM001997,2021-05-08,SALE013635,Paid Repaired
CLM001998,2024-11-06,SALE013639,Completed
CLM001999,2025-06-04,SALE013653,Completed
CLM002000,2022-08-07,SALE013664,Pending
CLM002001,2022-12-06,SALE013671,Paid Repaired
CLM002002,2025-02-12,SALE013672,Completed
CLM002003,2022-09-19,SALE013681,Pending
CLM002004,2022-08-18,SALE013700,Completed
CLM002005,2022-03-04,SALE013704,Pending
CLM002006,2025-03-04,SALE013713,Paid Repaired
CLM002007,2022-04-25,SALE013714,Paid Repaired
CLM002008,2022-08-25,SALE013715,Warranty Void
CLM002009,2025-06-05,SALE013723,Completed
CLM002010,2021-09-04,SALE013725,Completed
CLM002011,2021-09-29,SALE013729,Completed
CLM002012,2023-07-03,SALE013734,Rejected
CLM002013,2024-01-21,SALE013737,Completed
CLM002014,2025-12-31,SALE013743,Pending
CLM002015,2024-11-04,SALE013748,Replaced
CLM002016,2025-05-20,SALE013754,Replaced
CLM002017,2025-12-31,SALE013760,Completed
CLM002018,2022-12-17,SALE013765,Replaced
CLM002019,2025-10-25,SALE013769,Completed
CLM002020,2022-07-26,SALE013773,Completed
CLM002021,2020-07-07,SALE013777,Completed
CLM002022,2022-03-27,SALE013778,Replaced
CLM002023,2021-04-27,SALE013784,Completed
CLM002024,2024-06-07,SALE013799,Completed
CLM002025,2025-04-20,SALE013807,Completed
CLM002026,2021-11-20,SALE013814,Rejected
CLM002027,2022-12-04,SALE013815,Completed
CLM002028,2025-09-19,SALE013820,Completed
CLM002029,2022-04-10,SALE013824,Completed
CLM002030,2021-07-11,SALE013825,Paid Repaired
CLM002031,2024-04-13,SALE013853,Replaced
CLM002032,2024-10-22,SALE013855,Rejected
CLM002033,2022-04-18,SALE013866,Completed
CLM002034,2023-08-06,SALE013868,Warranty Void
CLM002035,2021-12-14,SALE013877,Completed
CLM002036,2025-12-31,SALE013882,Pending
CLM002037,2023-08-24,SALE013899,Paid Repaired
CLM002038,2022-04-27,SALE013904,Completed
CLM002039,2020-06-02,SALE013911,Replaced
CLM002040,2021-07-10,SALE013912,Replaced
CLM002041,2025-08-27,SALE013915,Completed
CLM002042,2024-08-03,SALE013924,Replaced
CLM002043,2021-06-18,SALE013927,Completed
CLM002044,2020-11-10,SALE013936,Completed
CLM002045,2025-09-27,SALE013938,Replaced
CLM002046,2023-09-19,SALE013939,Replaced
CLM002047,2022-06-27,SALE013943,Completed
CLM002048,2021-03-25,SALE013950,Pending
CLM002049,2025-08-22,SALE013958,Completed
CLM002050,2024-10-09,SALE013961,Pending
CLM002051,2022-07-06,SALE013976,Completed
CLM002052,2022-07-16,SALE013981,Replaced
CLM002053,2021-08-21,SALE013994,Completed
CLM002054,2024-11-25,SALE013998,Completed
CLM002055,2025-04-09,SALE014003,Completed
CLM002056,2025-12-31,SALE014005,Rejected
CLM002057,2024-08-25,SALE014013,Warranty Void
CLM002058,2024-10-31,SALE014015,Rejected
CLM002059,2022-12-01,SALE014017,Completed
CLM002060,2025-03-22,SALE014025,Rejected
CLM002061,2021-10-25,SALE014032,Paid Repaired
CLM002062,2025-11-06,SALE014041,Completed
CLM002063,2023-12-02,SALE014042,Completed
CLM002064,2021-11-08,SALE014047,Pending
CLM002065,2023-05-11,SALE014048,Replaced
CLM002066,2020-11-18,SALE014059,Rejected
CLM002067,2025-12-31,SALE014062,Replaced
CLM002068,2023-07-28,SALE014069,Warranty Void
CLM002069,2023-09-14,SALE014074,Completed
CLM002070,2020-06-25,SALE014078,Replaced
CLM002071,2021-05-16,SALE014080,Completed
CLM002072,2023-04-06,SALE014102,Completed
CLM002073,2021-04-08,SALE014111,Replaced
CLM002074,2021-06-07,SALE014115,Rejected
CLM002075,2021-03-14,SALE014119,Completed
CLM002076,2025-12-31,SALE014120,Replaced
CLM002077,2025-12-31,SALE014126,Completed
CLM002078,2021-12-10,SALE014132,Completed
CLM002079,2023-05-01,SALE014137,Warranty Void
CLM002080,2025-11-24,SALE014147,Replaced
CLM002081,2023-02-08,SALE014153,Paid Repaired
CLM002082,2022-09-12,SALE014154,Rejected
CLM002083,2020-10-04,SALE014157,Completed
CLM002084,2021-11-19,SALE014160,Paid Repaired
CLM002085,2020-04-19,SALE014175,Completed
CLM002086,2022-07-14,SALE014176,Replaced
CLM002087,2021-07-10,SALE014185,Completed
CLM002088,2022-02-18,SALE014188,Completed
CLM002089,2022-04-28,SALE014191,Completed
CLM002090,2023-03-26,SALE014196,Rejected
CLM002091,2020-11-15,SALE014198,Completed
CLM002092,2025-12-31,SALE014201,Completed
CLM002093,2025-12-31,SALE014234,Paid Repaired
CLM002094,2022-04-11,SALE014239,Replaced
CLM002095,2024-05-01,SALE014255,Completed
CLM002096,2025-12-31,SALE014264,Paid Repaired
CLM002097,2025-12-09,SALE014275,Completed
CLM002098,2021-12-25,SALE014298,Replaced
CLM002099,2024-08-20,SALE014309,Pending
CLM002100,2025-12-31,SALE014316,Paid Repaired
CLM002101,2024-03-14,SALE014325,Rejected
CLM002102,2023-11-19,SALE014327,Pending
CLM002103,2023-07-14,SALE014332,Replaced
CLM002104,2025-09-16,SALE014333,Pending
CLM002105,2023-01-08,SALE014335,Rejected
CLM002106,2021-05-27,SALE014336,Completed
CLM002107,2022-10-08,SALE014342,Completed
CLM002108,2020-10-31,SALE014355,Paid Repaired
CLM002109,2023-02-12,SALE014361,Completed
CLM002110,2022-02-01,SALE014364,Paid Repaired
CLM002111,2023-12-09,SALE014369,Pending
CLM002112,2023-09-18,SALE014381,Replaced
CLM002113,2021-08-20,SALE014383,Completed
CLM002114,2024-02-09,SALE014384,Rejected
CLM002115,2024-06-10,SALE014395,Pending
CLM002116,2022-04-13,SALE014402,Completed
CLM002117,2022-10-16,SALE014407,Completed
CLM002118,2022-10-03,SALE014423,Completed
CLM002119,2024-11-16,SALE014426,Paid Repaired
CLM002120,2022-11-08,SALE014427,Pending
CLM002121,2023-02-21,SALE014435,Pending
CLM002122,2022-02-18,SALE014437,Replaced
CLM002123,2025-06-02,SALE014445,Replaced
CLM002124,2023-10-29,SALE014446,Completed
CLM002125,2024-07-28,SALE014451,Completed
CLM002126,2024-06-07,SALE014452,Completed
CLM002127,2020-06-06,SALE014456,Paid Repaired
CLM002128,2024-06-09,SALE014465,Completed
CLM002129,2024-09-20,SALE014468,Rejected
CLM002130,2023-08-12,SALE014470,Pending
CLM002131,2025-04-05,SALE014487,Pending
CLM002132,2024-12-08,SALE014498,Completed
CLM002133,2021-01-13,SALE014501,Completed
CLM002134,2024-06-26,SALE014509,Completed
CLM002135,2021-02-02,SALE014515,Completed
CLM002136,2024-05-11,SALE014519,Completed
CLM002137,2024-12-06,SALE014528,Paid Repaired
CLM002138,2025-02-11,SALE014531,Replaced
CLM002139,2025-12-31,SALE014532,Completed
CLM002140,2023-02-03,SALE014535,Rejected
CLM002141,2021-11-29,SALE014539,Replaced
CLM002142,2023-03-14,SALE014542,Pending
CLM002143,2023-10-16,SALE014543,Completed
CLM002144,2023-05-30,SALE014554,Completed
CLM002145,2024-11-13,SALE014579,Warranty Void
CLM002146,2022-09-12,SALE014581,Completed
CLM002147,2021-09-26,SALE014591,Completed
CLM002148,2023-11-21,SALE014592,Warranty Void
CLM002149,2022-07-19,SALE014622,Paid Repaired
CLM002150,2023-02-03,SALE014623,Rejected
CLM002151,2023-03-29,SALE014625,Replaced
CLM002152,2021-09-16,SALE014631,Rejected
CLM002153,2023-11-15,SALE014641,Paid Repaired
CLM002154,2023-05-31,SALE014647,Completed
CLM002155,2023-10-13,SALE014648,Replaced
CLM002156,2025-06-02,SALE014652,Paid Repaired
CLM002157,2021-10-14,SALE014658,Paid Repaired
CLM002158,2025-03-26,SALE014663,Replaced
CLM002159,2024-11-18,SALE014665,Completed
CLM002160,2025-06-15,SALE014666,Completed
CLM002161,2023-08-27,SALE014677,Completed
CLM002162,2025-03-17,SALE014680,Completed
CLM002163,2025-12-31,SALE014695,Completed
CLM002164,2023-12-24,SALE014700,Pending
CLM002165,2020-12-18,SALE014708,Completed
CLM002166,2025-12-31,SALE014709,Completed
CLM002167,2024-12-09,SALE014721,Rejected
CLM002168,2023-04-11,SALE014726,Pending
CLM002169,2022-08-15,SALE014736,Completed
CLM002170,2024-10-17,SALE014751,Completed
CLM002171,2020-10-31,SALE014752,Replaced
CLM002172,2023-02-09,SALE014768,Paid Repaired
CLM002173,2025-02-13,SALE014775,Pending
CLM002174,2025-04-25,SALE014795,Pending
CLM002175,2022-06-02,SALE014802,Replaced
CLM002176,2025-12-31,SALE014820,Completed
CLM002177,2025-08-20,SALE014830,Warranty Void
CLM002178,2021-08-09,SALE014832,Pending
CLM002179,2023-10-08,SALE014836,Completed
CLM002180,2022-12-17,SALE014840,Completed
CLM002181,2022-02-05,SALE014844,Completed
CLM002182,2022-05-23,SALE014845,Completed
CLM002183,2025-03-23,SALE014851,Completed
CLM002184,2021-01-05,SALE014865,Completed
CLM002185,2021-12-19,SALE014866,Rejected
CLM002186,2024-12-16,SALE014869,Completed
CLM002187,2023-04-04,SALE014872,Paid Repaired
CLM002188,2024-02-23,SALE014876,Completed
CLM002189,2023-10-04,SALE014883,Completed
CLM002190,2025-07-03,SALE014889,Warranty Void
CLM002191,2024-04-06,SALE014904,Warranty Void
CLM002192,2025-12-05,SALE014908,Paid Repaired
CLM002193,2023-02-02,SALE014931,Completed
CLM002194,2024-02-23,SALE014933,Replaced
CLM002195,2020-07-26,SALE014955,Completed
CLM002196,2022-12-31,SALE014965,Replaced
CLM002197,2023-02-20,SALE014972,Rejected
CLM002198,2025-12-31,SALE014976,Paid Repaired
CLM002199,2025-02-02,SALE014979,Completed
CLM002200,2020-08-24,SALE014983,Paid Repaired
CLM002201,2021-06-14,SALE015007,Replaced
CLM002202,2023-11-12,SALE015011,Completed
CLM002203,2021-10-05,SALE015012,Completed
CLM002204,2024-11-21,SALE015013,Completed
CLM002205,2021-10-31,SALE015017,Paid Repaired
CLM002206,2025-06-06,SALE015018,Completed
CLM002207,2023-06-26,SALE015020,Paid Repaired
CLM002208,2024-07-02,SALE015033,Warranty Void
CLM002209,2024-09-06,SALE015037,Pending
CLM002210,2024-05-30,SALE015052,Completed
CLM002211,2023-08-16,SALE015060,Replaced
CLM002212,2023-12-21,SALE015062,Completed
CLM002213,2023-06-02,SALE015064,Completed
CLM002214,2022-01-09,SALE015075,Replaced
CLM002215,2023-04-01,SALE015089,Paid Repaired
CLM002216,2025-12-05,SALE015093,Warranty Void
CLM002217,2025-12-13,SALE015095,Completed
CLM002218,2023-07-07,SALE015097,Rejected
CLM002219,2025-06-17,SALE015098,Replaced
CLM002220,2021-12-03,SALE015101,Completed
CLM002221,2025-10-22,SALE015104,Paid Repaired
CLM002222,2021-09-04,SALE015106,Pending
CLM002223,2022-07-08,SALE015111,Rejected
CLM002224,2022-11-08,SALE015115,Completed
CLM002225,2024-03-15,SALE015121,Completed
CLM002226,2023-02-26,SALE015131,Completed
CLM002227,2024-09-06,SALE015135,Warranty Void
CLM002228,2025-01-31,SALE015138,Paid Repaired
CLM002229,2021-08-02,SALE015140,Completed
CLM002230,2023-03-28,SALE015145,Pending
CLM002231,2021-07-03,SALE015157,Completed
CLM002232,2022-06-07,SALE015165,Warranty Void
CLM002233,2021-01-03,SALE015174,Paid Repaired
CLM002234,2025-03-23,SALE015184,Rejected
CLM002235,2021-07-22,SALE015185,Rejected
CLM002236,2024-01-08,SALE015202,Completed
CLM002237,2021-03-27,SALE015205,Completed
CLM002238,2020-09-25,SALE015208,Completed
CLM002239,2025-06-24,SALE015210,Replaced
CLM002240,2024-11-30,SALE015214,Rejected
CLM002241,2025-08-21,SALE015234,Completed
CLM002242,2023-08-24,SALE015235,Replaced
CLM002243,2023-11-26,SALE015240,Completed
CLM002244,2023-03-21,SALE015241,Replaced
CLM002245,2021-04-29,SALE015248,Replaced
CLM002246,2025-08-07,SALE015252,Paid Repaired
CLM002247,2024-12-19,SALE015264,Pending
CLM002248,2025-12-08,SALE015267,Pending
CLM002249,2025-07-14,SALE015288,Completed
CLM002250,2021-07-03,SALE015295,Completed
CLM002251,2021-02-12,SALE015307,Paid Repaired
CLM002252,2025-09-06,SALE015325,Completed
CLM002253,2025-12-31,SALE015330,Warranty Void
CLM002254,2021-06-22,SALE015337,Pending
CLM002255,2023-10-08,SALE015341,Warranty Void
CLM002256,2020-12-08,SALE015357,Pending
CLM002257,2020-04-17,SALE015360,Rejected
CLM002258,2025-05-24,SALE015368,Completed
CLM002259,2025-12-31,SALE015387,Pending
CLM002260,2025-12-31,SALE015393,Replaced
CLM002261,2022-12-07,SALE015403,Completed
CLM002262,2025-08-03,SALE015418,Completed
CLM002263,2022-01-27,SALE015425,Completed
CLM002264,2021-08-23,SALE015429,Rejected
CLM002265,2022-08-23,SALE015432,Paid Repaired
CLM002266,2024-11-20,SALE015434,Completed
CLM002267,2024-01-20,SALE015438,Completed
CLM002268,2024-03-26,SALE015447,Completed
CLM002269,2021-04-20,SALE015448,Completed
CLM002270,2025-12-31,SALE015453,Paid Repaired
CLM002271,2022-08-25,SALE015454,Pending
CLM002272,2023-07-03,SALE015460,Paid Repaired
CLM002273,2024-10-07,SALE015472,Completed
CLM002274,2022-06-05,SALE015481,Replaced
CLM002275,2021-10-18,SALE015485,Completed
CLM002276,2025-07-02,SALE015510,Replaced
CLM002277,2022-09-06,SALE015519,Pending
CLM002278,2024-05-25,SALE015523,Completed
CLM002279,2022-07-19,SALE015524,Warranty Void
CLM002280,2025-04-01,SALE015532,Completed
CLM002281,2023-01-20,SALE015536,Completed
CLM002282,2023-05-07,SALE015544,Completed
CLM002283,2022-02-03,SALE015545,Rejected
CLM002284,2025-09-29,SALE015548,Completed
CLM002285,2024-11-29,SALE015565,Replaced
CLM002286,2024-07-24,SALE015576,Replaced
CLM002287,2024-12-03,SALE015577,Completed
CLM002288,2023-07-12,SALE015585,Paid Repaired
CLM002289,2021-12-30,SALE015590,Replaced
CLM002290,2025-04-11,SALE015598,Paid Repaired
CLM002291,2024-11-14,SALE015601,Replaced
CLM002292,2022-10-08,SALE015605,Paid Repaired
CLM002293,2025-03-10,SALE015611,Pending
CLM002294,2022-12-15,SALE015616,Completed
CLM002295,2022-10-19,SALE015634,Pending
CLM002296,2021-05-22,SALE015636,Warranty Void
CLM002297,2023-02-24,SALE015642,Replaced
CLM002298,2025-06-28,SALE015644,Replaced
CLM002299,2021-11-30,SALE015647,Replaced
CLM002300,2025-01-14,SALE015650,Replaced
CLM002301,2023-01-31,SALE015652,Completed
CLM002302,2021-07-22,SALE015654,Completed
CLM002303,2021-10-11,SALE015664,Paid Repaired
CLM002304,2023-12-07,SALE015666,Completed
CLM002305,2025-08-14,SALE015667,Completed
CLM002306,2021-02-27,SALE015668,Completed
CLM002307,2025-03-09,SALE015675,Completed
CLM002308,2024-01-09,SALE015678,Completed
CLM002309,2022-04-01,SALE015686,Replaced
CLM002310,2025-03-01,SALE015688,Paid Repaired
CLM002311,2024-03-16,SALE015710,Rejected
CLM002312,2020-10-26,SALE015714,Completed
CLM002313,2024-08-28,SALE015719,Completed
CLM002314,2023-04-18,SALE015720,Replaced
CLM002315,2024-05-12,SALE015722,Paid Repaired
CLM002316,2021-11-24,SALE015725,Rejected
CLM002317,2022-03-01,SALE015738,Completed
CLM002318,2024-09-01,SALE015741,Pending
CLM002319,2025-11-13,SALE015750,Paid Repaired
CLM002320,2022-01-20,SALE015751,Pending
CLM002321,2022-03-26,SALE015768,Completed
CLM002322,2025-08-18,SALE015769,Completed
CLM002323,2024-01-02,SALE015776,Pending
CLM002324,2020-11-01,SALE015786,Completed
CLM002325,2022-03-05,SALE015801,Replaced
CLM002326,2025-12-31,SALE015825,Warranty Void
CLM002327,2020-03-26,SALE015829,Completed
CLM002328,2021-03-06,SALE015831,Completed
CLM002329,2025-03-05,SALE015834,Warranty Void
CLM002330,2024-10-14,SALE015867,Completed
CLM002331,2024-03-30,SALE015869,Replaced
CLM002332,2021-11-21,SALE015879,Paid Repaired
CLM002333,2021-10-06,SALE015880,Completed
CLM002334,2020-09-07,SALE015883,Completed
CLM002335,2023-11-07,SALE015887,Completed
CLM002336,2022-06-14,SALE015896,Completed
CLM002337,2023-07-13,SALE015903,Completed
CLM002338,2024-11-01,SALE015904,Paid Repaired
CLM002339,2022-05-18,SALE015914,Completed
CLM002340,2023-01-28,SALE015915,Completed
CLM002341,2024-08-15,SALE015918,Rejected
CLM002342,2024-05-22,SALE015924,Completed
CLM002343,2025-12-31,SALE015925,Replaced
CLM002344,2023-04-28,SALE015928,Completed
CLM002345,2022-03-20,SALE015931,Rejected
CLM002346,2021-07-19,SALE015937,Replaced
CLM002347,2024-10-24,SALE015939,Replaced
CLM002348,2023-05-03,SALE015940,Pending
CLM002349,2023-03-03,SALE015944,Replaced
CLM002350,2025-10-19,SALE015963,Replaced
CLM002351,2023-12-11,SALE015966,Replaced
CLM002352,2024-01-19,SALE015969,Replaced
CLM002353,2022-10-04,SALE015984,Warranty Void
CLM002354,2021-04-14,SALE015991,Replaced
CLM002355,2025-03-03,SALE016001,Completed
CLM002356,2022-08-10,SALE016005,Pending
CLM002357,2024-05-15,SALE016006,Completed
CLM002358,2024-12-11,SALE016008,Completed
CLM002359,2022-02-02,SALE016009,Pending
CLM002360,2021-03-22,SALE016017,Replaced
CLM002361,2022-01-27,SALE016022,Completed
CLM002362,2022-03-12,SALE016023,Paid Repaired
CLM002363,2025-06-07,SALE016029,Completed
CLM002364,2020-12-30,SALE016040,Rejected
CLM002365,2024-12-21,SALE016041,Completed
CLM002366,2021-09-05,SALE016056,Paid Repaired
CLM002367,2022-08-18,SALE016065,Completed
CLM002368,2025-11-10,SALE016081,Completed
CLM002369,2021-04-12,SALE016088,Paid Repaired
CLM002370,2021-04-11,SALE016089,Pending
CLM002371,2024-11-03,SALE016120,Paid Repaired
CLM002372,2025-03-02,SALE016134,Warranty Void
CLM002373,2023-02-13,SALE016136,Pending
CLM002374,2024-09-07,SALE016138,Replaced
CLM002375,2024-02-05,SALE016143,Paid Repaired
CLM002376,2021-06-20,SALE016146,Warranty Void
CLM002377,2022-05-04,SALE016152,Completed
CLM002378,2025-12-31,SALE016153,Completed
CLM002379,2021-08-01,SALE016154,Warranty Void
CLM002380,2022-11-19,SALE016156,Rejected
CLM002381,2022-06-08,SALE016159,Paid Repaired
CLM002382,2021-12-01,SALE016160,Pending
CLM002383,2023-11-03,SALE016168,Replaced
CLM002384,2023-02-20,SALE016170,Replaced
CLM002385,2025-10-23,SALE016175,Completed
CLM002386,2023-10-13,SALE016176,Completed
CLM002387,2021-12-16,SALE016177,Warranty Void
CLM002388,2021-01-31,SALE016180,Completed
CLM002389,2023-11-13,SALE016199,Completed
CLM002390,2022-08-02,SALE016200,Pending
CLM002391,2025-08-17,SALE016201,Pending
CLM002392,2021-05-13,SALE016202,Pending
CLM002393,2021-07-01,SALE016209,Replaced
CLM002394,2023-03-13,SALE016210,Replaced
CLM002395,2023-03-12,SALE016233,Replaced
CLM002396,2021-08-16,SALE016237,Replaced
CLM002397,2025-04-13,SALE016238,Rejected
CLM002398,2023-12-14,SALE016242,Paid Repaired
CLM002399,2025-12-31,SALE016256,Completed
CLM002400,2021-01-30,SALE016258,Pending
CLM002401,2024-03-29,SALE016261,Warranty Void
CLM002402,2025-10-29,SALE016267,Completed
CLM002403,2024-09-18,SALE016274,Rejected
CLM002404,2022-12-31,SALE016283,Pending
CLM002405,2021-09-09,SALE016288,Replaced
CLM002406,2023-01-27,SALE016292,Completed
CLM002407,2021-11-01,SALE016297,Completed
CLM002408,2022-07-18,SALE016298,Replaced
CLM002409,2024-12-23,SALE016303,Paid Repaired
CLM002410,2023-05-13,SALE016305,Pending
CLM002411,2024-12-25,SALE016311,Paid Repaired
CLM002412,2021-10-10,SALE016313,Replaced
CLM002413,2023-08-09,SALE016315,Completed
CLM002414,2025-03-31,SALE016316,Completed
CLM002415,2025-03-31,SALE016319,Completed
CLM002416,2024-03-24,SALE016320,Completed
CLM002417,2025-04-17,SALE016339,Completed
CLM002418,2023-07-14,SALE016359,Completed
CLM002419,2022-02-22,SALE016362,Completed
CLM002420,2021-08-30,SALE016364,Replaced
CLM002421,2023-12-21,SALE016375,Paid Repaired
CLM002422,2021-07-29,SALE016377,Completed
CLM002423,2024-09-24,SALE016388,Completed
CLM002424,2024-02-26,SALE016393,Completed
CLM002425,2023-10-20,SALE016394,Completed
CLM002426,2022-04-02,SALE016395,Paid Repaired
CLM002427,2024-09-14,SALE016398,Replaced
CLM002428,2024-12-30,SALE016404,Pending
CLM002429,2023-12-20,SALE016405,Completed
CLM002430,2024-09-01,SALE016427,Completed
CLM002431,2022-04-24,SALE016430,Completed
CLM002432,2024-08-07,SALE016447,Pending
CLM002433,2020-12-20,SALE016449,Completed
CLM002434,2025-12-14,SALE016458,Replaced
CLM002435,2025-12-07,SALE016461,Completed
CLM002436,2024-05-16,SALE016463,Completed
CLM002437,2023-10-09,SALE016470,Pending
CLM002438,2021-04-03,SALE016483,Completed
CLM002439,2021-12-20,SALE016484,Replaced
CLM002440,2025-03-04,SALE016487,Pending
CLM002441,2021-01-23,SALE016488,Replaced
CLM002442,2024-12-11,SALE016490,Completed
CLM002443,2020-03-19,SALE016491,Completed
CLM002444,2023-10-22,SALE016499,Paid Repaired
CLM002445,2021-07-12,SALE016505,Paid Repaired
CLM002446,2024-03-14,SALE016506,Completed
CLM002447,2022-08-30,SALE016512,Completed
CLM002448,2021-04-26,SALE016513,Completed
CLM002449,2025-07-22,SALE016515,Paid Repaired
CLM002450,2021-06-01,SALE016518,Completed
CLM002451,2025-09-09,SALE016521,Replaced
CLM002452,2023-09-11,SALE016535,Paid Repaired
CLM002453,2023-04-08,SALE016541,Completed
CLM002454,2021-02-22,SALE016552,Replaced
CLM002455,2020-09-10,SALE016563,Completed
CLM002456,2022-04-09,SALE016567,Warranty Void
CLM002457,2023-03-30,SALE016571,Completed
CLM002458,2021-03-15,SALE016579,Pending
CLM002459,2024-07-31,SALE016583,Completed
CLM002460,2023-01-28,SALE016594,Replaced
CLM002461,2023-12-23,SALE016599,Completed
CLM002462,2025-04-16,SALE016604,Replaced
CLM002463,2021-10-03,SALE016606,Completed
CLM002464,2022-10-16,SALE016623,Pending
CLM002465,2022-04-27,SALE016625,Completed
CLM002466,2021-10-26,SALE016636,Paid Repaired
CLM002467,2022-09-22,SALE016650,Completed
CLM002468,2024-11-05,SALE016655,Replaced
CLM002469,2022-11-04,SALE016656,Completed
CLM002470,2025-05-26,SALE016668,Rejected
CLM002471,2023-11-15,SALE016680,Paid Repaired
CLM002472,2025-06-19,SALE016681,Paid Repaired
CLM002473,2023-09-17,SALE016685,Completed
CLM002474,2025-09-03,SALE016686,Paid Repaired
CLM002475,2023-02-26,SALE016701,Replaced
CLM002476,2022-10-15,SALE016705,Rejected
CLM002477,2024-12-28,SALE016706,Pending
CLM002478,2022-02-01,SALE016714,Paid Repaired
CLM002479,2025-12-31,SALE016716,Rejected
CLM002480,2021-09-17,SALE016717,Rejected
CLM002481,2022-07-03,SALE016720,Completed
CLM002482,2023-02-05,SALE016737,Replaced
CLM002483,2024-12-09,SALE016742,Completed
CLM002484,2023-08-13,SALE016747,Replaced
CLM002485,2023-11-26,SALE016748,Warranty Void
CLM002486,2021-10-30,SALE016750,Pending
CLM002487,2023-10-12,SALE016755,Completed
CLM002488,2024-02-19,SALE016763,Completed
CLM002489,2024-05-25,SALE016768,Replaced
CLM002490,2025-12-31,SALE016769,Completed
CLM002491,2024-03-01,SALE016779,Completed
CLM002492,2025-12-31,SALE016791,Warranty Void
CLM002493,2023-09-29,SALE016795,Warranty Void
CLM002494,2024-07-23,SALE016797,Warranty Void
CLM002495,2022-06-09,SALE016798,Completed
CLM002496,2021-03-25,SALE016809,Warranty Void
CLM002497,2024-03-26,SALE016820,Warranty Void
CLM002498,2020-02-26,SALE016824,Completed
CLM002499,2023-09-08,SALE016834,Replaced
CLM002500,2025-07-23,SALE016841,Completed
CLM002501,2025-05-03,SALE016845,Completed
CLM002502,2020-10-27,SALE016852,Rejected
CLM002503,2021-03-21,SALE016857,Pending
CLM002504,2024-12-24,SALE016860,Completed
CLM002505,2025-06-15,SALE016868,Completed
CLM002506,2022-12-24,SALE016875,Paid Repaired
CLM002507,2021-11-10,SALE016884,Paid Repaired
CLM002508,2024-03-18,SALE016887,Replaced
CLM002509,2025-03-20,SALE016892,Completed
CLM002510,2022-09-18,SALE016902,Replaced
CLM002511,2024-02-16,SALE016912,Replaced
CLM002512,2022-11-23,SALE016913,Completed
CLM002513,2024-07-06,SALE016919,Rejected
CLM002514,2022-09-09,SALE016930,Paid Repaired
CLM002515,2022-07-18,SALE016936,Paid Repaired
CLM002516,2023-10-18,SALE016951,Completed
CLM002517,2022-08-25,SALE016958,Replaced
CLM002518,2023-09-07,SALE016966,Paid Repaired
CLM002519,2025-06-29,SALE016968,Completed
CLM002520,2021-04-25,SALE016970,Replaced
CLM002521,2021-10-09,SALE016979,Completed
CLM002522,2023-04-01,SALE016994,Completed
CLM002523,2024-02-07,SALE017002,Pending
CLM002524,2022-06-14,SALE017033,Paid Repaired
CLM002525,2025-12-31,SALE017034,Replaced
CLM002526,2025-03-04,SALE017045,Rejected
CLM002527,2023-07-27,SALE017051,Completed
CLM002528,2021-03-08,SALE017056,Completed
CLM002529,2025-12-24,SALE017075,Pending
CLM002530,2023-09-09,SALE017094,Completed
CLM002531,2022-07-13,SALE017098,Replaced
CLM002532,2024-12-03,SALE017099,Replaced
CLM002533,2020-06-25,SALE017101,Paid Repaired
CLM002534,2022-05-30,SALE017103,Paid Repaired
CLM002535,2021-01-28,SALE017105,Completed
CLM002536,2024-02-17,SALE017110,Completed
CLM002537,2025-06-03,SALE017117,Warranty Void
CLM002538,2025-09-26,SALE017127,Completed
CLM002539,2021-11-01,SALE017130,Replaced
CLM002540,2022-07-21,SALE017133,Rejected
CLM002541,2025-07-22,SALE017138,Completed
CLM002542,2025-04-05,SALE017156,Paid Repaired
CLM002543,2024-07-08,SALE017172,Completed
CLM002544,2025-02-22,SALE017174,Completed
CLM002545,2025-04-21,SALE017180,Paid Repaired
CLM002546,2020-09-21,SALE017184,Paid Repaired
CLM002547,2023-04-08,SALE017191,Completed
CLM002548,2021-07-04,SALE017198,Replaced
CLM002549,2025-07-09,SALE017203,Replaced
CLM002550,2022-01-04,SALE017205,Paid Repaired
CLM002551,2020-12-16,SALE017215,Completed
CLM002552,2022-02-13,SALE017232,Completed
CLM002553,2023-08-18,SALE017243,Rejected
CLM002554,2022-03-17,SALE017244,Completed
CLM002555,2025-12-28,SALE017257,Warranty Void
CLM002556,2020-12-08,SALE017265,Completed
CLM002557,2021-09-07,SALE017267,Completed
CLM002558,2025-06-25,SALE017275,Replaced
CLM002559,2020-05-14,SALE017278,Completed
CLM002560,2022-10-12,SALE017291,Paid Repaired
CLM002561,2024-03-26,SALE017293,Replaced
CLM002562,2025-12-31,SALE017316,Replaced
CLM002563,2024-01-07,SALE017320,Completed
CLM002564,2022-10-15,SALE017330,Completed
CLM002565,2025-04-12,SALE017332,Completed
CLM002566,2021-02-17,SALE017334,Pending
CLM002567,2022-04-08,SALE017337,Pending
CLM002568,2022-01-31,SALE017349,Completed
CLM002569,2024-12-02,SALE017351,Completed
CLM002570,2023-09-11,SALE017361,Completed
CLM002571,2021-11-01,SALE017370,Rejected
CLM002572,2023-01-22,SALE017375,Completed
CLM002573,2021-09-10,SALE017377,Paid Repaired
CLM002574,2024-09-30,SALE017384,Completed
CLM002575,2023-09-17,SALE017386,Rejected
CLM002576,2021-06-24,SALE017388,Completed
CLM002577,2022-03-02,SALE017393,Completed
CLM002578,2025-12-31,SALE017395,Completed
CLM002579,2025-12-31,SALE017399,Completed
CLM002580,2022-10-28,SALE017401,Warranty Void
CLM002581,2023-12-05,SALE017409,Completed
CLM002582,2023-04-23,SALE017423,Paid Repaired
CLM002583,2025-04-08,SALE017425,Paid Repaired
CLM002584,2021-06-19,SALE017432,Replaced
CLM002585,2023-06-22,SALE017435,Completed
CLM002586,2023-12-04,SALE017439,Completed
CLM002587,2025-01-18,SALE017453,Completed
CLM002588,2021-05-26,SALE017467,Replaced
CLM002589,2022-10-19,SALE017471,Completed
CLM002590,2022-03-20,SALE017479,Completed
CLM002591,2023-09-09,SALE017482,Replaced
CLM002592,2022-05-04,SALE017485,Completed
CLM002593,2021-04-26,SALE017491,Completed
CLM002594,2022-05-26,SALE017492,Paid Repaired
CLM002595,2024-05-06,SALE017495,Completed
CLM002596,2023-11-30,SALE017503,Paid Repaired
CLM002597,2024-12-28,SALE017512,Completed
CLM002598,2025-04-10,SALE017532,Completed
CLM002599,2021-04-02,SALE017550,Paid Repaired
CLM002600,2025-07-01,SALE017552,Replaced
CLM002601,2023-08-15,SALE017572,Completed
CLM002602,2024-04-06,SALE017576,Paid Repaired
CLM002603,2023-06-17,SALE017580,Replaced
CLM002604,2024-02-11,SALE017609,Warranty Void
CLM002605,2024-06-09,SALE017612,Replaced
CLM002606,2021-07-28,SALE017616,Paid Repaired
CLM002607,2021-06-04,SALE017620,Replaced
CLM002608,2020-09-09,SALE017627,Completed
CLM002609,2025-11-28,SALE017633,Completed
CLM002610,2024-11-25,SALE017638,Completed
CLM002611,2025-04-29,SALE017645,Paid Repaired
CLM002612,2025-12-31,SALE017654,Completed
CLM002613,2022-08-09,SALE017659,Pending
CLM002614,2022-04-10,SALE017661,Completed
CLM002615,2021-02-26,SALE017662,Replaced
CLM002616,2025-05-12,SALE017663,Warranty Void
CLM002617,2021-09-14,SALE017667,Completed
CLM002618,2021-07-26,SALE017670,Warranty Void
CLM002619,2025-06-20,SALE017673,Completed
CLM002620,2023-08-13,SALE017687,Replaced
CLM002621,2021-07-05,SALE017691,Completed
CLM002622,2025-06-30,SALE017694,Completed
CLM002623,2025-03-21,SALE017700,Completed
CLM002624,2025-12-31,SALE017708,Replaced
CLM002625,2020-04-15,SALE017710,Completed
CLM002626,2021-06-28,SALE017715,Replaced
CLM002627,2025-08-19,SALE017717,Paid Repaired
CLM002628,2022-05-06,SALE017721,Replaced
CLM002629,2022-10-20,SALE017724,Completed
CLM002630,2022-12-29,SALE017734,Replaced
CLM002631,2022-10-10,SALE017737,Rejected
CLM002632,2023-02-06,SALE017771,Paid Repaired
CLM002633,2023-07-10,SALE017816,Paid Repaired
CLM002634,2022-02-12,SALE017829,Completed
CLM002635,2025-05-28,SALE017834,Pending
CLM002636,2023-05-18,SALE017837,Completed
CLM002637,2024-08-04,SALE017847,Completed
CLM002638,2023-12-12,SALE017848,Rejected
CLM002639,2023-03-07,SALE017851,Paid Repaired
CLM002640,2025-06-04,SALE017852,Pending
CLM002641,2023-04-27,SALE017853,Completed
CLM002642,2025-06-21,SALE017856,Warranty Void
CLM002643,2022-05-04,SALE017878,Completed
CLM002644,2023-06-15,SALE017883,Paid Repaired
CLM002645,2020-10-11,SALE017894,Completed
CLM002646,2025-12-31,SALE017902,Rejected
CLM002647,2022-08-16,SALE017916,Completed
CLM002648,2020-12-20,SALE017923,Completed
CLM002649,2025-04-22,SALE017931,Pending
CLM002650,2022-12-20,SALE017947,Replaced
CLM002651,2024-01-15,SALE017948,Replaced
CLM002652,2020-11-12,SALE017950,Replaced
CLM002653,2022-05-27,SALE017954,Completed
CLM002654,2022-08-13,SALE017956,Completed
CLM002655,2024-04-17,SALE017959,Rejected
CLM002656,2021-10-08,SALE017970,Completed
CLM002657,2022-10-10,SALE017971,Completed
CLM002658,2025-07-03,SALE017976,Completed
CLM002659,2022-04-12,SALE017979,Paid Repaired
CLM002660,2023-03-10,SALE017989,Rejected
CLM002661,2024-01-23,SALE017999,Warranty Void
CLM002662,2021-07-30,SALE018002,Completed
CLM002663,2023-01-27,SALE018004,Completed
CLM002664,2023-11-11,SALE018006,Completed
CLM002665,2022-09-29,SALE018008,Completed
CLM002666,2023-04-17,SALE018018,Completed
CLM002667,2024-10-26,SALE018020,Completed
CLM002668,2025-03-25,SALE018029,Replaced
CLM002669,2021-02-01,SALE018031,Replaced
CLM002670,2023-05-02,SALE018036,Paid Repaired
CLM002671,2023-10-16,SALE018037,Completed
CLM002672,2023-01-31,SALE018040,Replaced
CLM002673,2021-06-28,SALE018058,Paid Repaired
CLM002674,2022-05-10,SALE018059,Replaced
CLM002675,2023-12-06,SALE018060,Paid Repaired
CLM002676,2020-07-09,SALE018065,Pending
CLM002677,2023-10-18,SALE018067,Completed
CLM002678,2023-10-30,SALE018069,Replaced
CLM002679,2025-12-25,SALE018071,Completed
CLM002680,2025-12-31,SALE018075,Warranty Void
CLM002681,2025-01-01,SALE018081,Replaced
CLM002682,2024-06-12,SALE018085,Completed
CLM002683,2023-08-14,SALE018092,Rejected
CLM002684,2023-01-31,SALE018100,Replaced
CLM002685,2021-06-06,SALE018101,Replaced
CLM002686,2022-09-03,SALE018106,Completed
CLM002687,2022-02-05,SALE018109,Completed
CLM002688,2025-12-31,SALE018119,Completed
CLM002689,2021-10-14,SALE018120,Completed
CLM002690,2022-12-10,SALE018121,Completed
CLM002691,2025-12-10,SALE018124,Replaced
CLM002692,2025-09-05,SALE018129,Completed
CLM002693,2021-10-14,SALE018144,Paid Repaired
CLM002694,2024-02-29,SALE018145,Warranty Void
CLM002695,2023-09-22,SALE018151,Replaced
CLM002696,2024-01-19,SALE018158,Completed
CLM002697,2023-06-03,SALE018159,Completed
CLM002698,2023-02-18,SALE018166,Completed
CLM002699,2024-07-16,SALE018170,Completed
CLM002700,2021-07-24,SALE018173,Completed
CLM002701,2023-02-01,SALE018175,Completed
CLM002702,2023-01-29,SALE018176,Rejected
CLM002703,2024-06-20,SALE018178,Paid Repaired
CLM002704,2023-04-16,SALE018182,Completed
CLM002705,2025-04-13,SALE018191,Completed
CLM002706,2023-04-16,SALE018193,Completed
CLM002707,2021-06-18,SALE018197,Replaced
CLM002708,2023-08-24,SALE018246,Completed
CLM002709,2025-07-04,SALE018248,Pending
CLM002710,2024-06-20,SALE018264,Completed
CLM002711,2022-02-10,SALE018272,Replaced
CLM002712,2024-10-17,SALE018273,Completed
CLM002713,2022-02-04,SALE018277,Completed
CLM002714,2025-02-04,SALE018279,Completed
CLM002715,2021-08-29,SALE018316,Completed
CLM002716,2022-06-09,SALE018370,Paid Repaired
CLM002717,2021-12-10,SALE018373,Completed
CLM002718,2024-06-12,SALE018397,Completed
CLM002719,2023-07-25,SALE018401,Paid Repaired
CLM002720,2022-07-02,SALE018424,Completed
CLM002721,2024-11-21,SALE018426,Completed
CLM002722,2024-12-05,SALE018429,Completed
CLM002723,2020-07-11,SALE018444,Replaced
CLM002724,2023-06-16,SALE018445,Completed
CLM002725,2023-10-07,SALE018453,Completed
CLM002726,2022-09-23,SALE018462,Paid Repaired
CLM002727,2024-11-03,SALE018463,Completed
CLM002728,2021-04-24,SALE018477,Completed
CLM002729,2021-10-15,SALE018482,Warranty Void
CLM002730,2021-04-08,SALE018485,Completed
CLM002731,2023-08-09,SALE018508,Completed
CLM002732,2021-06-27,SALE018512,Completed
CLM002733,2022-01-07,SALE018533,Replaced
CLM002734,2021-03-20,SALE018538,Rejected
CLM002735,2020-08-11,SALE018539,Completed
CLM002736,2025-08-31,SALE018556,Rejected
CLM002737,2024-05-22,SALE018557,Completed
CLM002738,2022-02-07,SALE018571,Warranty Void
CLM002739,2022-02-02,SALE018588,Paid Repaired
CLM002740,2024-09-08,SALE018594,Replaced
CLM002741,2025-02-10,SALE018597,Completed
CLM002742,2024-06-16,SALE018607,Paid Repaired
CLM002743,2025-10-02,SALE018608,Completed
CLM002744,2025-02-25,SALE018612,Completed
CLM002745,2021-09-13,SALE018618,Completed
CLM002746,2023-01-04,SALE018621,Warranty Void
CLM002747,2020-12-21,SALE018632,Completed
CLM002748,2021-11-19,SALE018641,Warranty Void
CLM002749,2022-12-26,SALE018674,Completed
CLM002750,2025-11-17,SALE018679,Completed
CLM002751,2025-12-31,SALE018689,Completed
CLM002752,2024-02-11,SALE018691,Warranty Void
CLM002753,2023-07-05,SALE018704,Completed
CLM002754,2022-01-24,SALE018717,Completed
CLM002755,2023-01-13,SALE018720,Pending
CLM002756,2022-10-23,SALE018721,Paid Repaired
CLM002757,2022-12-05,SALE018726,Pending
CLM002758,2024-03-16,SALE018728,Completed
CLM002759,2023-10-07,SALE018732,Paid Repaired
CLM002760,2022-04-17,SALE018738,Completed
CLM002761,2025-01-01,SALE018750,Completed
CLM002762,2024-08-16,SALE018754,Rejected
CLM002763,2023-10-06,SALE018767,Completed
CLM002764,2022-09-19,SALE018771,Completed
CLM002765,2025-01-01,SALE018774,Completed
CLM002766,2025-05-25,SALE018794,Completed
CLM002767,2022-09-22,SALE018803,Completed
CLM002768,2023-12-28,SALE018810,Warranty Void
CLM002769,2023-02-15,SALE018812,Paid Repaired
CLM002770,2025-12-31,SALE018813,Completed
CLM002771,2022-07-12,SALE018825,Completed
CLM002772,2024-05-23,SALE018829,Paid Repaired
CLM002773,2022-11-08,SALE018835,Rejected
CLM002774,2024-03-27,SALE018840,Completed
CLM002775,2022-07-01,SALE018857,Replaced
CLM002776,2025-07-06,SALE018871,Replaced
CLM002777,2025-09-23,SALE018876,Rejected
CLM002778,2023-09-04,SALE018877,Replaced
CLM002779,2025-04-10,SALE018891,Replaced
CLM002780,2022-09-27,SALE018901,Paid Repaired
CLM002781,2025-03-13,SALE018904,Paid Repaired
CLM002782,2024-03-16,SALE018907,Completed
CLM002783,2025-05-14,SALE018910,Rejected
CLM002784,2022-04-26,SALE018921,Pending
CLM002785,2023-06-14,SALE018925,Replaced
CLM002786,2020-07-27,SALE018926,Replaced
CLM002787,2024-09-09,SALE018927,Pending
CLM002788,2022-09-02,SALE018928,Completed
CLM002789,2025-06-01,SALE018930,Completed
CLM002790,2023-06-07,SALE018937,Paid Repaired
CLM002791,2025-12-31,SALE018953,Replaced
CLM002792,2020-12-25,SALE018963,Completed
CLM002793,2024-12-18,SALE018966,Pending
CLM002794,2023-03-09,SALE018973,Completed
CLM002795,2023-11-29,SALE018975,Completed
CLM002796,2020-09-27,SALE018982,Paid Repaired
CLM002797,2024-09-15,SALE018992,Replaced
CLM002798,2025-12-31,SALE018998,Completed
CLM002799,2023-04-02,SALE019001,Warranty Void
CLM002800,2025-12-31,SALE019008,Completed
CLM002801,2025-03-06,SALE019009,Paid Repaired
CLM002802,2024-05-21,SALE019010,Rejected
CLM002803,2022-07-20,SALE019014,Warranty Void
CLM002804,2024-03-31,SALE019022,Completed
CLM002805,2024-01-31,SALE019025,Rejected
CLM002806,2024-05-12,SALE019029,Completed
CLM002807,2022-09-07,SALE019034,Pending
CLM002808,2025-06-02,SALE019036,Completed
CLM002809,2025-03-31,SALE019038,Completed
CLM002810,2022-05-10,SALE019052,Replaced
CLM002811,2025-12-31,SALE019056,Warranty Void
CLM002812,2024-01-08,SALE019065,Rejected
CLM002813,2023-02-20,SALE019076,Warranty Void
CLM002814,2024-06-02,SALE019088,Replaced
CLM002815,2021-05-13,SALE019089,Paid Repaired
CLM002816,2024-07-29,SALE019090,Paid Repaired
CLM002817,2023-12-01,SALE019096,Completed
CLM002818,2023-03-17,SALE019098,Replaced
CLM002819,2024-07-05,SALE019100,Replaced
CLM002820,2022-10-19,SALE019107,Completed
CLM002821,2024-08-19,SALE019113,Completed
CLM002822,2022-11-07,SALE019126,Completed
CLM002823,2022-01-19,SALE019133,Rejected
CLM002824,2020-07-26,SALE019134,Completed
CLM002825,2023-09-09,SALE019137,Completed
CLM002826,2024-01-01,SALE019142,Completed
CLM002827,2024-03-03,SALE019144,Replaced
CLM002828,2023-01-08,SALE019145,Completed
CLM002829,2023-09-18,SALE019146,Pending
CLM002830,2022-05-28,SALE019147,Warranty Void
CLM002831,2024-12-08,SALE019149,Completed
CLM002832,2024-05-28,SALE019150,Pending
CLM002833,2023-10-20,SALE019170,Pending
CLM002834,2021-12-25,SALE019173,Replaced
CLM002835,2023-06-03,SALE019176,Completed
CLM002836,2024-01-18,SALE019181,Paid Repaired
CLM002837,2021-08-29,SALE019184,Completed
CLM002838,2022-03-21,SALE019187,Completed
CLM002839,2025-12-31,SALE019193,Completed
CLM002840,2023-02-22,SALE019195,Rejected
CLM002841,2021-03-16,SALE019198,Replaced
CLM002842,2023-03-18,SALE019201,Pending
CLM002843,2023-09-07,SALE019203,Completed
CLM002844,2023-07-23,SALE019211,Completed
CLM002845,2021-04-03,SALE019213,Completed
CLM002846,2021-04-16,SALE019217,Completed
CLM002847,2021-07-15,SALE019224,Completed
CLM002848,2020-06-17,SALE019229,Completed
CLM002849,2024-12-10,SALE019233,Replaced
CLM002850,2025-02-27,SALE019249,Completed
CLM002851,2023-12-20,SALE019250,Completed
CLM002852,2023-08-09,SALE019255,Completed
CLM002853,2021-06-22,SALE019264,Replaced
CLM002854,2023-06-20,SALE019272,Pending
CLM002855,2024-01-25,SALE019287,Replaced
CLM002856,2025-12-31,SALE019297,Replaced
CLM002857,2022-01-22,SALE019319,Replaced
CLM002858,2024-05-19,SALE019336,Replaced
CLM002859,2025-11-23,SALE019354,Completed
CLM002860,2023-01-06,SALE019356,Replaced
CLM002861,2025-12-05,SALE019361,Pending
CLM002862,2024-12-01,SALE019365,Completed
CLM002863,2022-02-01,SALE019376,Paid Repaired
CLM002864,2024-01-28,SALE019419,Completed
CLM002865,2022-02-02,SALE019420,Paid Repaired
CLM002866,2025-12-31,SALE019422,Pending
CLM002867,2023-11-07,SALE019431,Replaced
CLM002868,2022-07-20,SALE019437,Completed
CLM002869,2025-05-16,SALE019446,Completed
CLM002870,2025-05-01,SALE019449,Replaced
CLM002871,2021-07-11,SALE019455,Rejected
CLM002872,2021-07-08,SALE019458,Completed
CLM002873,2021-03-05,SALE019463,Replaced
CLM002874,2022-08-13,SALE019466,Completed
CLM002875,2020-06-30,SALE019468,Completed
CLM002876,2021-11-06,SALE019471,Completed
CLM002877,2024-02-05,SALE019478,Completed
CLM002878,2022-10-08,SALE019497,Replaced
CLM002879,2023-12-05,SALE019508,Completed
CLM002880,2022-03-21,SALE019510,Pending
CLM002881,2023-08-17,SALE019511,Pending
CLM002882,2021-09-06,SALE019517,Completed
CLM002883,2025-09-12,SALE019521,Completed
CLM002884,2024-05-04,SALE019547,Pending
CLM002885,2021-10-07,SALE019554,Pending
CLM002886,2025-05-25,SALE019558,Completed
CLM002887,2024-08-03,SALE019559,Completed
CLM002888,2022-03-14,SALE019560,Paid Repaired
CLM002889,2022-09-19,SALE019566,Completed
CLM002890,2023-02-26,SALE019571,Paid Repaired
CLM002891,2022-05-20,SALE019572,Replaced
CLM002892,2024-11-29,SALE019576,Completed
CLM002893,2022-12-16,SALE019577,Replaced
CLM002894,2021-02-02,SALE019583,Completed
CLM002895,2024-09-03,SALE019588,Paid Repaired
CLM002896,2025-05-03,SALE019591,Completed
CLM002897,2023-03-11,SALE019596,Paid Repaired
CLM002898,2025-12-31,SALE019602,Pending
CLM002899,2024-08-15,SALE019607,Completed
CLM002900,2021-09-19,SALE019612,Completed
CLM002901,2025-06-26,SALE019613,Completed
CLM002902,2021-04-13,SALE019627,Warranty Void
CLM002903,2025-04-10,SALE019629,Pending
CLM002904,2020-05-01,SALE019633,Paid Repaired
CLM002905,2025-07-20,SALE019634,Completed
CLM002906,2024-06-28,SALE019664,Replaced
CLM002907,2020-08-29,SALE019678,Completed
CLM002908,2023-03-14,SALE019682,Replaced
CLM002909,2022-11-28,SALE019686,Rejected
CLM002910,2021-06-06,SALE019708,Completed
CLM002911,2025-09-23,SALE019710,Paid Repaired
CLM002912,2025-05-15,SALE019729,Completed
CLM002913,2024-01-06,SALE019735,Rejected
CLM002914,2021-10-08,SALE019773,Warranty Void
CLM002915,2022-10-09,SALE019782,Completed
CLM002916,2021-12-16,SALE019783,Paid Repaired
CLM002917,2020-09-09,SALE019789,Replaced
CLM002918,2022-09-06,SALE019790,Completed
CLM002919,2024-09-04,SALE019794,Paid Repaired
CLM002920,2025-01-08,SALE019797,Completed
CLM002921,2024-01-11,SALE019800,Completed
CLM002922,2025-12-31,SALE019809,Completed
CLM002923,2023-03-18,SALE019821,Warranty Void
CLM002924,2023-01-24,SALE019829,Completed
CLM002925,2024-06-17,SALE019831,Completed
CLM002926,2025-05-07,SALE019847,Pending
CLM002927,2025-12-31,SALE019895,Warranty Void
CLM002928,2021-11-03,SALE019897,Replaced
CLM002929,2022-03-05,SALE019898,Replaced
CLM002930,2025-01-17,SALE019902,Replaced
CLM002931,2021-11-06,SALE019913,Completed
CLM002932,2021-04-15,SALE019917,Completed
CLM002933,2021-07-07,SALE019920,Replaced
CLM002934,2025-12-31,SALE019923,Completed
CLM002935,2021-04-26,SALE019974,Paid Repaired
CLM002936,2023-06-29,SALE019977,Pending
CLM002937,2025-11-14,SALE019988,Completed
CLM002938,2025-10-18,SALE019996,Pending
CLM002939,2024-09-22,SALE020008,Completed
CLM002940,2025-02-23,SALE020012,Pending
CLM002941,2020-05-07,SALE020014,Replaced
CLM002942,2025-02-03,SALE020015,Completed
CLM002943,2022-05-02,SALE020018,Replaced
CLM002944,2024-01-09,SALE020024,Paid Repaired
CLM002945,2025-04-18,SALE020047,Replaced
CLM002946,2025-03-23,SALE020053,Replaced
CLM002947,2025-03-02,SALE020055,Completed
CLM002948,2023-03-20,SALE020059,Completed
CLM002949,2022-10-19,SALE020067,Completed
CLM002950,2021-11-14,SALE020072,Completed
CLM002951,2020-10-29,SALE020073,Pending
CLM002952,2025-09-15,SALE020080,Completed
CLM002953,2021-06-25,SALE020092,Replaced
CLM002954,2025-11-08,SALE020102,Pending
CLM002955,2022-12-11,SALE020106,Replaced
CLM002956,2020-05-19,SALE020110,Completed
CLM002957,2025-11-17,SALE020116,Rejected
CLM002958,2022-05-29,SALE020119,Completed
CLM002959,2022-11-02,SALE020136,Replaced
CLM002960,2024-06-12,SALE020139,Completed
CLM002961,2022-06-15,SALE020140,Replaced
CLM002962,2023-11-15,SALE020143,Replaced
CLM002963,2025-07-05,SALE020151,Warranty Void
CLM002964,2021-06-16,SALE020155,Completed
CLM002965,2021-11-12,SALE020174,Replaced
CLM002966,2021-04-26,SALE020186,Completed
CLM002967,2022-11-10,SALE020206,Completed
CLM002968,2025-09-18,SALE020210,Completed
CLM002969,2021-01-02,SALE020218,Paid Repaired
CLM002970,2023-07-17,SALE020225,Rejected
CLM002971,2024-05-13,SALE020228,Completed
CLM002972,2022-02-27,SALE020230,Pending
CLM002973,2024-06-03,SALE020248,Completed
CLM002974,2023-07-08,SALE020252,Completed
CLM002975,2024-05-08,SALE020259,Completed
CLM002976,2024-11-12,SALE020264,Completed
CLM002977,2024-07-14,SALE020275,Completed
CLM002978,2025-12-31,SALE020278,Paid Repaired
CLM002979,2023-05-14,SALE020285,Paid Repaired
CLM002980,2022-09-14,SALE020289,Replaced
CLM002981,2024-08-14,SALE020291,Completed
CLM002982,2023-02-09,SALE020303,Replaced
CLM002983,2024-10-29,SALE020315,Replaced
CLM002984,2022-08-13,SALE020325,Replaced
CLM002985,2021-11-13,SALE020333,Completed
CLM002986,2023-07-29,SALE020339,Completed
CLM002987,2024-03-27,SALE020340,Pending
CLM002988,2025-02-05,SALE020341,Completed
CLM002989,2022-11-07,SALE020351,Completed
CLM002990,2022-03-04,SALE020361,Replaced
CLM002991,2025-12-31,SALE020366,Completed
CLM002992,2024-05-01,SALE020367,Completed
CLM002993,2020-11-17,SALE020377,Replaced
CLM002994,2022-05-28,SALE020382,Completed
CLM002995,2023-06-27,SALE020390,Completed
CLM002996,2024-09-16,SALE020398,Completed
CLM002997,2023-02-01,SALE020400,Completed
CLM002998,2020-10-23,SALE020414,Replaced
CLM002999,2023-11-02,SALE020423,Completed
CLM003000,2024-04-14,SALE020428,Completed
CLM003001,2024-07-20,SALE020446,Completed
CLM003002,2022-05-27,SALE020452,Rejected
CLM003003,2021-08-15,SALE020462,Rejected
CLM003004,2025-09-01,SALE020467,Paid Repaired
CLM003005,2020-12-15,SALE020474,Replaced
CLM003006,2022-04-14,SALE020478,Paid Repaired
CLM003007,2025-12-31,SALE020481,Paid Repaired
CLM003008,2022-12-16,SALE020482,Completed
CLM003009,2025-01-30,SALE020491,Completed
CLM003010,2022-05-27,SALE020494,Warranty Void
CLM003011,2025-12-31,SALE020501,Completed
CLM003012,2021-10-19,SALE020506,Replaced
CLM003013,2025-01-27,SALE020508,Rejected
CLM003014,2021-04-12,SALE020525,Pending
CLM003015,2022-08-11,SALE020526,Completed
CLM003016,2025-11-27,SALE020543,Completed
CLM003017,2020-08-06,SALE020561,Replaced
CLM003018,2023-12-01,SALE020565,Pending
CLM003019,2025-12-31,SALE020567,Paid Repaired
CLM003020,2021-10-08,SALE020578,Completed
CLM003021,2022-09-26,SALE020587,Completed
CLM003022,2024-08-08,SALE020609,Completed
CLM003023,2022-04-02,SALE020612,Pending
CLM003024,2021-04-17,SALE020623,Completed
CLM003025,2025-09-24,SALE020630,Replaced
CLM003026,2022-09-08,SALE020633,Paid Repaired
CLM003027,2022-02-17,SALE020642,Pending
CLM003028,2023-05-06,SALE020643,Completed
CLM003029,2023-10-09,SALE020660,Replaced
CLM003030,2025-11-25,SALE020667,Completed
CLM003031,2021-04-23,SALE020668,Replaced
CLM003032,2025-09-24,SALE020670,Completed
CLM003033,2025-03-13,SALE020671,Completed
CLM003034,2021-06-20,SALE020674,Pending
CLM003035,2024-01-09,SALE020676,Pending
CLM003036,2025-04-14,SALE020681,Pending
CLM003037,2024-05-23,SALE020685,Replaced
CLM003038,2025-11-18,SALE020708,Completed
CLM003039,2025-12-31,SALE020725,Pending
CLM003040,2025-12-31,SALE020732,Completed
CLM003041,2023-01-24,SALE020738,Rejected
CLM003042,2021-03-31,SALE020740,Paid Repaired
CLM003043,2023-08-13,SALE020741,Rejected
CLM003044,2024-05-16,SALE020744,Completed
CLM003045,2022-11-28,SALE020749,Rejected
CLM003046,2021-11-08,SALE020751,Completed
CLM003047,2021-08-28,SALE020755,Pending
CLM003048,2022-10-30,SALE020757,Completed
CLM003049,2025-12-31,SALE020772,Completed
CLM003050,2024-11-26,SALE020779,Completed
CLM003051,2022-04-09,SALE020792,Pending
CLM003052,2022-07-22,SALE020801,Completed
CLM003053,2020-12-12,SALE020810,Replaced
CLM003054,2022-02-10,SALE020817,Replaced
CLM003055,2024-08-27,SALE020819,Warranty Void
CLM003056,2021-12-09,SALE020825,Warranty Void
CLM003057,2020-12-23,SALE020863,Completed
CLM003058,2024-12-26,SALE020875,Completed
CLM003059,2025-12-31,SALE020898,Completed
CLM003060,2024-06-24,SALE020902,Completed
CLM003061,2025-07-02,SALE020936,Pending
CLM003062,2025-01-30,SALE020946,Completed
CLM003063,2023-10-16,SALE020949,Replaced
CLM003064,2024-02-05,SALE020969,Paid Repaired
CLM003065,2024-11-21,SALE020970,Completed
CLM003066,2022-01-08,SALE020975,Completed
CLM003067,2023-11-07,SALE020986,Completed
CLM003068,2023-01-19,SALE020987,Completed
CLM003069,2023-09-22,SALE021001,Completed
CLM003070,2025-12-06,SALE021004,Pending
CLM003071,2025-12-31,SALE021024,Completed
CLM003072,2022-05-25,SALE021039,Paid Repaired
CLM003073,2024-02-20,SALE021043,Completed
CLM003074,2024-09-07,SALE021044,Completed
CLM003075,2022-01-26,SALE021045,Completed
CLM003076,2025-12-18,SALE021048,Rejected
CLM003077,2023-12-25,SALE021051,Completed
CLM003078,2023-03-13,SALE021053,Completed
CLM003079,2022-08-12,SALE021074,Completed
CLM003080,2024-05-21,SALE021089,Completed
CLM003081,2023-01-23,SALE021091,Warranty Void
CLM003082,2021-05-06,SALE021092,Completed
CLM003083,2022-03-10,SALE021094,Paid Repaired
CLM003084,2023-08-22,SALE021109,Pending
CLM003085,2021-08-19,SALE021110,Pending
CLM003086,2022-11-21,SALE021112,Replaced
CLM003087,2024-04-04,SALE021134,Completed
CLM003088,2024-10-30,SALE021138,Warranty Void
CLM003089,2025-07-19,SALE021140,Completed
CLM003090,2023-01-20,SALE021146,Completed
CLM003091,2022-01-06,SALE021151,Paid Repaired
CLM003092,2022-10-16,SALE021161,Paid Repaired
CLM003093,2024-11-15,SALE021165,Paid Repaired
CLM003094,2023-10-27,SALE021167,Completed
CLM003095,2024-01-24,SALE021169,Completed
CLM003096,2025-07-17,SALE021183,Completed
CLM003097,2020-07-09,SALE021209,Completed
CLM003098,2020-05-03,SALE021210,Paid Repaired
CLM003099,2024-04-16,SALE021238,Replaced
CLM003100,2022-04-17,SALE021264,Replaced
CLM003101,2023-05-24,SALE021274,Completed
CLM003102,2021-07-17,SALE021276,Pending
CLM003103,2022-12-29,SALE021285,Replaced
CLM003104,2021-03-30,SALE021286,Completed
CLM003105,2025-08-25,SALE021289,Replaced
CLM003106,2025-10-23,SALE021300,Completed
CLM003107,2025-03-16,SALE021303,Completed
CLM003108,2025-09-11,SALE021304,Paid Repaired
CLM003109,2021-09-17,SALE021306,Completed
CLM003110,2021-08-13,SALE021312,Completed
CLM003111,2022-12-12,SALE021314,Warranty Void
CLM003112,2025-12-31,SALE021319,Completed
CLM003113,2023-01-18,SALE021327,Warranty Void
CLM003114,2022-10-06,SALE021344,Completed
CLM003115,2023-11-03,SALE021345,Pending
CLM003116,2025-04-22,SALE021347,Paid Repaired
CLM003117,2025-07-21,SALE021359,Paid Repaired
CLM003118,2022-10-29,SALE021361,Completed
CLM003119,2021-06-22,SALE021365,Completed
CLM003120,2024-03-09,SALE021381,Completed
CLM003121,2024-07-04,SALE021383,Pending
CLM003122,2022-06-30,SALE021385,Completed
CLM003123,2024-11-05,SALE021388,Pending
CLM003124,2023-04-10,SALE021395,Warranty Void
CLM003125,2023-11-29,SALE021396,Completed
CLM003126,2024-12-08,SALE021407,Completed
CLM003127,2025-12-29,SALE021410,Pending
CLM003128,2021-02-26,SALE021421,Completed
CLM003129,2021-10-07,SALE021427,Replaced
CLM003130,2025-12-31,SALE021434,Completed
CLM003131,2023-09-15,SALE021441,Warranty Void
CLM003132,2023-08-27,SALE021442,Completed
CLM003133,2023-06-26,SALE021446,Replaced
CLM003134,2021-06-18,SALE021459,Completed
CLM003135,2024-05-29,SALE021461,Completed
CLM003136,2021-10-30,SALE021464,Completed
CLM003137,2024-09-03,SALE021471,Pending
CLM003138,2023-12-07,SALE021476,Replaced
CLM003139,2024-08-15,SALE021480,Completed
CLM003140,2025-10-19,SALE021490,Replaced
CLM003141,2022-10-13,SALE021492,Completed
CLM003142,2023-10-20,SALE021496,Replaced
CLM003143,2023-11-24,SALE021502,Replaced
CLM003144,2020-09-07,SALE021504,Completed
CLM003145,2021-05-10,SALE021507,Warranty Void
CLM003146,2025-12-31,SALE021508,Paid Repaired
CLM003147,2022-04-21,SALE021512,Completed
CLM003148,2025-03-28,SALE021514,Completed
CLM003149,2023-06-04,SALE021516,Paid Repaired
CLM003150,2023-03-05,SALE021517,Completed
CLM003151,2023-09-21,SALE021520,Warranty Void
CLM003152,2023-02-20,SALE021523,Replaced
CLM003153,2021-06-24,SALE021536,Completed
CLM003154,2025-06-08,SALE021541,Completed
CLM003155,2021-06-22,SALE021550,Replaced
CLM003156,2025-12-31,SALE021553,Pending
CLM003157,2024-05-26,SALE021554,Replaced
CLM003158,2023-07-03,SALE021566,Completed
CLM003159,2022-08-15,SALE021570,Completed
CLM003160,2023-11-24,SALE021572,Completed
CLM003161,2025-12-31,SALE021578,Warranty Void
CLM003162,2025-02-09,SALE021581,Replaced
CLM003163,2021-11-29,SALE021585,Replaced
CLM003164,2021-12-07,SALE021586,Completed
CLM003165,2024-05-10,SALE021588,Pending
CLM003166,2025-12-31,SALE021602,Paid Repaired
CLM003167,2024-08-24,SALE021613,Warranty Void
CLM003168,2021-07-15,SALE021622,Replaced
CLM003169,2021-03-06,SALE021629,Completed
CLM003170,2024-11-04,SALE021630,Replaced
CLM003171,2025-01-01,SALE021639,Replaced
CLM003172,2021-10-16,SALE021644,Rejected
CLM003173,2021-04-23,SALE021650,Paid Repaired
CLM003174,2021-05-30,SALE021669,Completed
CLM003175,2020-09-27,SALE021672,Completed
CLM003176,2021-02-12,SALE021673,Completed
CLM003177,2022-02-23,SALE021676,Completed
CLM003178,2022-10-23,SALE021678,Completed
CLM003179,2022-03-23,SALE021679,Completed
CLM003180,2021-08-21,SALE021687,Paid Repaired
CLM003181,2024-11-06,SALE021690,Completed
CLM003182,2023-08-14,SALE021695,Completed
CLM003183,2021-07-28,SALE021697,Paid Repaired
CLM003184,2021-09-11,SALE021706,Replaced
CLM003185,2025-10-04,SALE021708,Pending
CLM003186,2022-02-24,SALE021711,Replaced
CLM003187,2020-12-31,SALE021715,Paid Repaired
CLM003188,2021-08-06,SALE021718,Completed
CLM003189,2021-09-19,SALE021729,Completed
CLM003190,2024-04-23,SALE021744,Warranty Void
CLM003191,2024-07-03,SALE021749,Completed
CLM003192,2022-06-15,SALE021760,Completed
CLM003193,2025-07-11,SALE021765,Completed
CLM003194,2025-01-07,SALE021767,Completed
CLM003195,2022-09-01,SALE021784,Completed
CLM003196,2022-09-18,SALE021800,Replaced
CLM003197,2023-02-28,SALE021803,Completed
CLM003198,2021-02-10,SALE021818,Completed
CLM003199,2023-05-26,SALE021822,Replaced
CLM003200,2024-08-20,SALE021824,Completed
CLM003201,2024-02-02,SALE021827,Completed
CLM003202,2024-05-26,SALE021840,Pending
CLM003203,2022-04-22,SALE021849,Replaced
CLM003204,2023-05-25,SALE021851,Pending
CLM003205,2021-10-31,SALE021853,Paid Repaired
CLM003206,2021-02-23,SALE021868,Paid Repaired
CLM003207,2023-02-22,SALE021871,Pending
CLM003208,2022-12-23,SALE021878,Completed
CLM003209,2021-03-10,SALE021894,Replaced
CLM003210,2020-09-14,SALE021895,Completed
CLM003211,2022-11-27,SALE021897,Completed
CLM003212,2024-02-05,SALE021903,Paid Repaired
CLM003213,2025-04-02,SALE021906,Completed
CLM003214,2021-08-20,SALE021918,Warranty Void
CLM003215,2024-10-02,SALE021927,Completed
CLM003216,2024-08-30,SALE021929,Completed
CLM003217,2025-12-31,SALE021934,Paid Repaired
CLM003218,2020-07-30,SALE021937,Completed
CLM003219,2022-01-18,SALE021939,Replaced
CLM003220,2021-11-10,SALE021948,Replaced
CLM003221,2022-03-08,SALE021957,Completed
CLM003222,2023-12-10,SALE021979,Completed
CLM003223,2024-07-11,SALE021981,Warranty Void
CLM003224,2020-10-27,SALE021993,Replaced
CLM003225,2023-01-04,SALE021997,Paid Repaired
CLM003226,2024-03-20,SALE022003,Paid Repaired
CLM003227,2020-10-31,SALE022007,Replaced
CLM003228,2020-12-23,SALE022025,Completed
CLM003229,2023-03-11,SALE022031,Rejected
CLM003230,2022-12-07,SALE022035,Replaced
CLM003231,2025-11-16,SALE022037,Pending
CLM003232,2023-05-06,SALE022042,Pending
CLM003233,2022-08-10,SALE022063,Paid Repaired
CLM003234,2021-05-09,SALE022083,Paid Repaired
CLM003235,2024-04-05,SALE022090,Completed
CLM003236,2023-01-27,SALE022092,Completed
CLM003237,2022-02-24,SALE022093,Rejected
CLM003238,2024-05-04,SALE022096,Replaced
CLM003239,2025-05-11,SALE022110,Completed
CLM003240,2023-10-26,SALE022114,Completed
CLM003241,2024-01-15,SALE022125,Replaced
CLM003242,2022-03-20,SALE022127,Completed
CLM003243,2022-10-03,SALE022136,Replaced
CLM003244,2024-12-17,SALE022142,Pending
CLM003245,2022-03-11,SALE022153,Warranty Void
CLM003246,2025-12-31,SALE022155,Completed
CLM003247,2024-03-18,SALE022157,Warranty Void
CLM003248,2021-07-14,SALE022158,Completed
CLM003249,2022-03-03,SALE022162,Warranty Void
CLM003250,2025-07-30,SALE022164,Completed
CLM003251,2022-02-20,SALE022166,Warranty Void
CLM003252,2023-05-13,SALE022173,Warranty Void
CLM003253,2022-09-21,SALE022175,Pending
CLM003254,2024-02-06,SALE022182,Completed
CLM003255,2021-02-22,SALE022184,Pending
CLM003256,2023-07-14,SALE022187,Replaced
CLM003257,2022-02-28,SALE022203,Replaced
CLM003258,2021-03-10,SALE022207,Completed
CLM003259,2025-12-31,SALE022208,Replaced
CLM003260,2024-11-30,SALE022218,Paid Repaired
CLM003261,2023-01-16,SALE022230,Completed
CLM003262,2021-10-09,SALE022233,Replaced
CLM003263,2025-10-28,SALE022237,Completed
CLM003264,2023-02-28,SALE022247,Replaced
CLM003265,2025-02-14,SALE022256,Completed
CLM003266,2024-04-07,SALE022257,Completed
CLM003267,2022-02-02,SALE022267,Completed
CLM003268,2021-04-03,SALE022281,Completed
CLM003269,2022-02-18,SALE022287,Warranty Void
CLM003270,2022-10-21,SALE022290,Completed
CLM003271,2024-11-14,SALE022296,Completed
CLM003272,2023-08-22,SALE022297,Replaced
CLM003273,2025-12-31,SALE022301,Replaced
CLM003274,2023-05-14,SALE022310,Completed
CLM003275,2021-12-09,SALE022323,Completed
CLM003276,2020-10-17,SALE022325,Completed
CLM003277,2020-11-07,SALE022327,Pending
CLM003278,2022-12-27,SALE022331,Replaced
CLM003279,2025-08-16,SALE022334,Paid Repaired
CLM003280,2023-11-23,SALE022341,Replaced
CLM003281,2021-04-12,SALE022346,Completed
CLM003282,2020-08-21,SALE022350,Paid Repaired
CLM003283,2023-03-18,SALE022352,Paid Repaired
CLM003284,2024-01-30,SALE022353,Completed
CLM003285,2024-03-03,SALE022359,Completed
CLM003286,2024-03-26,SALE022360,Warranty Void
CLM003287,2022-09-01,SALE022366,Rejected
CLM003288,2025-05-26,SALE022369,Replaced
CLM003289,2024-03-17,SALE022403,Paid Repaired
CLM003290,2023-08-10,SALE022405,Replaced
CLM003291,2020-09-05,SALE022420,Replaced
CLM003292,2025-07-23,SALE022424,Pending
CLM003293,2025-04-21,SALE022428,Completed
CLM003294,2025-12-31,SALE022431,Completed
CLM003295,2022-09-29,SALE022441,Replaced
CLM003296,2022-04-21,SALE022444,Replaced
CLM003297,2023-11-06,SALE022449,Paid Repaired
CLM003298,2025-05-10,SALE022450,Replaced
CLM003299,2021-06-05,SALE022452,Completed
CLM003300,2024-02-07,SALE022455,Completed
CLM003301,2021-04-26,SALE022458,Completed
CLM003302,2023-07-15,SALE022459,Completed
CLM003303,2025-12-31,SALE022460,Replaced
CLM003304,2025-08-08,SALE022464,Completed
CLM003305,2022-12-04,SALE022472,Pending
CLM003306,2025-08-13,SALE022479,Paid Repaired
CLM003307,2022-05-18,SALE022482,Pending
CLM003308,2024-04-23,SALE022483,Pending
CLM003309,2021-06-10,SALE022504,Replaced
CLM003310,2025-06-14,SALE022509,Completed
CLM003311,2021-03-12,SALE022511,Completed
CLM003312,2023-09-02,SALE022512,Warranty Void
CLM003313,2022-07-02,SALE022521,Completed
CLM003314,2023-06-09,SALE022533,Completed
CLM003315,2021-07-13,SALE022536,Completed
CLM003316,2023-10-05,SALE022547,Rejected
CLM003317,2021-03-11,SALE022548,Completed
CLM003318,2021-02-14,SALE022549,Replaced
CLM003319,2022-12-16,SALE022556,Rejected
CLM003320,2025-02-07,SALE022562,Pending
CLM003321,2021-09-29,SALE022564,Completed
CLM003322,2024-05-28,SALE022568,Completed
CLM003323,2022-09-18,SALE022576,Completed
CLM003324,2020-11-19,SALE022578,Completed
CLM003325,2021-03-29,SALE022582,Warranty Void
CLM003326,2023-12-31,SALE022583,Rejected
CLM003327,2023-06-21,SALE022597,Completed
CLM003328,2023-12-29,SALE022603,Warranty Void
CLM003329,2025-01-01,SALE022612,Pending
CLM003330,2021-07-14,SALE022615,Warranty Void
CLM003331,2022-04-09,SALE022617,Completed
CLM003332,2022-12-14,SALE022618,Paid Repaired
CLM003333,2021-12-02,SALE022629,Replaced
CLM003334,2022-03-11,SALE022631,Replaced
CLM003335,2025-12-31,SALE022640,Completed
CLM003336,2020-04-23,SALE022643,Completed
CLM003337,2024-04-16,SALE022646,Completed
CLM003338,2023-08-28,SALE022647,Completed
CLM003339,2025-02-13,SALE022660,Replaced
CLM003340,2020-12-19,SALE022666,Completed
CLM003341,2023-05-07,SALE022667,Paid Repaired
CLM003342,2023-05-06,SALE022670,Completed
CLM003343,2025-07-22,SALE022672,Rejected
CLM003344,2022-07-24,SALE022680,Rejected
CLM003345,2022-01-16,SALE022681,Completed
CLM003346,2025-04-02,SALE022684,Warranty Void
CLM003347,2022-09-03,SALE022688,Rejected
CLM003348,2024-02-19,SALE022701,Replaced
CLM003349,2021-12-04,SALE022711,Completed
CLM003350,2021-10-22,SALE022728,Warranty Void
CLM003351,2025-03-09,SALE022732,Completed
CLM003352,2020-12-08,SALE022749,Rejected
CLM003353,2025-05-19,SALE022752,Pending
CLM003354,2023-06-17,SALE022760,Replaced
CLM003355,2021-12-18,SALE022762,Completed
CLM003356,2025-08-03,SALE022763,Paid Repaired
CLM003357,2025-04-14,SALE022766,Warranty Void
CLM003358,2023-03-09,SALE022771,Completed
CLM003359,2021-12-15,SALE022782,Warranty Void
CLM003360,2024-01-24,SALE022792,Completed
CLM003361,2020-10-30,SALE022793,Completed
CLM003362,2020-04-10,SALE022794,Completed
CLM003363,2023-02-21,SALE022812,Completed
CLM003364,2022-02-02,SALE022816,Paid Repaired
CLM003365,2024-08-21,SALE022824,Replaced
CLM003366,2023-06-03,SALE022827,Completed
CLM003367,2024-09-03,SALE022830,Completed
CLM003368,2023-05-19,SALE022836,Replaced
CLM003369,2022-01-26,SALE022837,Completed
CLM003370,2022-01-24,SALE022847,Paid Repaired
CLM003371,2021-01-16,SALE022854,Warranty Void
CLM003372,2022-04-08,SALE022855,Rejected
CLM003373,2023-09-08,SALE022867,Paid Repaired
CLM003374,2022-03-28,SALE022870,Replaced
CLM003375,2021-03-24,SALE022878,Completed
CLM003376,2022-05-14,SALE022889,Completed
CLM003377,2025-07-30,SALE022900,Completed
CLM003378,2023-05-10,SALE022901,Replaced
CLM003379,2023-02-14,SALE022903,Replaced
CLM003380,2020-10-25,SALE022906,Pending
CLM003381,2024-03-13,SALE022907,Replaced
CLM003382,2021-10-06,SALE022910,Completed
CLM003383,2023-01-25,SALE022915,Replaced
CLM003384,2025-12-31,SALE022918,Pending
CLM003385,2025-05-01,SALE022919,Completed
CLM003386,2023-05-02,SALE022924,Replaced
CLM003387,2021-11-05,SALE022934,Replaced
CLM003388,2022-02-14,SALE022955,Paid Repaired
CLM003389,2025-01-12,SALE022956,Completed
CLM003390,2025-11-16,SALE022959,Replaced
CLM003391,2025-05-22,SALE022963,Pending
CLM003392,2021-06-10,SALE022972,Completed
CLM003393,2024-06-11,SALE022974,Completed
CLM003394,2022-01-15,SALE022980,Warranty Void
CLM003395,2023-06-03,SALE022983,Completed
CLM003396,2020-10-11,SALE022999,Completed
CLM003397,2025-04-05,SALE023022,Paid Repaired
CLM003398,2023-05-01,SALE023025,Completed
CLM003399,2020-09-28,SALE023042,Paid Repaired
CLM003400,2024-10-22,SALE023064,Paid Repaired
CLM003401,2023-03-08,SALE023078,Completed
CLM003402,2025-12-31,SALE023080,Replaced
CLM003403,2020-08-28,SALE023091,Warranty Void
CLM003404,2022-05-14,SALE023098,Replaced
CLM003405,2020-09-08,SALE023103,Replaced
CLM003406,2025-07-10,SALE023107,Completed
CLM003407,2023-12-13,SALE023114,Paid Repaired
CLM003408,2023-10-13,SALE023115,Completed
CLM003409,2025-08-26,SALE023127,Paid Repaired
CLM003410,2022-02-12,SALE023135,Completed
CLM003411,2025-03-08,SALE023141,Rejected
CLM003412,2021-07-07,SALE023145,Completed
CLM003413,2021-10-25,SALE023158,Pending
CLM003414,2024-06-03,SALE023160,Replaced
CLM003415,2024-10-07,SALE023167,Completed
CLM003416,2021-11-22,SALE023177,Replaced
CLM003417,2023-12-31,SALE023183,Completed
CLM003418,2025-12-31,SALE023185,Completed
CLM003419,2021-12-13,SALE023193,Completed
CLM003420,2022-10-27,SALE023200,Pending
CLM003421,2021-05-08,SALE023201,Completed
CLM003422,2022-07-10,SALE023216,Completed
CLM003423,2021-08-07,SALE023231,Completed
CLM003424,2022-01-30,SALE023237,Pending
CLM003425,2025-09-20,SALE023251,Replaced
CLM003426,2025-06-14,SALE023257,Replaced
CLM003427,2025-01-19,SALE023259,Pending
CLM003428,2024-04-21,SALE023264,Replaced
CLM003429,2025-09-05,SALE023272,Completed
CLM003430,2025-11-03,SALE023274,Completed
CLM003431,2024-03-31,SALE023279,Completed
CLM003432,2025-02-24,SALE023289,Pending
CLM003433,2025-06-20,SALE023310,Rejected
CLM003434,2021-07-26,SALE023317,Pending
CLM003435,2021-10-01,SALE023322,Pending
CLM003436,2024-02-25,SALE023324,Replaced
CLM003437,2025-04-25,SALE023331,Completed
CLM003438,2024-01-17,SALE023332,Paid Repaired
CLM003439,2025-03-10,SALE023340,Rejected
CLM003440,2025-12-31,SALE023341,Completed
CLM003441,2025-04-12,SALE023350,Replaced
CLM003442,2021-06-10,SALE023351,Completed
CLM003443,2021-06-07,SALE023354,Paid Repaired
CLM003444,2024-03-15,SALE023368,Completed
CLM003445,2022-12-14,SALE023371,Completed
CLM003446,2025-10-10,SALE023385,Replaced
CLM003447,2023-04-27,SALE023399,Replaced
CLM003448,2025-06-19,SALE023401,Replaced
CLM003449,2024-06-19,SALE023415,Replaced
CLM003450,2024-11-11,SALE023418,Completed
CLM003451,2022-05-17,SALE023424,Completed
CLM003452,2022-08-19,SALE023426,Paid Repaired
CLM003453,2023-11-05,SALE023439,Completed
CLM003454,2022-09-26,SALE023440,Rejected
CLM003455,2023-10-31,SALE023442,Replaced
CLM003456,2022-07-12,SALE023443,Completed
CLM003457,2023-01-25,SALE023446,Replaced
CLM003458,2025-12-31,SALE023457,Replaced
CLM003459,2025-07-18,SALE023460,Completed
CLM003460,2023-10-30,SALE023467,Rejected
CLM003461,2025-03-31,SALE023471,Completed
CLM003462,2023-03-01,SALE023476,Paid Repaired
CLM003463,2024-10-12,SALE023479,Completed
CLM003464,2021-05-10,SALE023481,Warranty Void
CLM003465,2022-01-25,SALE023482,Replaced
CLM003466,2025-06-21,SALE023486,Completed
CLM003467,2022-05-30,SALE023494,Replaced
CLM003468,2021-11-12,SALE023495,Pending
CLM003469,2025-12-31,SALE023496,Completed
CLM003470,2025-10-24,SALE023499,Replaced
CLM003471,2025-12-31,SALE023501,Completed
CLM003472,2025-09-13,SALE023509,Paid Repaired
CLM003473,2021-04-02,SALE023512,Rejected
CLM003474,2025-04-08,SALE023516,Completed
CLM003475,2022-01-12,SALE023520,Completed
CLM003476,2023-04-06,SALE023534,Completed
CLM003477,2022-05-23,SALE023545,Rejected
CLM003478,2022-12-31,SALE023546,Completed
CLM003479,2024-10-05,SALE023547,Completed
CLM003480,2022-05-09,SALE023562,Paid Repaired
CLM003481,2024-11-22,SALE023566,Replaced
CLM003482,2025-12-31,SALE023579,Paid Repaired
CLM003483,2021-08-28,SALE023589,Paid Repaired
CLM003484,2025-01-15,SALE023602,Completed
CLM003485,2023-11-24,SALE023626,Paid Repaired
CLM003486,2025-01-12,SALE023647,Completed
CLM003487,2021-02-12,SALE023652,Replaced
CLM003488,2022-04-25,SALE023656,Replaced
CLM003489,2020-07-08,SALE023659,Replaced
CLM003490,2024-06-14,SALE023661,Pending
CLM003491,2023-06-21,SALE023662,Completed
CLM003492,2021-10-07,SALE023671,Paid Repaired
CLM003493,2025-12-31,SALE023689,Replaced
CLM003494,2021-04-19,SALE023693,Paid Repaired
CLM003495,2023-01-12,SALE023697,Completed
CLM003496,2023-05-01,SALE023716,Completed
CLM003497,2022-11-17,SALE023721,Completed
CLM003498,2023-07-10,SALE023728,Replaced
CLM003499,2024-10-13,SALE023729,Pending
CLM003500,2025-03-28,SALE023741,Paid Repaired
CLM003501,2023-10-09,SALE023743,Completed
CLM003502,2023-07-15,SALE023745,Paid Repaired
CLM003503,2025-08-14,SALE023756,Replaced
CLM003504,2022-05-21,SALE023758,Paid Repaired
CLM003505,2025-12-31,SALE023760,Completed
CLM003506,2024-08-07,SALE023761,Warranty Void
CLM003507,2023-04-16,SALE023766,Warranty Void
CLM003508,2025-12-31,SALE023770,Paid Repaired
CLM003509,2025-09-04,SALE023772,Paid Repaired
CLM003510,2025-02-14,SALE023776,Completed
CLM003511,2021-12-24,SALE023779,Pending
CLM003512,2023-02-19,SALE023782,Completed
CLM003513,2025-12-31,SALE023785,Pending
CLM003514,2023-01-19,SALE023790,Paid Repaired
CLM003515,2022-12-05,SALE023795,Pending
CLM003516,2025-11-20,SALE023797,Completed
CLM003517,2024-10-24,SALE023798,Replaced
CLM003518,2025-09-11,SALE023815,Completed
CLM003519,2025-01-27,SALE023826,Completed
CLM003520,2021-05-22,SALE023831,Completed
CLM003521,2025-12-31,SALE023845,Completed
CLM003522,2024-09-14,SALE023847,Completed
CLM003523,2025-12-31,SALE023856,Paid Repaired
CLM003524,2022-12-15,SALE023870,Pending
CLM003525,2024-11-11,SALE023886,Replaced
CLM003526,2025-12-31,SALE023894,Completed
CLM003527,2023-07-24,SALE023901,Completed
CLM003528,2022-02-22,SALE023909,Rejected
CLM003529,2024-02-29,SALE023917,Rejected
CLM003530,2020-07-27,SALE023925,Completed
CLM003531,2025-12-31,SALE023927,Paid Repaired
CLM003532,2024-04-05,SALE023928,Warranty Void
CLM003533,2022-04-13,SALE023931,Warranty Void
CLM003534,2021-04-17,SALE023934,Completed
CLM003535,2025-12-31,SALE023937,Completed
CLM003536,2022-08-31,SALE023948,Warranty Void
CLM003537,2023-02-12,SALE023961,Completed
CLM003538,2024-08-26,SALE023964,Warranty Void
CLM003539,2023-04-08,SALE023965,Completed
CLM003540,2025-09-23,SALE023967,Replaced
CLM003541,2024-12-15,SALE023970,Paid Repaired
CLM003542,2023-01-28,SALE023978,Completed
CLM003543,2025-06-10,SALE023994,Paid Repaired
CLM003544,2025-02-18,SALE024000,Replaced
CLM003545,2021-09-09,SALE024008,Replaced
CLM003546,2024-11-21,SALE024015,Completed
CLM003547,2024-09-05,SALE024027,Completed
CLM003548,2024-12-07,SALE024036,Pending
CLM003549,2025-09-14,SALE024053,Completed
CLM003550,2021-02-05,SALE024067,Replaced
CLM003551,2024-06-28,SALE024073,Completed
CLM003552,2023-05-24,SALE024078,Rejected
CLM003553,2025-09-03,SALE024080,Completed
CLM003554,2023-10-08,SALE024107,Replaced
CLM003555,2021-02-16,SALE024116,Pending
CLM003556,2022-03-31,SALE024117,Pending
CLM003557,2021-04-05,SALE024119,Pending
CLM003558,2022-03-02,SALE024120,Paid Repaired
CLM003559,2024-01-08,SALE024144,Completed
CLM003560,2025-12-31,SALE024147,Replaced
CLM003561,2024-02-19,SALE024153,Completed
CLM003562,2023-08-29,SALE024160,Completed
CLM003563,2022-04-13,SALE024161,Paid Repaired
CLM003564,2024-10-17,SALE024166,Replaced
CLM003565,2023-01-25,SALE024170,Completed
CLM003566,2023-03-13,SALE024171,Replaced
CLM003567,2023-08-03,SALE024195,Paid Repaired
CLM003568,2025-04-16,SALE024220,Pending
CLM003569,2025-12-25,SALE024226,Replaced
CLM003570,2025-08-24,SALE024234,Replaced
CLM003571,2021-12-26,SALE024238,Completed
CLM003572,2023-01-25,SALE024247,Replaced
CLM003573,2024-08-04,SALE024255,Completed
CLM003574,2021-06-02,SALE024256,Replaced
CLM003575,2021-12-14,SALE024264,Replaced
CLM003576,2022-07-22,SALE024268,Completed
CLM003577,2020-09-01,SALE024271,Completed
CLM003578,2023-01-27,SALE024274,Paid Repaired
CLM003579,2024-05-30,SALE024276,Completed
CLM003580,2023-07-09,SALE024278,Replaced
CLM003581,2020-09-16,SALE024280,Completed
CLM003582,2025-09-20,SALE024303,Pending
CLM003583,2025-04-26,SALE024305,Completed
CLM003584,2021-04-05,SALE024306,Pending
CLM003585,2025-12-31,SALE024312,Completed
CLM003586,2025-01-26,SALE024322,Completed
CLM003587,2021-10-19,SALE024330,Paid Repaired
CLM003588,2025-03-05,SALE024342,Completed
CLM003589,2025-02-19,SALE024354,Completed
CLM003590,2023-06-06,SALE024355,Paid Repaired
CLM003591,2021-01-01,SALE024364,Pending
CLM003592,2025-08-13,SALE024367,Paid Repaired
CLM003593,2025-12-31,SALE024371,Replaced
CLM003594,2024-08-08,SALE024377,Completed
CLM003595,2025-12-31,SALE024381,Replaced
CLM003596,2025-07-27,SALE024397,Completed
CLM003597,2023-01-27,SALE024401,Replaced
CLM003598,2020-12-22,SALE024403,Completed
CLM003599,2021-12-30,SALE024412,Replaced
CLM003600,2023-03-19,SALE024418,Paid Repaired
CLM003601,2025-02-26,SALE024433,Paid Repaired
CLM003602,2025-11-17,SALE024444,Warranty Void
CLM003603,2020-05-21,SALE024450,Warranty Void
CLM003604,2025-12-31,SALE024455,Completed
CLM003605,2025-11-14,SALE024463,Replaced
CLM003606,2022-04-23,SALE024488,Rejected
CLM003607,2021-11-13,SALE024491,Replaced
CLM003608,2022-05-10,SALE024498,Replaced
CLM003609,2025-02-19,SALE024507,Rejected
CLM003610,2024-04-04,SALE024510,Rejected
CLM003611,2021-04-17,SALE024515,Completed
CLM003612,2023-09-20,SALE024516,Warranty Void
CLM003613,2020-10-03,SALE024537,Replaced
CLM003614,2021-12-11,SALE024538,Paid Repaired
CLM003615,2023-08-02,SALE024540,Completed
CLM003616,2021-03-14,SALE024545,Completed
CLM003617,2025-02-13,SALE024559,Replaced
CLM003618,2022-11-08,SALE024564,Pending
CLM003619,2025-06-25,SALE024578,Completed
CLM003620,2023-07-04,SALE024585,Completed
CLM003621,2021-04-09,SALE024588,Pending
CLM003622,2022-01-02,SALE024592,Pending
CLM003623,2023-01-22,SALE024599,Completed
CLM003624,2023-08-20,SALE024601,Completed
CLM003625,2021-12-30,SALE024606,Pending
CLM003626,2025-10-30,SALE024613,Pending
CLM003627,2024-02-09,SALE024619,Completed
CLM003628,2022-06-23,SALE024627,Pending
CLM003629,2022-11-23,SALE024640,Pending
CLM003630,2025-11-08,SALE024645,Replaced
CLM003631,2022-07-11,SALE024652,Replaced
CLM003632,2022-09-27,SALE024676,Replaced
CLM003633,2023-02-13,SALE024684,Pending
CLM003634,2024-07-29,SALE024687,Paid Repaired
CLM003635,2024-08-11,SALE024698,Replaced
CLM003636,2022-04-19,SALE024713,Pending
CLM003637,2021-09-10,SALE024717,Completed
CLM003638,2025-06-03,SALE024727,Paid Repaired
CLM003639,2025-09-26,SALE024736,Completed
CLM003640,2023-10-29,SALE024745,Paid Repaired
CLM003641,2023-12-18,SALE024746,Rejected
CLM003642,2024-05-30,SALE024764,Paid Repaired
CLM003643,2021-01-13,SALE024766,Completed
CLM003644,2025-12-31,SALE024767,Pending
CLM003645,2025-12-31,SALE024773,Replaced
CLM003646,2021-10-03,SALE024775,Completed
CLM003647,2021-01-05,SALE024777,Pending
CLM003648,2021-04-03,SALE024780,Replaced
CLM003649,2021-10-12,SALE024783,Warranty Void
CLM003650,2020-09-26,SALE024802,Completed
CLM003651,2023-12-19,SALE024817,Paid Repaired
CLM003652,2021-08-02,SALE024826,Completed
CLM003653,2025-01-23,SALE024836,Completed
CLM003654,2022-12-02,SALE024850,Completed
CLM003655,2023-04-08,SALE024862,Paid Repaired
CLM003656,2021-11-12,SALE024863,Completed
CLM003657,2020-12-27,SALE024868,Replaced
CLM003658,2020-08-31,SALE024869,Completed
CLM003659,2024-01-30,SALE024873,Completed
CLM003660,2021-01-04,SALE024875,Paid Repaired
CLM003661,2024-12-24,SALE024889,Completed
CLM003662,2022-01-06,SALE024893,Completed
CLM003663,2020-06-05,SALE024902,Completed
CLM003664,2023-07-29,SALE024912,Paid Repaired
CLM003665,2024-12-17,SALE024929,Replaced
CLM003666,2025-01-08,SALE024931,Replaced
CLM003667,2025-02-28,SALE024936,Warranty Void
CLM003668,2021-05-16,SALE024958,Pending
CLM003669,2021-07-10,SALE024960,Completed
CLM003670,2025-12-31,SALE024967,Warranty Void
CLM003671,2025-04-26,SALE024975,Completed
CLM003672,2021-08-12,SALE024981,Paid Repaired
CLM003673,2023-03-08,SALE024983,Completed
CLM003674,2021-10-27,SALE024984,Completed
CLM003675,2025-12-31,SALE024988,Completed
CLM003676,2024-01-02,SALE025006,Replaced
CLM003677,2023-04-28,SALE025009,Completed
CLM003678,2023-06-10,SALE025017,Warranty Void
CLM003679,2024-01-22,SALE025018,Completed
CLM003680,2024-04-16,SALE025029,Warranty Void
CLM003681,2024-12-11,SALE025030,Completed
CLM003682,2025-03-27,SALE025036,Completed
CLM003683,2024-11-08,SALE025043,Completed
CLM003684,2020-02-17,SALE025046,Completed
CLM003685,2024-06-21,SALE025052,Warranty Void
CLM003686,2025-02-07,SALE025054,Pending
CLM003687,2023-06-07,SALE025064,Paid Repaired
CLM003688,2021-05-01,SALE025073,Completed
CLM003689,2020-11-21,SALE025078,Replaced
CLM003690,2023-05-09,SALE025079,Completed
CLM003691,2025-08-29,SALE025085,Paid Repaired
CLM003692,2021-02-12,SALE025094,Rejected
CLM003693,2023-11-19,SALE025102,Completed
CLM003694,2024-01-29,SALE025123,Replaced
CLM003695,2021-11-29,SALE025131,Completed
CLM003696,2024-06-07,SALE025138,Completed
CLM003697,2023-06-30,SALE025142,Pending
CLM003698,2023-12-05,SALE025150,Completed
CLM003699,2024-11-01,SALE025155,Completed
CLM003700,2025-12-31,SALE025160,Paid Repaired
CLM003701,2024-01-31,SALE025165,Paid Repaired
CLM003702,2020-11-10,SALE025170,Completed
CLM003703,2024-06-22,SALE025172,Replaced
CLM003704,2023-06-01,SALE025174,Paid Repaired
CLM003705,2021-05-30,SALE025183,Pending
CLM003706,2022-04-17,SALE025194,Completed
CLM003707,2023-11-27,SALE025195,Replaced
CLM003708,2022-09-14,SALE025196,Completed
CLM003709,2025-12-31,SALE025207,Completed
CLM003710,2025-07-21,SALE025214,Paid Repaired
CLM003711,2021-05-05,SALE025223,Warranty Void
CLM003712,2021-08-05,SALE025239,Replaced
CLM003713,2022-12-08,SALE025243,Completed
CLM003714,2023-02-09,SALE025248,Replaced
CLM003715,2025-12-31,SALE025253,Completed
CLM003716,2022-05-24,SALE025267,Replaced
CLM003717,2022-12-07,SALE025273,Rejected
CLM003718,2025-03-30,SALE025274,Warranty Void
CLM003719,2025-02-19,SALE025299,Paid Repaired
CLM003720,2022-04-03,SALE025302,Completed
CLM003721,2025-04-09,SALE025303,Completed
CLM003722,2025-05-10,SALE025307,Completed
CLM003723,2022-06-15,SALE025309,Completed
CLM003724,2022-11-14,SALE025320,Completed
CLM003725,2025-09-22,SALE025327,Completed
CLM003726,2023-05-27,SALE025328,Completed
CLM003727,2021-12-30,SALE025329,Replaced
CLM003728,2021-02-13,SALE025334,Paid Repaired
CLM003729,2023-09-23,SALE025335,Completed
CLM003730,2025-12-31,SALE025336,Completed
CLM003731,2025-05-07,SALE025350,Completed
CLM003732,2025-08-29,SALE025354,Completed
CLM003733,2021-06-19,SALE025356,Warranty Void
CLM003734,2025-12-04,SALE025363,Paid Repaired
CLM003735,2022-05-26,SALE025367,Paid Repaired
CLM003736,2023-07-24,SALE025383,Replaced
CLM003737,2024-11-05,SALE025396,Completed
CLM003738,2022-07-30,SALE025398,Completed
CLM003739,2022-09-05,SALE025408,Completed
CLM003740,2021-10-23,SALE025423,Completed
CLM003741,2023-04-28,SALE025428,Completed
CLM003742,2024-08-27,SALE025441,Rejected
CLM003743,2022-05-24,SALE025443,Completed
CLM003744,2025-01-01,SALE025452,Completed
CLM003745,2024-10-21,SALE025459,Completed
CLM003746,2024-08-19,SALE025464,Completed
CLM003747,2025-12-31,SALE025469,Replaced
CLM003748,2023-04-25,SALE025470,Completed
CLM003749,2025-12-31,SALE025486,Completed
CLM003750,2022-10-17,SALE025490,Completed
CLM003751,2022-05-29,SALE025500,Replaced
CLM003752,2024-06-05,SALE025503,Completed
CLM003753,2023-04-30,SALE025509,Replaced
CLM003754,2022-08-07,SALE025518,Completed
CLM003755,2024-05-15,SALE025529,Pending
CLM003756,2022-06-30,SALE025537,Completed
CLM003757,2025-11-22,SALE025542,Paid Repaired
CLM003758,2025-05-14,SALE025543,Completed
CLM003759,2022-08-13,SALE025550,Warranty Void
CLM003760,2022-02-10,SALE025553,Paid Repaired
CLM003761,2023-12-05,SALE025555,Completed
CLM003762,2021-09-23,SALE025556,Completed
CLM003763,2021-07-16,SALE025559,Warranty Void
CLM003764,2022-10-26,SALE025565,Pending
CLM003765,2022-06-13,SALE025577,Completed
CLM003766,2025-09-07,SALE025581,Completed
CLM003767,2021-05-01,SALE025585,Completed
CLM003768,2022-02-04,SALE025593,Completed
CLM003769,2022-06-14,SALE025595,Pending
CLM003770,2022-04-15,SALE025607,Completed
CLM003771,2024-12-30,SALE025612,Paid Repaired
CLM003772,2021-07-25,SALE025619,Completed
CLM003773,2021-03-28,SALE025622,Rejected
CLM003774,2023-07-25,SALE025628,Completed
CLM003775,2022-05-29,SALE025629,Completed
CLM003776,2023-07-29,SALE025634,Completed
CLM003777,2025-03-19,SALE025646,Paid Repaired
CLM003778,2022-07-28,SALE025649,Completed
CLM003779,2025-01-07,SALE025661,Completed
CLM003780,2021-03-09,SALE025664,Replaced
CLM003781,2024-12-26,SALE025673,Completed
CLM003782,2020-11-06,SALE025677,Paid Repaired
CLM003783,2021-07-30,SALE025678,Warranty Void
CLM003784,2023-04-18,SALE025680,Warranty Void
CLM003785,2022-03-20,SALE025690,Completed
CLM003786,2023-05-24,SALE025692,Pending
CLM003787,2021-03-06,SALE025693,Replaced
CLM003788,2023-02-09,SALE025695,Paid Repaired
CLM003789,2023-01-09,SALE025708,Completed
CLM003790,2022-12-06,SALE025712,Paid Repaired
CLM003791,2024-08-18,SALE025717,Completed
CLM003792,2024-08-17,SALE025726,Warranty Void
CLM003793,2023-10-14,SALE025731,Rejected
CLM003794,2022-02-19,SALE025732,Paid Repaired
CLM003795,2021-10-23,SALE025736,Completed
CLM003796,2025-06-29,SALE025740,Rejected
CLM003797,2021-09-28,SALE025744,Completed
CLM003798,2023-01-12,SALE025748,Rejected
CLM003799,2025-03-31,SALE025760,Paid Repaired
CLM003800,2022-09-01,SALE025767,Completed
CLM003801,2025-01-02,SALE025768,Completed
CLM003802,2022-02-19,SALE025780,Replaced
CLM003803,2022-09-30,SALE025798,Replaced
CLM003804,2023-08-11,SALE025804,Paid Repaired
CLM003805,2022-07-03,SALE025806,Paid Repaired
CLM003806,2022-09-28,SALE025810,Warranty Void
CLM003807,2024-07-07,SALE025819,Pending
CLM003808,2023-01-16,SALE025833,Completed
CLM003809,2023-12-31,SALE025834,Replaced
CLM003810,2022-11-11,SALE025854,Completed
CLM003811,2023-01-31,SALE025862,Rejected
CLM003812,2024-08-28,SALE025894,Completed
CLM003813,2024-05-04,SALE025915,Pending
CLM003814,2022-05-16,SALE025931,Warranty Void
CLM003815,2021-02-26,SALE025934,Replaced
CLM003816,2024-03-24,SALE025940,Paid Repaired
CLM003817,2025-05-05,SALE025950,Completed
CLM003818,2024-07-02,SALE025951,Replaced
CLM003819,2021-09-09,SALE025954,Replaced
CLM003820,2024-08-02,SALE025957,Completed
CLM003821,2025-09-07,SALE025976,Completed
CLM003822,2023-02-14,SALE026008,Pending
CLM003823,2023-06-02,SALE026009,Completed
CLM003824,2024-12-06,SALE026020,Pending
CLM003825,2025-06-19,SALE026028,Warranty Void
CLM003826,2021-11-11,SALE026031,Completed
CLM003827,2025-12-31,SALE026033,Completed
CLM003828,2023-12-07,SALE026067,Rejected
CLM003829,2020-05-02,SALE026070,Completed
CLM003830,2021-10-04,SALE026074,Replaced
CLM003831,2022-12-18,SALE026080,Completed
CLM003832,2025-11-24,SALE026085,Replaced
CLM003833,2024-03-25,SALE026093,Completed
CLM003834,2025-07-14,SALE026097,Rejected
CLM003835,2025-07-09,SALE026122,Replaced
CLM003836,2023-12-05,SALE026126,Replaced
CLM003837,2024-01-28,SALE026128,Paid Repaired
CLM003838,2021-09-05,SALE026134,Replaced
CLM003839,2020-07-10,SALE026142,Replaced
CLM003840,2025-12-31,SALE026156,Pending
CLM003841,2024-01-26,SALE026162,Rejected
CLM003842,2024-01-13,SALE026166,Completed
CLM003843,2024-12-04,SALE026176,Completed
CLM003844,2024-04-04,SALE026193,Paid Repaired
CLM003845,2025-04-12,SALE026194,Replaced
CLM003846,2023-04-19,SALE026195,Pending
CLM003847,2023-05-28,SALE026200,Completed
CLM003848,2022-06-25,SALE026201,Replaced
CLM003849,2024-01-30,SALE026208,Pending
CLM003850,2020-12-14,SALE026209,Pending
CLM003851,2025-07-01,SALE026212,Completed
CLM003852,2022-07-21,SALE026218,Warranty Void
CLM003853,2023-03-11,SALE026219,Replaced
CLM003854,2025-09-04,SALE026224,Completed
CLM003855,2024-01-10,SALE026236,Completed
CLM003856,2023-03-17,SALE026242,Paid Repaired
CLM003857,2024-01-26,SALE026245,Pending
CLM003858,2022-01-03,SALE026248,Rejected
CLM003859,2024-06-20,SALE026255,Paid Repaired
CLM003860,2024-02-25,SALE026259,Replaced
CLM003861,2023-03-20,SALE026274,Completed
CLM003862,2023-12-23,SALE026278,Completed
CLM003863,2023-02-07,SALE026280,Paid Repaired
CLM003864,2025-08-20,SALE026282,Pending
CLM003865,2022-09-26,SALE026297,Pending
CLM003866,2020-04-23,SALE026298,Paid Repaired
CLM003867,2024-04-11,SALE026303,Replaced
CLM003868,2024-03-14,SALE026305,Completed
CLM003869,2025-05-01,SALE026321,Completed
CLM003870,2024-03-25,SALE026337,Completed
CLM003871,2022-08-21,SALE026341,Paid Repaired
CLM003872,2023-08-26,SALE026342,Replaced
CLM003873,2022-01-27,SALE026347,Pending
CLM003874,2021-11-28,SALE026350,Completed
CLM003875,2023-11-28,SALE026356,Paid Repaired
CLM003876,2022-12-12,SALE026372,Replaced
CLM003877,2023-11-16,SALE026374,Pending
CLM003878,2020-11-23,SALE026377,Paid Repaired
CLM003879,2021-03-16,SALE026383,Paid Repaired
CLM003880,2024-03-16,SALE026389,Completed
CLM003881,2025-02-14,SALE026391,Completed
CLM003882,2022-07-13,SALE026397,Completed
CLM003883,2021-01-10,SALE026398,Rejected
CLM003884,2024-01-20,SALE026409,Completed
CLM003885,2023-06-27,SALE026411,Replaced
CLM003886,2024-12-17,SALE026422,Pending
CLM003887,2025-06-19,SALE026425,Completed
CLM003888,2021-07-05,SALE026444,Paid Repaired
CLM003889,2022-09-14,SALE026447,Completed
CLM003890,2024-11-23,SALE026450,Paid Repaired
CLM003891,2024-01-27,SALE026454,Paid Repaired
CLM003892,2025-03-07,SALE026456,Completed
CLM003893,2023-05-18,SALE026457,Warranty Void
CLM003894,2025-01-23,SALE026458,Pending
CLM003895,2024-10-24,SALE026461,Completed
CLM003896,2020-06-14,SALE026466,Pending
CLM003897,2020-06-22,SALE026470,Pending
CLM003898,2020-10-04,SALE026472,Replaced
CLM003899,2021-11-05,SALE026477,Completed
CLM003900,2023-08-28,SALE026480,Paid Repaired
CLM003901,2022-06-07,SALE026489,Warranty Void
CLM003902,2025-12-31,SALE026495,Replaced
CLM003903,2021-11-04,SALE026496,Replaced
CLM003904,2025-12-31,SALE026502,Paid Repaired
CLM003905,2024-09-01,SALE026505,Completed
CLM003906,2023-06-12,SALE026511,Replaced
CLM003907,2024-09-09,SALE026512,Completed
CLM003908,2020-12-15,SALE026515,Completed
CLM003909,2021-11-13,SALE026528,Paid Repaired
CLM003910,2020-11-20,SALE026529,Completed
CLM003911,2024-02-28,SALE026541,Paid Repaired
CLM003912,2025-12-31,SALE026546,Completed
CLM003913,2023-03-24,SALE026577,Completed
CLM003914,2023-11-03,SALE026578,Paid Repaired
CLM003915,2023-10-27,SALE026603,Completed
CLM003916,2025-07-06,SALE026609,Paid Repaired
CLM003917,2025-03-27,SALE026618,Pending
CLM003918,2020-05-24,SALE026625,Paid Repaired
CLM003919,2022-07-03,SALE026628,Paid Repaired
CLM003920,2021-04-26,SALE026636,Completed
CLM003921,2025-02-16,SALE026640,Replaced
CLM003922,2022-06-26,SALE026641,Completed
CLM003923,2024-04-16,SALE026645,Paid Repaired
CLM003924,2023-01-18,SALE026659,Completed
CLM003925,2025-03-26,SALE026666,Pending
CLM003926,2023-12-21,SALE026690,Replaced
CLM003927,2023-07-26,SALE026694,Completed
CLM003928,2023-04-09,SALE026700,Completed
CLM003929,2025-12-31,SALE026704,Warranty Void
CLM003930,2020-11-21,SALE026711,Completed
CLM003931,2025-08-30,SALE026712,Completed
CLM003932,2025-12-31,SALE026714,Paid Repaired
CLM003933,2023-04-30,SALE026718,Completed
CLM003934,2025-10-30,SALE026719,Paid Repaired
CLM003935,2022-11-06,SALE026740,Completed
CLM003936,2021-10-14,SALE026742,Warranty Void
CLM003937,2025-11-10,SALE026743,Completed
CLM003938,2024-01-15,SALE026744,Paid Repaired
CLM003939,2022-01-19,SALE026746,Pending
CLM003940,2022-04-27,SALE026747,Paid Repaired
CLM003941,2021-11-09,SALE026768,Replaced
CLM003942,2025-12-31,SALE026771,Paid Repaired
CLM003943,2023-07-25,SALE026780,Completed
CLM003944,2024-07-22,SALE026782,Paid Repaired
CLM003945,2022-01-19,SALE026791,Completed
CLM003946,2023-12-07,SALE026796,Replaced
CLM003947,2025-12-31,SALE026802,Completed
CLM003948,2020-06-21,SALE026807,Rejected
CLM003949,2022-02-12,SALE026838,Completed
CLM003950,2021-10-19,SALE026844,Replaced
CLM003951,2025-12-31,SALE026846,Completed
CLM003952,2023-06-07,SALE026849,Rejected
CLM003953,2025-12-31,SALE026851,Replaced
CLM003954,2025-10-30,SALE026853,Pending
CLM003955,2023-11-20,SALE026855,Replaced
CLM003956,2022-01-03,SALE026859,Completed
CLM003957,2025-03-25,SALE026866,Completed
CLM003958,2025-12-31,SALE026882,Completed
CLM003959,2023-01-06,SALE026883,Paid Repaired
CLM003960,2025-04-12,SALE026894,Replaced
CLM003961,2022-07-07,SALE026897,Completed
CLM003962,2021-12-04,SALE026902,Completed
CLM003963,2021-10-17,SALE026907,Paid Repaired
CLM003964,2025-02-01,SALE026912,Replaced
CLM003965,2024-04-29,SALE026915,Warranty Void
CLM003966,2020-08-06,SALE026963,Replaced
CLM003967,2021-11-04,SALE026964,Completed
CLM003968,2021-10-14,SALE026965,Completed
CLM003969,2023-04-24,SALE026976,Rejected
CLM003970,2021-09-10,SALE026978,Completed
CLM003971,2024-07-03,SALE026981,Paid Repaired
CLM003972,2025-08-07,SALE026993,Replaced
CLM003973,2023-01-26,SALE027002,Completed
CLM003974,2023-05-24,SALE027004,Replaced
CLM003975,2025-06-10,SALE027011,Pending
CLM003976,2024-05-01,SALE027035,Completed
CLM003977,2022-07-31,SALE027043,Completed
CLM003978,2022-03-21,SALE027046,Completed
CLM003979,2021-03-03,SALE027050,Completed
CLM003980,2023-05-24,SALE027055,Replaced
CLM003981,2022-05-09,SALE027057,Warranty Void
CLM003982,2025-12-31,SALE027058,Completed
CLM003983,2022-12-30,SALE027069,Completed
CLM003984,2023-07-22,SALE027072,Rejected
CLM003985,2025-04-17,SALE027076,Completed
CLM003986,2025-12-31,SALE027102,Replaced
CLM003987,2021-06-26,SALE027110,Paid Repaired
CLM003988,2024-05-09,SALE027115,Completed
CLM003989,2023-02-17,SALE027126,Completed
CLM003990,2025-05-10,SALE027128,Completed
CLM003991,2025-12-31,SALE027131,Paid Repaired
CLM003992,2021-01-10,SALE027133,Replaced
CLM003993,2025-09-07,SALE027137,Completed
CLM003994,2021-06-10,SALE027143,Completed
CLM003995,2024-08-09,SALE027146,Paid Repaired
CLM003996,2021-12-28,SALE027147,Warranty Void
CLM003997,2021-08-06,SALE027159,Replaced
CLM003998,2025-09-04,SALE027172,Rejected
CLM003999,2023-04-11,SALE027174,Completed
CLM004000,2021-08-27,SALE027176,Completed
CLM004001,2021-02-05,SALE027179,Replaced
CLM004002,2020-12-20,SALE027207,Completed
CLM004003,2024-07-15,SALE027209,Paid Repaired
CLM004004,2023-08-31,SALE027212,Paid Repaired
CLM004005,2025-08-12,SALE027220,Paid Repaired
CLM004006,2020-10-24,SALE027221,Pending
CLM004007,2025-12-31,SALE027226,Pending
CLM004008,2024-06-27,SALE027230,Completed
CLM004009,2022-04-24,SALE027241,Rejected
CLM004010,2021-03-22,SALE027242,Replaced
CLM004011,2021-05-12,SALE027247,Replaced
CLM004012,2023-06-04,SALE027248,Replaced
CLM004013,2024-06-02,SALE027258,Paid Repaired
CLM004014,2025-10-24,SALE027272,Completed
CLM004015,2024-04-22,SALE027274,Completed
CLM004016,2021-09-09,SALE027276,Paid Repaired
CLM004017,2022-07-17,SALE027300,Completed
CLM004018,2024-02-27,SALE027305,Completed
CLM004019,2025-09-01,SALE027319,Completed
CLM004020,2023-11-06,SALE027320,Completed
CLM004021,2024-11-08,SALE027325,Replaced
CLM004022,2025-08-07,SALE027334,Warranty Void
CLM004023,2025-12-03,SALE027343,Completed
CLM004024,2023-05-31,SALE027346,Replaced
CLM004025,2025-05-09,SALE027356,Replaced
CLM004026,2021-02-09,SALE027362,Paid Repaired
CLM004027,2023-10-24,SALE027364,Pending
CLM004028,2023-09-05,SALE027368,Replaced
CLM004029,2022-05-26,SALE027370,Completed
CLM004030,2025-12-14,SALE027372,Replaced
CLM004031,2025-11-18,SALE027384,Completed
CLM004032,2023-02-27,SALE027385,Replaced
CLM004033,2020-12-19,SALE027394,Completed
CLM004034,2022-11-14,SALE027410,Completed
CLM004035,2025-09-22,SALE027415,Completed
CLM004036,2022-03-24,SALE027416,Rejected
CLM004037,2025-07-12,SALE027419,Completed
CLM004038,2024-07-26,SALE027425,Completed
CLM004039,2024-01-04,SALE027446,Completed
CLM004040,2021-02-23,SALE027466,Replaced
CLM004041,2020-11-05,SALE027470,Pending
CLM004042,2023-01-07,SALE027474,Completed
CLM004043,2021-08-17,SALE027476,Pending
CLM004044,2021-07-24,SALE027488,Warranty Void
CLM004045,2022-05-18,SALE027496,Completed
CLM004046,2020-07-20,SALE027500,Completed
CLM004047,2024-08-09,SALE027501,Completed
CLM004048,2025-01-09,SALE027512,Replaced
CLM004049,2022-04-05,SALE027513,Completed
CLM004050,2022-10-18,SALE027523,Completed
CLM004051,2021-12-31,SALE027527,Warranty Void
CLM004052,2025-12-15,SALE027534,Paid Repaired
CLM004053,2022-01-26,SALE027535,Replaced
CLM004054,2025-12-31,SALE027550,Pending
CLM004055,2022-08-05,SALE027555,Completed
CLM004056,2024-08-05,SALE027560,Pending
CLM004057,2024-10-29,SALE027568,Replaced
CLM004058,2021-04-30,SALE027571,Rejected
CLM004059,2023-04-10,SALE027575,Pending
CLM004060,2025-02-22,SALE027623,Rejected
CLM004061,2023-10-29,SALE027624,Paid Repaired
CLM004062,2025-08-07,SALE027632,Replaced
CLM004063,2021-04-17,SALE027634,Paid Repaired
CLM004064,2023-04-20,SALE027637,Completed
CLM004065,2021-11-27,SALE027639,Paid Repaired
CLM004066,2022-09-07,SALE027643,Completed
CLM004067,2023-03-20,SALE027645,Replaced
CLM004068,2024-08-03,SALE027648,Warranty Void
CLM004069,2025-06-08,SALE027651,Replaced
CLM004070,2022-02-07,SALE027652,Completed
CLM004071,2025-12-31,SALE027657,Completed
CLM004072,2023-11-15,SALE027662,Completed
CLM004073,2020-09-29,SALE027671,Completed
CLM004074,2025-07-08,SALE027680,Completed
CLM004075,2024-06-30,SALE027685,Replaced
CLM004076,2025-12-31,SALE027709,Completed
CLM004077,2021-07-18,SALE027725,Pending
CLM004078,2025-02-12,SALE027727,Completed
CLM004079,2021-05-03,SALE027731,Completed
CLM004080,2024-09-17,SALE027743,Warranty Void
CLM004081,2020-03-11,SALE027746,Completed
CLM004082,2020-12-25,SALE027749,Completed
CLM004083,2020-03-12,SALE027764,Completed
CLM004084,2023-05-05,SALE027765,Replaced
CLM004085,2025-04-11,SALE027766,Completed
CLM004086,2025-12-31,SALE027768,Replaced
CLM004087,2021-12-03,SALE027776,Paid Repaired
CLM004088,2021-03-26,SALE027780,Completed
CLM004089,2025-12-31,SALE027785,Completed
CLM004090,2022-07-21,SALE027787,Replaced
CLM004091,2022-11-24,SALE027791,Completed
CLM004092,2023-08-03,SALE027795,Paid Repaired
CLM004093,2023-04-16,SALE027797,Warranty Void
CLM004094,2023-03-25,SALE027807,Replaced
CLM004095,2021-11-21,SALE027814,Completed
CLM004096,2024-11-26,SALE027816,Completed
CLM004097,2024-02-26,SALE027819,Replaced
CLM004098,2023-10-18,SALE027820,Replaced
CLM004099,2025-12-31,SALE027822,Completed
CLM004100,2025-01-06,SALE027824,Completed
CLM004101,2024-04-01,SALE027827,Completed
CLM004102,2023-11-14,SALE027842,Completed
CLM004103,2024-09-12,SALE027843,Completed
CLM004104,2025-04-23,SALE027856,Replaced
CLM004105,2025-12-31,SALE027862,Paid Repaired
CLM004106,2020-11-16,SALE027870,Completed
CLM004107,2025-09-02,SALE027897,Paid Repaired
CLM004108,2025-12-31,SALE027902,Paid Repaired
CLM004109,2022-10-13,SALE027903,Completed
CLM004110,2023-08-18,SALE027905,Completed
CLM004111,2024-07-21,SALE027922,Paid Repaired
CLM004112,2023-11-03,SALE027933,Replaced
CLM004113,2023-10-20,SALE027946,Warranty Void
CLM004114,2021-09-16,SALE027952,Pending
CLM004115,2023-03-02,SALE027956,Paid Repaired
CLM004116,2023-01-26,SALE027959,Pending
CLM004117,2025-12-14,SALE027961,Paid Repaired
CLM004118,2025-12-31,SALE027964,Pending
CLM004119,2024-08-30,SALE027966,Completed
CLM004120,2023-04-05,SALE027969,Paid Repaired
CLM004121,2022-12-31,SALE027976,Replaced
CLM004122,2021-06-24,SALE027992,Completed
CLM004123,2021-02-14,SALE028002,Paid Repaired
CLM004124,2025-12-07,SALE028006,Rejected
CLM004125,2025-06-17,SALE028008,Completed
CLM004126,2025-12-31,SALE028010,Replaced
CLM004127,2022-12-23,SALE028012,Completed
CLM004128,2020-08-28,SALE028024,Completed
CLM004129,2021-08-04,SALE028036,Paid Repaired
CLM004130,2021-03-06,SALE028039,Pending
CLM004131,2021-12-26,SALE028054,Replaced
CLM004132,2022-11-28,SALE028059,Replaced
CLM004133,2024-09-23,SALE028061,Replaced
CLM004134,2024-12-27,SALE028063,Replaced
CLM004135,2025-04-11,SALE028070,Replaced
CLM004136,2024-07-09,SALE028072,Replaced
CLM004137,2021-12-18,SALE028091,Replaced
CLM004138,2020-11-09,SALE028102,Pending
CLM004139,2022-10-09,SALE028103,Completed
CLM004140,2025-03-17,SALE028108,Paid Repaired
CLM004141,2023-10-14,SALE028110,Pending
CLM004142,2021-07-14,SALE028116,Replaced
CLM004143,2022-03-25,SALE028124,Rejected
CLM004144,2024-05-14,SALE028126,Warranty Void
CLM004145,2025-09-16,SALE028129,Completed
CLM004146,2022-05-05,SALE028133,Replaced
CLM004147,2022-12-28,SALE028134,Completed
CLM004148,2025-06-03,SALE028135,Completed
CLM004149,2021-12-02,SALE028153,Warranty Void
CLM004150,2025-06-25,SALE028164,Replaced
CLM004151,2025-01-07,SALE028167,Pending
CLM004152,2025-12-31,SALE028178,Completed
CLM004153,2023-02-07,SALE028181,Completed
CLM004154,2022-11-25,SALE028190,Replaced
CLM004155,2025-12-30,SALE028200,Rejected
CLM004156,2020-12-09,SALE028201,Completed
CLM004157,2022-12-25,SALE028204,Replaced
CLM004158,2025-12-31,SALE028209,Completed
CLM004159,2023-05-24,SALE028216,Rejected
CLM004160,2024-12-03,SALE028218,Completed
CLM004161,2025-08-12,SALE028222,Warranty Void
CLM004162,2022-05-04,SALE028224,Completed
CLM004163,2025-12-31,SALE028236,Pending
CLM004164,2023-08-28,SALE028245,Completed
CLM004165,2025-12-31,SALE028256,Replaced
CLM004166,2022-01-11,SALE028259,Warranty Void
CLM004167,2020-11-03,SALE028263,Replaced
CLM004168,2025-12-05,SALE028266,Replaced
CLM004169,2024-12-20,SALE028271,Warranty Void
CLM004170,2023-08-13,SALE028290,Replaced
CLM004171,2025-12-31,SALE028303,Pending
CLM004172,2025-12-31,SALE028308,Completed
CLM004173,2021-04-16,SALE028312,Warranty Void
CLM004174,2025-12-31,SALE028318,Pending
CLM004175,2025-03-01,SALE028323,Completed
CLM004176,2024-01-18,SALE028327,Completed
CLM004177,2024-10-14,SALE028335,Completed
CLM004178,2022-11-04,SALE028336,Rejected
CLM004179,2022-03-16,SALE028341,Replaced
CLM004180,2023-04-16,SALE028350,Replaced
CLM004181,2025-03-04,SALE028362,Pending
CLM004182,2023-04-02,SALE028375,Paid Repaired
CLM004183,2024-02-24,SALE028378,Completed
CLM004184,2023-06-19,SALE028384,Pending
CLM004185,2022-12-10,SALE028391,Pending
CLM004186,2020-09-23,SALE028407,Replaced
CLM004187,2025-03-18,SALE028412,Paid Repaired
CLM004188,2023-09-23,SALE028421,Paid Repaired
CLM004189,2023-12-28,SALE028426,Completed
CLM004190,2022-01-14,SALE028429,Paid Repaired
CLM004191,2020-12-30,SALE028431,Completed
CLM004192,2023-05-18,SALE028432,Completed
CLM004193,2022-01-26,SALE028440,Paid Repaired
CLM004194,2021-05-27,SALE028449,Rejected
CLM004195,2023-05-28,SALE028454,Replaced
CLM004196,2021-02-09,SALE028474,Paid Repaired
CLM004197,2024-02-02,SALE028481,Completed
CLM004198,2022-05-17,SALE028491,Paid Repaired
CLM004199,2022-09-10,SALE028494,Pending
CLM004200,2023-05-16,SALE028500,Replaced
CLM004201,2024-01-28,SALE028525,Rejected
CLM004202,2025-03-15,SALE028529,Replaced
CLM004203,2021-08-13,SALE028541,Completed
CLM004204,2022-02-22,SALE028566,Rejected
CLM004205,2022-06-10,SALE028570,Completed
CLM004206,2025-12-24,SALE028571,Paid Repaired
CLM004207,2025-08-22,SALE028591,Completed
CLM004208,2025-12-28,SALE028613,Completed
CLM004209,2023-04-11,SALE028615,Replaced
CLM004210,2023-04-05,SALE028617,Paid Repaired
CLM004211,2025-05-28,SALE028624,Completed
CLM004212,2024-03-31,SALE028626,Paid Repaired
CLM004213,2024-07-26,SALE028628,Completed
CLM004214,2022-02-08,SALE028633,Completed
CLM004215,2022-06-10,SALE028635,Pending
CLM004216,2021-09-23,SALE028646,Completed
CLM004217,2021-04-26,SALE028656,Completed
CLM004218,2023-05-16,SALE028663,Completed
CLM004219,2023-02-06,SALE028668,Completed
CLM004220,2020-09-30,SALE028669,Completed
CLM004221,2022-03-04,SALE028673,Completed
CLM004222,2022-06-30,SALE028677,Warranty Void
CLM004223,2023-09-29,SALE028709,Replaced
CLM004224,2022-07-11,SALE028718,Completed
CLM004225,2023-10-25,SALE028719,Completed
CLM004226,2021-05-27,SALE028724,Completed
CLM004227,2024-01-30,SALE028732,Paid Repaired
CLM004228,2025-12-31,SALE028734,Warranty Void
CLM004229,2022-11-24,SALE028735,Replaced
CLM004230,2021-07-29,SALE028741,Completed
CLM004231,2022-04-20,SALE028744,Completed
CLM004232,2024-04-13,SALE028752,Paid Repaired
CLM004233,2023-12-23,SALE028755,Replaced
CLM004234,2021-05-09,SALE028759,Paid Repaired
CLM004235,2022-10-12,SALE028762,Completed
CLM004236,2021-12-27,SALE028763,Completed
CLM004237,2022-06-12,SALE028768,Completed
CLM004238,2020-08-05,SALE028776,Replaced
CLM004239,2023-01-06,SALE028788,Completed
CLM004240,2022-03-03,SALE028791,Completed
CLM004241,2022-12-31,SALE028797,Completed
CLM004242,2022-07-27,SALE028802,Completed
CLM004243,2023-05-22,SALE028806,Pending
CLM004244,2023-05-07,SALE028830,Completed
CLM004245,2022-06-17,SALE028831,Paid Repaired
CLM004246,2022-04-10,SALE028832,Completed
CLM004247,2021-01-05,SALE028837,Completed
CLM004248,2025-09-18,SALE028862,Completed
CLM004249,2023-03-07,SALE028864,Warranty Void
CLM004250,2022-06-26,SALE028868,Completed
CLM004251,2024-02-13,SALE028878,Completed
CLM004252,2022-07-08,SALE028885,Completed
CLM004253,2021-12-22,SALE028886,Replaced
CLM004254,2024-03-08,SALE028890,Completed
CLM004255,2025-04-06,SALE028898,Completed
CLM004256,2022-06-20,SALE028900,Paid Repaired
CLM004257,2024-08-01,SALE028907,Pending
CLM004258,2021-10-23,SALE028908,Rejected
CLM004259,2024-08-19,SALE028910,Completed
CLM004260,2025-02-01,SALE028912,Completed
CLM004261,2022-04-08,SALE028916,Pending
CLM004262,2024-03-26,SALE028923,Completed
CLM004263,2022-05-15,SALE028939,Replaced
CLM004264,2022-09-26,SALE028949,Rejected
CLM004265,2022-03-28,SALE028954,Replaced
CLM004266,2023-12-29,SALE028964,Replaced
CLM004267,2025-03-13,SALE028976,Pending
CLM004268,2021-03-08,SALE028979,Completed
CLM004269,2022-10-22,SALE028982,Completed
CLM004270,2024-05-14,SALE028983,Paid Repaired
CLM004271,2024-08-08,SALE028987,Completed
CLM004272,2023-03-02,SALE028993,Paid Repaired
CLM004273,2023-04-02,SALE029003,Paid Repaired
CLM004274,2022-05-15,SALE029018,Paid Repaired
CLM004275,2025-12-01,SALE029020,Completed
CLM004276,2024-09-12,SALE029027,Replaced
CLM004277,2025-01-27,SALE029035,Completed
CLM004278,2022-12-26,SALE029043,Rejected
CLM004279,2024-12-06,SALE029050,Completed
CLM004280,2023-12-18,SALE029056,Replaced
CLM004281,2023-09-09,SALE029057,Rejected
CLM004282,2022-08-07,SALE029062,Replaced
CLM004283,2025-11-06,SALE029069,Rejected
CLM004284,2023-12-05,SALE029075,Completed
CLM004285,2023-12-04,SALE029077,Replaced
CLM004286,2022-10-22,SALE029078,Completed
CLM004287,2024-05-16,SALE029080,Completed
CLM004288,2022-09-16,SALE029084,Completed
CLM004289,2022-01-24,SALE029091,Completed
CLM004290,2021-12-31,SALE029105,Replaced
CLM004291,2025-07-16,SALE029108,Completed
CLM004292,2021-09-17,SALE029121,Pending
CLM004293,2022-02-11,SALE029125,Rejected
CLM004294,2021-11-09,SALE029127,Rejected
CLM004295,2025-12-31,SALE029128,Completed
CLM004296,2025-07-03,SALE029130,Completed
CLM004297,2022-06-29,SALE029134,Completed
CLM004298,2024-04-07,SALE029137,Completed
CLM004299,2023-12-25,SALE029145,Completed
CLM004300,2022-05-19,SALE029150,Warranty Void
CLM004301,2025-12-31,SALE029153,Completed
CLM004302,2024-08-25,SALE029158,Replaced
CLM004303,2025-12-31,SALE029161,Completed
CLM004304,2021-02-27,SALE029164,Replaced
CLM004305,2022-01-19,SALE029167,Completed
CLM004306,2021-12-23,SALE029168,Replaced
CLM004307,2023-08-23,SALE029169,Completed
CLM004308,2025-11-13,SALE029173,Paid Repaired
CLM004309,2023-04-19,SALE029178,Completed
CLM004310,2025-03-07,SALE029193,Replaced
CLM004311,2025-05-11,SALE029212,Completed
CLM004312,2024-10-06,SALE029213,Completed
CLM004313,2025-09-30,SALE029218,Replaced
CLM004314,2023-04-03,SALE029228,Completed
CLM004315,2024-08-20,SALE029240,Replaced
CLM004316,2024-05-04,SALE029247,Completed
CLM004317,2022-04-29,SALE029254,Completed
CLM004318,2025-07-09,SALE029256,Completed
CLM004319,2024-12-14,SALE029262,Completed
CLM004320,2023-03-12,SALE029263,Completed
CLM004321,2022-09-09,SALE029275,Completed
CLM004322,2025-06-08,SALE029277,Completed
CLM004323,2023-09-30,SALE029281,Replaced
CLM004324,2023-06-12,SALE029283,Warranty Void
CLM004325,2022-12-14,SALE029284,Rejected
CLM004326,2022-07-02,SALE029294,Completed
CLM004327,2025-12-31,SALE029304,Completed
CLM004328,2023-12-20,SALE029308,Paid Repaired
CLM004329,2024-04-21,SALE029321,Pending
CLM004330,2022-09-02,SALE029334,Replaced
CLM004331,2022-11-18,SALE029339,Warranty Void
CLM004332,2021-02-11,SALE029340,Warranty Void
CLM004333,2025-05-09,SALE029350,Paid Repaired
CLM004334,2024-07-18,SALE029363,Completed
CLM004335,2023-11-14,SALE029396,Completed
CLM004336,2021-07-23,SALE029401,Replaced
CLM004337,2021-12-10,SALE029403,Completed
CLM004338,2021-08-07,SALE029408,Completed
CLM004339,2023-11-05,SALE029410,Pending
CLM004340,2021-08-17,SALE029412,Completed
CLM004341,2025-09-20,SALE029413,Completed
CLM004342,2021-07-29,SALE029419,Replaced
CLM004343,2022-10-31,SALE029423,Completed
CLM004344,2021-03-03,SALE029424,Paid Repaired
CLM004345,2023-09-03,SALE029433,Completed
CLM004346,2022-12-19,SALE029436,Completed
CLM004347,2022-01-05,SALE029445,Replaced
CLM004348,2023-06-05,SALE029449,Completed
CLM004349,2022-06-01,SALE029453,Completed
CLM004350,2025-12-07,SALE029455,Paid Repaired
CLM004351,2021-12-25,SALE029459,Completed
CLM004352,2021-08-29,SALE029466,Completed
CLM004353,2025-10-14,SALE029468,Warranty Void
CLM004354,2025-12-31,SALE029477,Completed
CLM004355,2023-06-29,SALE029485,Replaced
CLM004356,2021-08-05,SALE029506,Paid Repaired
CLM004357,2025-12-31,SALE029511,Completed
CLM004358,2025-10-23,SALE029517,Paid Repaired
CLM004359,2022-03-05,SALE029518,Completed
CLM004360,2025-09-06,SALE029519,Pending
CLM004361,2021-06-22,SALE029527,Replaced
CLM004362,2022-03-18,SALE029533,Pending
CLM004363,2023-02-01,SALE029537,Completed
CLM004364,2025-03-20,SALE029543,Completed
CLM004365,2021-09-28,SALE029544,Replaced
CLM004366,2021-07-12,SALE029553,Completed
CLM004367,2025-02-17,SALE029555,Rejected
CLM004368,2024-07-03,SALE029563,Completed
CLM004369,2023-06-22,SALE029567,Completed
CLM004370,2025-03-14,SALE029588,Warranty Void
CLM004371,2023-10-03,SALE029589,Replaced
CLM004372,2020-12-06,SALE029590,Replaced
CLM004373,2025-03-06,SALE029604,Rejected
CLM004374,2021-10-28,SALE029605,Warranty Void
CLM004375,2023-04-29,SALE029607,Paid Repaired
CLM004376,2023-10-13,SALE029622,Completed
CLM004377,2023-04-07,SALE029625,Completed
CLM004378,2022-07-06,SALE029639,Paid Repaired
CLM004379,2025-03-31,SALE029645,Completed
CLM004380,2024-05-12,SALE029647,Completed
CLM004381,2021-10-15,SALE029649,Replaced
CLM004382,2025-12-31,SALE029664,Warranty Void
CLM004383,2021-08-30,SALE029678,Paid Repaired
CLM004384,2023-06-29,SALE029679,Paid Repaired
CLM004385,2025-12-19,SALE029681,Completed
CLM004386,2022-12-22,SALE029687,Rejected
CLM004387,2024-06-05,SALE029688,Completed
CLM004388,2021-10-29,SALE029696,Replaced
CLM004389,2022-01-10,SALE029697,Completed
CLM004390,2024-09-03,SALE029698,Completed
CLM004391,2024-11-23,SALE029706,Completed
CLM004392,2021-10-02,SALE029709,Replaced
CLM004393,2021-01-30,SALE029715,Completed
CLM004394,2022-09-18,SALE029719,Completed
CLM004395,2025-09-13,SALE029725,Completed
CLM004396,2022-12-19,SALE029740,Paid Repaired
CLM004397,2022-07-15,SALE029742,Replaced
CLM004398,2024-06-05,SALE029746,Rejected
CLM004399,2024-12-28,SALE029752,Completed
CLM004400,2022-03-13,SALE029753,Rejected
CLM004401,2021-07-09,SALE029758,Completed
CLM004402,2020-11-24,SALE029791,Completed
CLM004403,2025-12-31,SALE029809,Pending
CLM004404,2021-05-07,SALE029815,Pending
CLM004405,2020-07-02,SALE029818,Completed
CLM004406,2020-08-11,SALE029830,Rejected
CLM004407,2023-11-25,SALE029831,Completed
CLM004408,2025-03-10,SALE029834,Completed
CLM004409,2022-11-29,SALE029845,Paid Repaired
CLM004410,2025-12-31,SALE029855,Pending
CLM004411,2023-10-29,SALE029857,Warranty Void
CLM004412,2025-03-26,SALE029860,Completed
CLM004413,2024-09-23,SALE029867,Replaced
CLM004414,2023-06-28,SALE029870,Warranty Void
CLM004415,2021-06-20,SALE029879,Pending
CLM004416,2025-06-05,SALE029886,Completed
CLM004417,2025-12-31,SALE029889,Paid Repaired
CLM004418,2025-08-18,SALE029898,Pending
CLM004419,2022-06-01,SALE029900,Paid Repaired
CLM004420,2022-12-19,SALE029914,Paid Repaired
CLM004421,2025-12-31,SALE029919,Warranty Void
CLM004422,2023-02-04,SALE029920,Completed
CLM004423,2020-06-20,SALE029922,Replaced
CLM004424,2025-06-29,SALE029923,Completed
CLM004425,2020-11-02,SALE029943,Replaced
CLM004426,2023-05-07,SALE029948,Replaced
CLM004427,2025-01-20,SALE029952,Completed
CLM004428,2025-07-24,SALE029954,Paid Repaired
CLM004429,2022-04-04,SALE029955,Warranty Void
CLM004430,2025-01-16,SALE029957,Completed
CLM004431,2023-05-08,SALE029958,Paid Repaired
CLM004432,2022-02-09,SALE029971,Completed
CLM004433,2021-10-22,SALE029973,Paid Repaired
CLM004434,2021-12-28,SALE029975,Rejected
CLM004435,2024-12-14,SALE029982,Completed
CLM004436,2022-04-14,SALE029994,Rejected
CLM004437,2025-10-31,SALE029995,Completed
CLM004438,2025-03-11,SALE030005,Replaced
CLM004439,2025-04-16,SALE030007,Completed
CLM004440,2024-02-07,SALE030011,Completed
CLM004441,2025-10-31,SALE030012,Completed
CLM004442,2022-07-25,SALE030016,Completed
CLM004443,2025-12-31,SALE030018,Pending
CLM004444,2022-12-16,SALE030025,Paid Repaired
CLM004445,2025-08-12,SALE030028,Completed
CLM004446,2023-02-26,SALE030043,Paid Repaired
CLM004447,2022-10-11,SALE030052,Completed
CLM004448,2025-04-29,SALE030053,Replaced
CLM004449,2021-05-08,SALE030057,Rejected
CLM004450,2023-05-29,SALE030062,Completed
CLM004451,2025-10-18,SALE030073,Completed
CLM004452,2022-03-15,SALE030075,Replaced
CLM004453,2023-04-28,SALE030106,Rejected
CLM004454,2025-06-15,SALE030116,Completed
CLM004455,2020-09-23,SALE030127,Completed
CLM004456,2025-07-22,SALE030135,Completed
CLM004457,2021-01-05,SALE030136,Pending
CLM004458,2020-11-11,SALE030163,Completed
CLM004459,2021-05-24,SALE030164,Completed
CLM004460,2025-12-31,SALE030165,Rejected
CLM004461,2022-01-25,SALE030173,Replaced
CLM004462,2020-11-18,SALE030178,Pending
CLM004463,2025-09-30,SALE030179,Pending
CLM004464,2021-08-14,SALE030183,Completed
CLM004465,2025-03-13,SALE030186,Replaced
CLM004466,2023-06-07,SALE030189,Completed
CLM004467,2025-11-26,SALE030192,Completed
CLM004468,2023-06-12,SALE030196,Completed
CLM004469,2024-09-15,SALE030200,Replaced
CLM004470,2023-06-03,SALE030219,Completed
CLM004471,2025-09-30,SALE030220,Pending
CLM004472,2024-01-04,SALE030251,Completed
CLM004473,2025-12-31,SALE030252,Completed
CLM004474,2025-01-29,SALE030259,Replaced
CLM004475,2025-05-12,SALE030266,Completed
CLM004476,2020-11-30,SALE030269,Replaced
CLM004477,2022-02-20,SALE030279,Completed
CLM004478,2024-11-10,SALE030288,Completed
CLM004479,2025-07-31,SALE030289,Completed
CLM004480,2024-03-10,SALE030290,Pending
CLM004481,2023-02-28,SALE030303,Pending
CLM004482,2023-08-05,SALE030314,Pending
CLM004483,2025-05-14,SALE030322,Paid Repaired
CLM004484,2021-06-21,SALE030332,Completed
CLM004485,2023-03-09,SALE030339,Warranty Void
CLM004486,2021-12-09,SALE030343,Completed
CLM004487,2025-08-12,SALE030350,Paid Repaired
CLM004488,2020-11-21,SALE030352,Completed
CLM004489,2022-04-21,SALE030363,Pending
CLM004490,2025-05-30,SALE030368,Pending
CLM004491,2024-07-07,SALE030379,Pending
CLM004492,2024-08-25,SALE030380,Pending
CLM004493,2024-05-20,SALE030384,Paid Repaired
CLM004494,2024-06-05,SALE030385,Completed
CLM004495,2020-07-14,SALE030387,Completed
CLM004496,2022-08-16,SALE030400,Completed
CLM004497,2021-12-10,SALE030402,Completed
CLM004498,2021-07-17,SALE030403,Completed
CLM004499,2025-02-03,SALE030405,Completed
CLM004500,2024-05-20,SALE030412,Completed
CLM004501,2025-09-03,SALE030422,Replaced
CLM004502,2021-03-06,SALE030445,Completed
CLM004503,2025-09-25,SALE030464,Paid Repaired
CLM004504,2024-03-03,SALE030467,Completed
CLM004505,2025-03-03,SALE030474,Warranty Void
CLM004506,2025-02-16,SALE030478,Paid Repaired
CLM004507,2023-12-06,SALE030492,Rejected
CLM004508,2024-10-31,SALE030522,Warranty Void
CLM004509,2023-12-16,SALE030528,Completed
CLM004510,2024-11-19,SALE030530,Completed
CLM004511,2022-02-19,SALE030533,Completed
CLM004512,2024-06-17,SALE030549,Warranty Void
CLM004513,2024-11-17,SALE030560,Replaced
CLM004514,2025-04-20,SALE030565,Replaced
CLM004515,2020-12-18,SALE030572,Replaced
CLM004516,2025-01-29,SALE030574,Replaced
CLM004517,2021-01-18,SALE030578,Completed
CLM004518,2021-04-19,SALE030591,Warranty Void
CLM004519,2025-11-21,SALE030598,Rejected
CLM004520,2024-12-03,SALE030604,Paid Repaired
CLM004521,2021-02-13,SALE030614,Completed
CLM004522,2022-05-10,SALE030618,Paid Repaired
CLM004523,2025-12-31,SALE030625,Rejected
CLM004524,2022-07-04,SALE030631,Paid Repaired
CLM004525,2022-03-16,SALE030646,Completed
CLM004526,2025-05-11,SALE030653,Completed
CLM004527,2025-07-17,SALE030659,Pending
CLM004528,2024-02-20,SALE030664,Replaced
CLM004529,2025-08-17,SALE030679,Pending
CLM004530,2023-04-25,SALE030683,Replaced
CLM004531,2024-01-04,SALE030694,Replaced
CLM004532,2022-03-06,SALE030712,Replaced
CLM004533,2024-06-15,SALE030720,Completed
CLM004534,2021-07-10,SALE030728,Warranty Void
CLM004535,2025-09-04,SALE030732,Completed
CLM004536,2024-10-16,SALE030748,Completed
CLM004537,2025-07-18,SALE030783,Pending
CLM004538,2024-05-03,SALE030786,Replaced
CLM004539,2025-07-28,SALE030797,Pending
CLM004540,2022-06-13,SALE030798,Completed
CLM004541,2025-12-31,SALE030799,Completed
CLM004542,2025-07-28,SALE030804,Completed
CLM004543,2022-01-23,SALE030805,Completed
CLM004544,2023-11-17,SALE030810,Rejected
CLM004545,2022-04-08,SALE030814,Pending
CLM004546,2025-07-30,SALE030821,Replaced
CLM004547,2022-08-05,SALE030824,Completed
CLM004548,2022-11-04,SALE030826,Rejected
CLM004549,2025-04-05,SALE030827,Completed
CLM004550,2022-04-25,SALE030838,Completed
CLM004551,2021-09-24,SALE030858,Completed
CLM004552,2024-06-22,SALE030861,Completed
CLM004553,2022-12-21,SALE030864,Completed
CLM004554,2025-02-20,SALE030865,Pending
CLM004555,2025-12-31,SALE030869,Paid Repaired
CLM004556,2025-12-31,SALE030870,Pending
CLM004557,2025-12-30,SALE030884,Rejected
CLM004558,2025-07-20,SALE030889,Replaced
CLM004559,2021-11-15,SALE030897,Warranty Void
CLM004560,2024-09-13,SALE030913,Completed
CLM004561,2022-12-30,SALE030929,Pending
CLM004562,2024-10-01,SALE030934,Pending
CLM004563,2022-07-03,SALE030959,Completed
CLM004564,2021-02-23,SALE030991,Completed
CLM004565,2025-08-24,SALE031016,Replaced
CLM004566,2025-04-14,SALE031018,Replaced
CLM004567,2023-07-12,SALE031031,Completed
CLM004568,2025-07-11,SALE031034,Completed
CLM004569,2021-11-12,SALE031040,Paid Repaired
CLM004570,2021-01-05,SALE031043,Replaced
CLM004571,2024-03-01,SALE031055,Completed
CLM004572,2023-01-28,SALE031060,Warranty Void
CLM004573,2025-03-17,SALE031069,Replaced
CLM004574,2023-03-25,SALE031074,Completed
CLM004575,2025-02-02,SALE031075,Pending
CLM004576,2025-03-09,SALE031100,Pending
CLM004577,2023-11-08,SALE031109,Replaced
CLM004578,2022-02-02,SALE031119,Completed
CLM004579,2025-12-02,SALE031123,Completed
CLM004580,2021-10-25,SALE031126,Replaced
CLM004581,2021-09-25,SALE031127,Completed
CLM004582,2024-09-13,SALE031135,Pending
CLM004583,2022-04-17,SALE031136,Replaced
CLM004584,2025-10-29,SALE031141,Replaced
CLM004585,2021-06-27,SALE031145,Pending
CLM004586,2022-01-20,SALE031151,Paid Repaired
CLM004587,2020-11-28,SALE031154,Replaced
CLM004588,2021-03-06,SALE031159,Replaced
CLM004589,2022-12-15,SALE031162,Completed
CLM004590,2023-04-29,SALE031163,Replaced
CLM004591,2022-11-30,SALE031166,Completed
CLM004592,2022-09-01,SALE031168,Replaced
CLM004593,2021-02-27,SALE031170,Paid Repaired
CLM004594,2025-12-31,SALE031176,Replaced
CLM004595,2022-02-22,SALE031216,Completed
CLM004596,2020-10-20,SALE031218,Completed
CLM004597,2025-02-07,SALE031224,Completed
CLM004598,2025-12-31,SALE031226,Completed
CLM004599,2021-05-29,SALE031240,Replaced
CLM004600,2025-11-23,SALE031245,Warranty Void
CLM004601,2020-09-23,SALE031247,Completed
CLM004602,2024-11-09,SALE031256,Replaced
CLM004603,2023-11-07,SALE031263,Paid Repaired
CLM004604,2021-06-05,SALE031273,Completed
CLM004605,2024-10-09,SALE031275,Replaced
CLM004606,2024-06-08,SALE031282,Replaced
CLM004607,2022-12-15,SALE031294,Completed
CLM004608,2025-12-18,SALE031295,Warranty Void
CLM004609,2024-05-12,SALE031309,Replaced
CLM004610,2021-01-15,SALE031312,Replaced
CLM004611,2021-03-01,SALE031315,Completed
CLM004612,2022-05-02,SALE031319,Paid Repaired
CLM004613,2023-08-20,SALE031331,Replaced
CLM004614,2025-07-15,SALE031335,Completed
CLM004615,2024-07-09,SALE031351,Completed
CLM004616,2024-01-02,SALE031361,Replaced
CLM004617,2021-05-31,SALE031367,Completed
CLM004618,2024-07-18,SALE031369,Paid Repaired
CLM004619,2021-03-01,SALE031386,Completed
CLM004620,2022-07-25,SALE031396,Pending
CLM004621,2025-04-08,SALE031403,Completed
CLM004622,2023-08-02,SALE031412,Completed
CLM004623,2022-11-23,SALE031414,Pending
CLM004624,2021-10-12,SALE031415,Warranty Void
CLM004625,2020-12-29,SALE031420,Completed
CLM004626,2022-12-25,SALE031421,Completed
CLM004627,2021-11-14,SALE031425,Completed
CLM004628,2020-07-06,SALE031426,Completed
CLM004629,2021-05-17,SALE031437,Paid Repaired
CLM004630,2023-09-30,SALE031442,Replaced
CLM004631,2025-12-24,SALE031444,Paid Repaired
CLM004632,2022-09-11,SALE031448,Replaced
CLM004633,2025-06-29,SALE031453,Warranty Void
CLM004634,2024-12-09,SALE031462,Pending
CLM004635,2024-02-28,SALE031465,Completed
CLM004636,2020-12-23,SALE031467,Pending
CLM004637,2021-12-06,SALE031478,Replaced
CLM004638,2021-04-27,SALE031485,Replaced
CLM004639,2021-09-17,SALE031487,Replaced
CLM004640,2020-10-29,SALE031508,Completed
CLM004641,2023-11-28,SALE031510,Replaced
CLM004642,2023-08-04,SALE031520,Completed
CLM004643,2022-06-27,SALE031528,Warranty Void
CLM004644,2024-03-11,SALE031536,Paid Repaired
CLM004645,2023-08-02,SALE031537,Completed
CLM004646,2020-11-08,SALE031539,Paid Repaired
CLM004647,2023-08-19,SALE031542,Paid Repaired
CLM004648,2025-09-16,SALE031569,Completed
CLM004649,2021-04-26,SALE031570,Completed
CLM004650,2022-07-21,SALE031572,Completed
CLM004651,2023-01-12,SALE031577,Rejected
CLM004652,2025-01-10,SALE031581,Paid Repaired
CLM004653,2021-10-03,SALE031596,Completed
CLM004654,2025-11-29,SALE031599,Completed
CLM004655,2025-10-02,SALE031604,Paid Repaired
CLM004656,2024-06-08,SALE031607,Completed
CLM004657,2024-04-28,SALE031618,Completed
CLM004658,2025-04-26,SALE031619,Completed
CLM004659,2024-04-21,SALE031626,Warranty Void
CLM004660,2022-05-21,SALE031631,Pending
CLM004661,2022-04-29,SALE031675,Replaced
CLM004662,2025-12-13,SALE031689,Pending
CLM004663,2024-03-09,SALE031699,Completed
CLM004664,2023-09-09,SALE031707,Rejected
CLM004665,2022-05-29,SALE031725,Completed
CLM004666,2021-04-26,SALE031737,Replaced
CLM004667,2021-04-19,SALE031743,Replaced
CLM004668,2024-10-26,SALE031763,Completed
CLM004669,2021-01-29,SALE031765,Completed
CLM004670,2024-08-22,SALE031767,Replaced
CLM004671,2025-01-06,SALE031773,Completed
CLM004672,2020-02-05,SALE031781,Completed
CLM004673,2022-05-04,SALE031789,Completed
CLM004674,2021-10-17,SALE031794,Replaced
CLM004675,2024-04-27,SALE031805,Paid Repaired
CLM004676,2023-04-25,SALE031807,Pending
CLM004677,2021-11-15,SALE031808,Completed
CLM004678,2021-04-22,SALE031837,Completed
CLM004679,2024-03-31,SALE031840,Completed
CLM004680,2024-09-01,SALE031841,Completed
CLM004681,2025-06-14,SALE031844,Paid Repaired
CLM004682,2022-06-28,SALE031848,Completed
CLM004683,2025-03-18,SALE031872,Pending
CLM004684,2025-12-31,SALE031873,Completed
CLM004685,2024-07-06,SALE031882,Paid Repaired
CLM004686,2025-08-15,SALE031898,Paid Repaired
CLM004687,2021-08-12,SALE031900,Paid Repaired
CLM004688,2022-08-13,SALE031903,Replaced
CLM004689,2024-08-26,SALE031909,Paid Repaired
CLM004690,2023-02-17,SALE031916,Replaced
CLM004691,2023-09-18,SALE031924,Completed
CLM004692,2025-06-04,SALE031932,Paid Repaired
CLM004693,2021-01-04,SALE031936,Completed
CLM004694,2024-09-10,SALE031952,Completed
CLM004695,2023-10-08,SALE031954,Replaced
CLM004696,2022-05-21,SALE031961,Paid Repaired
CLM004697,2025-08-03,SALE031975,Replaced
CLM004698,2022-08-18,SALE031977,Replaced
CLM004699,2024-06-08,SALE031984,Pending
CLM004700,2020-12-15,SALE031989,Completed
CLM004701,2023-01-14,SALE031991,Replaced
CLM004702,2024-01-29,SALE031994,Completed
CLM004703,2024-04-24,SALE031997,Rejected
CLM004704,2025-12-26,SALE031998,Pending
CLM004705,2025-07-03,SALE032000,Paid Repaired
CLM004706,2025-02-09,SALE032012,Completed
CLM004707,2025-11-23,SALE032019,Completed
CLM004708,2022-08-27,SALE032020,Completed
CLM004709,2024-05-18,SALE032021,Completed
CLM004710,2022-09-28,SALE032026,Warranty Void
CLM004711,2025-12-31,SALE032048,Rejected
CLM004712,2025-12-18,SALE032066,Completed
CLM004713,2025-02-20,SALE032068,Replaced
CLM004714,2025-07-22,SALE032069,Pending
CLM004715,2025-10-17,SALE032073,Completed
CLM004716,2021-12-20,SALE032080,Completed
CLM004717,2020-11-23,SALE032091,Completed
CLM004718,2023-01-13,SALE032099,Replaced
CLM004719,2021-07-10,SALE032118,Completed
CLM004720,2025-07-30,SALE032124,Pending
CLM004721,2021-06-04,SALE032127,Completed
CLM004722,2024-04-01,SALE032130,Replaced
CLM004723,2025-12-31,SALE032141,Rejected
CLM004724,2022-08-27,SALE032164,Completed
CLM004725,2021-12-16,SALE032167,Paid Repaired
CLM004726,2023-05-27,SALE032168,Completed
CLM004727,2025-12-31,SALE032180,Completed
CLM004728,2023-11-14,SALE032189,Completed
CLM004729,2025-12-31,SALE032198,Pending
CLM004730,2022-03-27,SALE032201,Completed
CLM004731,2024-02-10,SALE032210,Completed
CLM004732,2025-08-14,SALE032212,Rejected
CLM004733,2022-11-19,SALE032216,Pending
CLM004734,2025-09-22,SALE032223,Completed
CLM004735,2023-08-08,SALE032224,Paid Repaired
CLM004736,2025-06-29,SALE032232,Completed
CLM004737,2023-02-10,SALE032241,Completed
CLM004738,2025-07-13,SALE032245,Rejected
CLM004739,2023-11-26,SALE032246,Completed
CLM004740,2021-08-21,SALE032257,Pending
CLM004741,2023-02-11,SALE032258,Completed
CLM004742,2020-12-31,SALE032261,Completed
CLM004743,2023-02-12,SALE032263,Completed
CLM004744,2022-06-03,SALE032271,Completed
CLM004745,2025-01-12,SALE032280,Rejected
CLM004746,2022-01-16,SALE032282,Completed
CLM004747,2025-03-13,SALE032292,Warranty Void
CLM004748,2024-04-20,SALE032293,Rejected
CLM004749,2024-07-02,SALE032296,Completed
CLM004750,2025-02-12,SALE032303,Paid Repaired
CLM004751,2024-09-29,SALE032312,Completed
CLM004752,2022-01-14,SALE032317,Warranty Void
CLM004753,2020-09-16,SALE032318,Replaced
CLM004754,2022-01-03,SALE032324,Replaced
CLM004755,2024-10-21,SALE032328,Completed
CLM004756,2023-11-15,SALE032338,Completed
CLM004757,2023-12-30,SALE032351,Completed
CLM004758,2025-06-09,SALE032353,Completed
CLM004759,2025-05-27,SALE032373,Completed
CLM004760,2024-10-11,SALE032377,Warranty Void
CLM004761,2022-12-04,SALE032392,Completed
CLM004762,2022-05-13,SALE032394,Completed
CLM004763,2023-06-02,SALE032404,Completed
CLM004764,2025-05-09,SALE032415,Paid Repaired
CLM004765,2022-10-26,SALE032416,Completed
CLM004766,2022-10-15,SALE032445,Replaced
CLM004767,2025-07-05,SALE032460,Completed
CLM004768,2022-12-14,SALE032468,Paid Repaired
CLM004769,2024-10-07,SALE032473,Paid Repaired
CLM004770,2025-06-25,SALE032495,Completed
CLM004771,2022-06-22,SALE032504,Paid Repaired
CLM004772,2024-07-09,SALE032510,Replaced
CLM004773,2025-12-31,SALE032523,Paid Repaired
CLM004774,2022-02-03,SALE032524,Completed
CLM004775,2024-07-30,SALE032526,Replaced
CLM004776,2022-06-04,SALE032528,Completed
CLM004777,2024-09-16,SALE032532,Completed
CLM004778,2022-08-29,SALE032541,Pending
CLM004779,2024-07-12,SALE032542,Pending
CLM004780,2025-11-02,SALE032545,Warranty Void
CLM004781,2024-06-30,SALE032550,Pending
CLM004782,2022-08-01,SALE032577,Completed
CLM004783,2022-05-06,SALE032587,Replaced
CLM004784,2025-05-26,SALE032596,Pending
CLM004785,2025-12-07,SALE032602,Replaced
CLM004786,2020-10-12,SALE032603,Rejected
CLM004787,2022-03-10,SALE032607,Completed
CLM004788,2025-05-14,SALE032609,Completed
CLM004789,2024-07-26,SALE032619,Replaced
CLM004790,2025-03-16,SALE032624,Completed
CLM004791,2025-09-19,SALE032631,Replaced
CLM004792,2023-12-02,SALE032632,Completed
CLM004793,2023-01-16,SALE032638,Completed
CLM004794,2024-08-16,SALE032639,Paid Repaired
CLM004795,2025-12-31,SALE032642,Pending
CLM004796,2023-11-18,SALE032649,Rejected
CLM004797,2024-08-26,SALE032661,Rejected
CLM004798,2020-11-12,SALE032662,Completed
CLM004799,2020-06-26,SALE032663,Completed
CLM004800,2023-02-20,SALE032668,Completed
CLM004801,2025-02-01,SALE032674,Completed
CLM004802,2022-07-01,SALE032677,Paid Repaired
CLM004803,2021-09-15,SALE032684,Replaced
CLM004804,2020-11-23,SALE032692,Pending
CLM004805,2024-10-01,SALE032707,Paid Repaired
CLM004806,2025-01-12,SALE032720,Completed
CLM004807,2025-12-17,SALE032726,Completed
CLM004808,2020-11-23,SALE032727,Paid Repaired
CLM004809,2021-09-25,SALE032733,Replaced
CLM004810,2025-01-10,SALE032746,Completed
CLM004811,2020-09-07,SALE032752,Warranty Void
CLM004812,2023-03-31,SALE032753,Completed
CLM004813,2021-07-06,SALE032760,Completed
CLM004814,2025-06-13,SALE032767,Completed
CLM004815,2021-09-17,SALE032769,Completed
CLM004816,2022-03-01,SALE032771,Replaced
CLM004817,2025-05-09,SALE032786,Replaced
CLM004818,2025-03-21,SALE032788,Completed
CLM004819,2024-03-10,SALE032789,Replaced
CLM004820,2021-04-10,SALE032791,Completed
CLM004821,2022-10-14,SALE032801,Completed
CLM004822,2021-01-29,SALE032809,Completed
CLM004823,2022-06-28,SALE032813,Completed
CLM004824,2024-01-02,SALE032819,Completed
CLM004825,2022-01-30,SALE032821,Completed
CLM004826,2023-08-24,SALE032854,Replaced
CLM004827,2025-12-31,SALE032860,Completed
CLM004828,2023-09-15,SALE032876,Completed
CLM004829,2020-05-25,SALE032880,Completed
CLM004830,2025-09-18,SALE032883,Completed
CLM004831,2025-05-17,SALE032884,Replaced
CLM004832,2021-11-14,SALE032894,Replaced
CLM004833,2025-01-26,SALE032896,Pending
CLM004834,2023-11-05,SALE032899,Completed
CLM004835,2025-03-16,SALE032915,Completed
CLM004836,2024-08-26,SALE032926,Warranty Void
CLM004837,2022-03-17,SALE032927,Completed
CLM004838,2023-07-02,SALE032931,Replaced
CLM004839,2021-03-06,SALE032935,Replaced
CLM004840,2022-12-13,SALE032941,Completed
CLM004841,2024-07-18,SALE032956,Warranty Void
CLM004842,2024-07-27,SALE032960,Completed
CLM004843,2024-08-09,SALE032961,Completed
CLM004844,2025-02-24,SALE032963,Paid Repaired
CLM004845,2021-11-29,SALE032981,Rejected
CLM004846,2023-06-10,SALE032984,Paid Repaired
CLM004847,2024-10-10,SALE032988,Completed
CLM004848,2021-12-31,SALE032999,Completed
CLM004849,2023-12-26,SALE033003,Completed
CLM004850,2025-05-31,SALE033020,Paid Repaired
CLM004851,2021-08-26,SALE033023,Paid Repaired
CLM004852,2024-01-15,SALE033032,Pending
CLM004853,2021-04-29,SALE033037,Replaced
CLM004854,2024-05-28,SALE033053,Pending
CLM004855,2021-09-02,SALE033057,Replaced
CLM004856,2022-08-19,SALE033061,Completed
CLM004857,2023-04-01,SALE033062,Paid Repaired
CLM004858,2024-08-24,SALE033072,Warranty Void
CLM004859,2024-07-29,SALE033079,Paid Repaired
CLM004860,2022-05-03,SALE033080,Paid Repaired
CLM004861,2025-12-27,SALE033084,Pending
CLM004862,2024-03-15,SALE033110,Pending
CLM004863,2021-10-06,SALE033115,Replaced
CLM004864,2024-08-08,SALE033128,Completed
CLM004865,2022-12-18,SALE033145,Pending
CLM004866,2025-04-04,SALE033148,Replaced
CLM004867,2024-09-21,SALE033153,Replaced
CLM004868,2024-08-05,SALE033157,Completed
CLM004869,2024-07-12,SALE033167,Completed
CLM004870,2023-02-06,SALE033194,Warranty Void
CLM004871,2021-04-02,SALE033208,Completed
CLM004872,2022-06-17,SALE033220,Completed
CLM004873,2023-07-11,SALE033245,Replaced
CLM004874,2021-03-17,SALE033260,Completed
CLM004875,2022-08-13,SALE033261,Paid Repaired
CLM004876,2024-12-12,SALE033264,Completed
CLM004877,2025-12-25,SALE033274,Replaced
CLM004878,2021-03-03,SALE033280,Pending
CLM004879,2023-03-15,SALE033281,Replaced
CLM004880,2023-12-26,SALE033283,Rejected
CLM004881,2024-02-23,SALE033287,Pending
CLM004882,2023-01-28,SALE033288,Completed
CLM004883,2021-09-11,SALE033291,Completed
CLM004884,2023-02-12,SALE033295,Replaced
CLM004885,2025-03-04,SALE033297,Replaced
CLM004886,2023-01-15,SALE033303,Pending
CLM004887,2021-05-05,SALE033306,Completed
CLM004888,2023-01-22,SALE033311,Completed
CLM004889,2024-12-21,SALE033327,Completed
CLM004890,2025-04-17,SALE033345,Warranty Void
CLM004891,2022-10-12,SALE033356,Paid Repaired
CLM004892,2021-07-26,SALE033362,Completed
CLM004893,2020-09-11,SALE033372,Paid Repaired
CLM004894,2024-06-10,SALE033379,Completed
CLM004895,2022-03-07,SALE033380,Completed
CLM004896,2022-11-23,SALE033389,Warranty Void
CLM004897,2025-12-31,SALE033391,Completed
CLM004898,2021-05-17,SALE033393,Pending
CLM004899,2023-08-22,SALE033411,Rejected
CLM004900,2023-06-17,SALE033415,Pending
CLM004901,2024-07-18,SALE033418,Warranty Void
CLM004902,2021-07-27,SALE033423,Completed
CLM004903,2025-10-12,SALE033436,Rejected
CLM004904,2024-08-10,SALE033446,Completed
CLM004905,2021-02-19,SALE033456,Warranty Void
CLM004906,2023-05-01,SALE033458,Completed
CLM004907,2024-03-05,SALE033460,Completed
CLM004908,2024-06-09,SALE033465,Completed
CLM004909,2022-12-04,SALE033470,Completed
CLM004910,2024-05-11,SALE033472,Replaced
CLM004911,2021-04-23,SALE033476,Warranty Void
CLM004912,2025-12-31,SALE033491,Paid Repaired
CLM004913,2020-09-25,SALE033497,Paid Repaired
CLM004914,2024-10-19,SALE033514,Pending
CLM004915,2025-07-07,SALE033519,Replaced
CLM004916,2024-07-05,SALE033524,Replaced
CLM004917,2024-03-30,SALE033529,Pending
CLM004918,2025-04-21,SALE033530,Paid Repaired
CLM004919,2021-04-09,SALE033539,Completed
CLM004920,2025-12-31,SALE033544,Completed
CLM004921,2024-01-13,SALE033553,Pending
CLM004922,2023-12-30,SALE033560,Warranty Void
CLM004923,2021-02-16,SALE033569,Paid Repaired
CLM004924,2021-09-27,SALE033575,Replaced
CLM004925,2022-02-08,SALE033581,Completed
CLM004926,2025-11-04,SALE033582,Completed
CLM004927,2024-09-08,SALE033587,Pending
CLM004928,2023-01-24,SALE033611,Paid Repaired
CLM004929,2024-09-11,SALE033615,Paid Repaired
CLM004930,2024-06-11,SALE033625,Replaced
CLM004931,2021-12-22,SALE033636,Completed
CLM004932,2023-08-25,SALE033638,Replaced
CLM004933,2021-09-28,SALE033646,Completed
CLM004934,2022-06-23,SALE033667,Completed
CLM004935,2022-03-15,SALE033673,Replaced
CLM004936,2021-11-08,SALE033674,Completed
CLM004937,2025-05-12,SALE033680,Completed
CLM004938,2021-01-04,SALE033682,Completed
CLM004939,2025-09-27,SALE033690,Completed
CLM004940,2024-11-29,SALE033691,Paid Repaired
CLM004941,2025-07-19,SALE033695,Pending
CLM004942,2023-01-18,SALE033696,Completed
CLM004943,2025-12-31,SALE033701,Paid Repaired
CLM004944,2023-10-04,SALE033704,Completed
CLM004945,2024-03-10,SALE033705,Completed
CLM004946,2025-07-27,SALE033723,Replaced
CLM004947,2025-11-01,SALE033727,Completed
CLM004948,2025-02-08,SALE033736,Replaced
CLM004949,2023-02-01,SALE033747,Completed
CLM004950,2023-01-15,SALE033748,Replaced
CLM004951,2021-12-05,SALE033749,Pending
CLM004952,2022-12-25,SALE033753,Replaced
CLM004953,2023-10-25,SALE033759,Completed
CLM004954,2025-11-22,SALE033762,Completed
CLM004955,2024-06-12,SALE033766,Replaced
CLM004956,2022-12-16,SALE033769,Replaced
CLM004957,2022-04-06,SALE033776,Completed
CLM004958,2021-06-28,SALE033777,Replaced
CLM004959,2021-06-21,SALE033788,Pending
CLM004960,2025-02-11,SALE033793,Completed
CLM004961,2024-05-13,SALE033796,Completed
CLM004962,2020-12-01,SALE033799,Replaced
CLM004963,2020-08-20,SALE033802,Completed
CLM004964,2021-09-30,SALE033809,Completed
CLM004965,2021-11-21,SALE033811,Replaced
CLM004966,2022-02-18,SALE033820,Completed
CLM004967,2023-06-03,SALE033833,Completed
CLM004968,2025-07-02,SALE033834,Paid Repaired
CLM004969,2023-01-11,SALE033844,Completed
CLM004970,2024-04-16,SALE033846,Completed
CLM004971,2023-03-12,SALE033848,Completed
CLM004972,2023-09-30,SALE033851,Replaced
CLM004973,2022-08-17,SALE033854,Warranty Void
CLM004974,2024-07-31,SALE033857,Replaced
CLM004975,2024-07-17,SALE033858,Warranty Void
CLM004976,2025-02-08,SALE033872,Paid Repaired
CLM004977,2022-05-08,SALE033877,Rejected
CLM004978,2022-10-21,SALE033882,Completed
CLM004979,2023-02-10,SALE033886,Pending
CLM004980,2021-12-09,SALE033906,Completed
CLM004981,2023-06-24,SALE033915,Pending
CLM004982,2020-08-13,SALE033918,Rejected
CLM004983,2021-05-20,SALE033927,Replaced
CLM004984,2024-06-04,SALE033940,Replaced
CLM004985,2024-04-12,SALE033946,Paid Repaired
CLM004986,2021-04-24,SALE033951,Replaced
CLM004987,2021-06-07,SALE033952,Paid Repaired
CLM004988,2024-02-27,SALE033959,Completed
CLM004989,2024-06-07,SALE033962,Completed
CLM004990,2022-06-19,SALE033964,Completed
CLM004991,2023-02-06,SALE033976,Completed
CLM004992,2022-08-23,SALE033977,Paid Repaired
CLM004993,2022-01-04,SALE033991,Warranty Void
CLM004994,2023-06-04,SALE033993,Completed
CLM004995,2024-11-12,SALE033996,Pending
CLM004996,2023-08-03,SALE033998,Replaced
CLM004997,2025-03-02,SALE034003,Warranty Void
CLM004998,2022-10-22,SALE034011,Warranty Void
CLM004999,2025-06-08,SALE034013,Rejected
CLM005000,2025-12-31,SALE034014,Replaced
CLM005001,2023-04-20,SALE034018,Completed
CLM005002,2021-06-27,SALE034019,Completed
CLM005003,2021-10-15,SALE034023,Rejected
CLM005004,2025-12-31,SALE034032,Completed
CLM005005,2025-06-29,SALE034033,Completed
CLM005006,2022-05-03,SALE034039,Completed
CLM005007,2021-08-12,SALE034042,Completed
CLM005008,2024-09-17,SALE034044,Completed
CLM005009,2024-11-24,SALE034055,Rejected
CLM005010,2021-09-09,SALE034060,Rejected
CLM005011,2024-12-28,SALE034062,Completed
CLM005012,2024-09-27,SALE034069,Pending
CLM005013,2023-03-19,SALE034080,Completed
CLM005014,2024-07-03,SALE034088,Replaced
CLM005015,2025-03-13,SALE034093,Completed
CLM005016,2023-05-23,SALE034094,Completed
CLM005017,2021-12-04,SALE034100,Paid Repaired
CLM005018,2025-12-31,SALE034105,Pending
CLM005019,2020-07-15,SALE034111,Warranty Void
CLM005020,2025-12-31,SALE034113,Completed
CLM005021,2025-12-31,SALE034124,Pending
CLM005022,2021-02-12,SALE034128,Completed
CLM005023,2020-12-28,SALE034132,Completed
CLM005024,2025-03-07,SALE034134,Pending
CLM005025,2020-12-16,SALE034141,Paid Repaired
CLM005026,2021-01-27,SALE034159,Paid Repaired
CLM005027,2022-01-16,SALE034172,Completed
CLM005028,2024-10-30,SALE034174,Completed
CLM005029,2024-11-03,SALE034175,Completed
CLM005030,2022-04-06,SALE034196,Paid Repaired
CLM005031,2024-08-01,SALE034203,Completed
CLM005032,2025-12-31,SALE034205,Paid Repaired
CLM005033,2024-03-11,SALE034221,Rejected
CLM005034,2020-11-21,SALE034223,Completed
CLM005035,2024-04-13,SALE034246,Completed
CLM005036,2025-02-17,SALE034268,Completed
CLM005037,2023-07-24,SALE034269,Completed
CLM005038,2025-05-01,SALE034271,Completed
CLM005039,2023-05-17,SALE034276,Pending
CLM005040,2021-08-09,SALE034284,Completed
CLM005041,2023-05-11,SALE034287,Completed
CLM005042,2025-09-08,SALE034292,Completed
CLM005043,2023-08-02,SALE034319,Completed
CLM005044,2022-05-16,SALE034324,Paid Repaired
CLM005045,2020-11-13,SALE034327,Replaced
CLM005046,2020-09-01,SALE034335,Replaced
CLM005047,2025-06-08,SALE034349,Completed
CLM005048,2025-02-06,SALE034356,Completed
CLM005049,2025-08-21,SALE034357,Replaced
CLM005050,2025-12-31,SALE034360,Completed
CLM005051,2025-02-02,SALE034373,Pending
CLM005052,2024-07-22,SALE034377,Replaced
CLM005053,2024-04-16,SALE034405,Paid Repaired
CLM005054,2024-07-21,SALE034408,Completed
CLM005055,2021-10-03,SALE034415,Replaced
CLM005056,2022-04-14,SALE034419,Paid Repaired
CLM005057,2025-09-03,SALE034424,Replaced
CLM005058,2022-09-22,SALE034428,Replaced
CLM005059,2021-09-16,SALE034431,Completed
CLM005060,2023-09-02,SALE034442,Completed
CLM005061,2025-11-06,SALE034443,Completed
CLM005062,2022-08-26,SALE034449,Warranty Void
CLM005063,2023-01-02,SALE034455,Paid Repaired
CLM005064,2023-05-02,SALE034460,Pending
CLM005065,2023-08-28,SALE034483,Completed
CLM005066,2024-08-25,SALE034485,Rejected
CLM005067,2021-08-12,SALE034490,Replaced
CLM005068,2024-11-16,SALE034494,Completed
CLM005069,2024-04-07,SALE034497,Replaced
CLM005070,2024-09-06,SALE034504,Completed
CLM005071,2023-04-05,SALE034505,Pending
CLM005072,2024-05-19,SALE034517,Paid Repaired
CLM005073,2022-08-08,SALE034521,Paid Repaired
CLM005074,2023-12-17,SALE034543,Replaced
CLM005075,2021-05-26,SALE034544,Pending
CLM005076,2022-06-22,SALE034551,Completed
CLM005077,2020-09-07,SALE034562,Completed
CLM005078,2025-06-17,SALE034576,Completed
CLM005079,2020-11-13,SALE034584,Rejected
CLM005080,2021-06-24,SALE034594,Completed
CLM005081,2023-11-08,SALE034608,Paid Repaired
CLM005082,2021-08-30,SALE034615,Replaced
CLM005083,2025-10-29,SALE034619,Pending
CLM005084,2023-07-07,SALE034621,Completed
CLM005085,2024-03-04,SALE034627,Warranty Void
CLM005086,2025-10-13,SALE034629,Paid Repaired
CLM005087,2025-01-17,SALE034634,Pending
CLM005088,2025-05-11,SALE034652,Pending
CLM005089,2023-11-13,SALE034658,Completed
CLM005090,2021-06-28,SALE034665,Paid Repaired
CLM005091,2022-07-29,SALE034671,Pending
CLM005092,2025-10-02,SALE034672,Completed
CLM005093,2025-02-24,SALE034695,Replaced
CLM005094,2024-07-26,SALE034699,Completed
CLM005095,2022-05-20,SALE034707,Completed
CLM005096,2021-04-28,SALE034712,Completed
CLM005097,2024-10-06,SALE034716,Replaced
CLM005098,2021-12-12,SALE034723,Replaced
CLM005099,2022-02-26,SALE034735,Completed
CLM005100,2025-09-12,SALE034750,Completed
CLM005101,2022-02-23,SALE034758,Warranty Void
CLM005102,2023-01-17,SALE034759,Pending
CLM005103,2023-02-25,SALE034763,Completed
CLM005104,2022-04-14,SALE034769,Completed
CLM005105,2023-12-26,SALE034776,Paid Repaired
CLM005106,2020-08-11,SALE034783,Paid Repaired
CLM005107,2023-10-25,SALE034785,Completed
CLM005108,2025-03-16,SALE034790,Completed
CLM005109,2022-08-15,SALE034806,Warranty Void
CLM005110,2024-06-23,SALE034810,Paid Repaired
CLM005111,2021-08-30,SALE034813,Paid Repaired
CLM005112,2025-12-31,SALE034814,Completed
CLM005113,2024-10-03,SALE034824,Replaced
CLM005114,2024-01-27,SALE034829,Completed
CLM005115,2025-09-22,SALE034831,Pending
CLM005116,2023-06-20,SALE034839,Completed
CLM005117,2023-05-01,SALE034851,Pending
CLM005118,2021-11-13,SALE034872,Completed
CLM005119,2023-02-14,SALE034890,Paid Repaired
CLM005120,2021-03-11,SALE034891,Completed
CLM005121,2025-03-28,SALE034893,Pending
CLM005122,2025-07-13,SALE034896,Completed
CLM005123,2023-12-28,SALE034906,Pending
CLM005124,2025-11-28,SALE034916,Replaced
CLM005125,2023-08-28,SALE034921,Pending
CLM005126,2021-01-30,SALE034923,Replaced
CLM005127,2021-10-21,SALE034933,Replaced
CLM005128,2022-07-16,SALE034951,Completed
CLM005129,2020-10-12,SALE034953,Replaced
CLM005130,2025-11-22,SALE034956,Completed
CLM005131,2020-08-13,SALE034957,Pending
CLM005132,2024-03-27,SALE034975,Completed
CLM005133,2025-04-09,SALE034983,Completed
CLM005134,2020-07-17,SALE034986,Completed
CLM005135,2023-09-23,SALE035009,Completed
CLM005136,2023-03-04,SALE035021,Completed
CLM005137,2023-02-10,SALE035022,Completed
CLM005138,2023-01-02,SALE035025,Replaced
CLM005139,2023-12-03,SALE035026,Completed
CLM005140,2021-07-25,SALE035028,Pending
CLM005141,2022-10-13,SALE035030,Completed
CLM005142,2020-10-15,SALE035032,Completed
CLM005143,2024-06-22,SALE035034,Completed
CLM005144,2024-03-05,SALE035036,Completed
CLM005145,2021-07-14,SALE035043,Pending
CLM005146,2024-05-05,SALE035049,Completed
CLM005147,2024-07-11,SALE035057,Replaced
CLM005148,2024-08-03,SALE035068,Pending
CLM005149,2025-11-08,SALE035079,Paid Repaired
CLM005150,2023-12-03,SALE035095,Paid Repaired
CLM005151,2024-02-17,SALE035113,Completed
CLM005152,2025-07-17,SALE035136,Replaced
CLM005153,2023-05-12,SALE035140,Completed
CLM005154,2023-06-17,SALE035141,Completed
CLM005155,2025-12-31,SALE035146,Rejected
CLM005156,2022-12-25,SALE035148,Completed
CLM005157,2023-09-06,SALE035150,Completed
CLM005158,2025-03-02,SALE035152,Paid Repaired
CLM005159,2024-12-05,SALE035155,Completed
CLM005160,2025-04-26,SALE035160,Completed
CLM005161,2024-07-15,SALE035167,Paid Repaired
CLM005162,2024-06-07,SALE035177,Completed
CLM005163,2025-08-02,SALE035183,Completed
CLM005164,2024-02-13,SALE035191,Completed
CLM005165,2021-11-27,SALE035198,Pending
CLM005166,2024-02-18,SALE035212,Pending
CLM005167,2024-01-11,SALE035228,Completed
CLM005168,2025-12-31,SALE035244,Replaced
CLM005169,2022-09-09,SALE035252,Completed
CLM005170,2022-03-30,SALE035253,Replaced
CLM005171,2025-03-06,SALE035255,Replaced
CLM005172,2022-12-13,SALE035261,Completed
CLM005173,2023-03-26,SALE035272,Completed
CLM005174,2025-10-01,SALE035279,Completed
CLM005175,2021-11-21,SALE035282,Warranty Void
CLM005176,2025-09-08,SALE035294,Completed
CLM005177,2024-01-17,SALE035295,Paid Repaired
CLM005178,2024-01-29,SALE035302,Pending
CLM005179,2023-01-21,SALE035308,Pending
CLM005180,2022-04-24,SALE035312,Completed
CLM005181,2023-01-10,SALE035317,Replaced
CLM005182,2024-04-29,SALE035318,Replaced
CLM005183,2022-07-16,SALE035324,Completed
CLM005184,2020-03-15,SALE035327,Warranty Void
CLM005185,2025-08-10,SALE035330,Pending
CLM005186,2024-08-23,SALE035338,Replaced
CLM005187,2022-08-05,SALE035345,Completed
CLM005188,2025-03-01,SALE035354,Completed
CLM005189,2021-10-23,SALE035360,Paid Repaired
CLM005190,2020-09-14,SALE035373,Completed
CLM005191,2021-07-30,SALE035381,Rejected
CLM005192,2021-09-21,SALE035387,Paid Repaired
CLM005193,2024-07-11,SALE035400,Completed
CLM005194,2020-10-16,SALE035402,Completed
CLM005195,2021-12-03,SALE035405,Paid Repaired
CLM005196,2023-06-11,SALE035409,Replaced
CLM005197,2023-12-21,SALE035412,Paid Repaired
CLM005198,2022-04-18,SALE035445,Completed
CLM005199,2025-05-01,SALE035449,Pending
CLM005200,2021-10-05,SALE035451,Completed
CLM005201,2023-03-09,SALE035461,Replaced
CLM005202,2023-04-21,SALE035471,Paid Repaired
CLM005203,2025-02-20,SALE035472,Completed
CLM005204,2023-02-02,SALE035478,Paid Repaired
CLM005205,2025-02-19,SALE035487,Pending
CLM005206,2023-08-28,SALE035492,Paid Repaired
CLM005207,2023-05-09,SALE035504,Replaced
CLM005208,2025-12-31,SALE035506,Completed
CLM005209,2024-10-27,SALE035507,Paid Repaired
CLM005210,2025-02-17,SALE035508,Paid Repaired
CLM005211,2025-03-11,SALE035514,Completed
CLM005212,2025-09-05,SALE035521,Replaced
CLM005213,2022-09-15,SALE035526,Warranty Void
CLM005214,2021-11-29,SALE035536,Paid Repaired
CLM005215,2025-12-31,SALE035537,Completed
CLM005216,2021-04-04,SALE035538,Rejected
CLM005217,2024-09-18,SALE035543,Rejected
CLM005218,2020-04-26,SALE035552,Paid Repaired
CLM005219,2024-10-31,SALE035562,Completed
CLM005220,2025-12-31,SALE035591,Completed
CLM005221,2022-08-31,SALE035595,Completed
CLM005222,2025-10-30,SALE035597,Pending
CLM005223,2025-05-30,SALE035613,Pending
CLM005224,2024-03-14,SALE035620,Completed
CLM005225,2020-07-21,SALE035621,Completed
CLM005226,2023-02-28,SALE035622,Pending
CLM005227,2021-10-25,SALE035623,Completed
CLM005228,2024-09-27,SALE035627,Completed
CLM005229,2025-03-14,SALE035630,Completed
CLM005230,2022-08-27,SALE035632,Completed
CLM005231,2023-03-22,SALE035633,Replaced
CLM005232,2022-04-22,SALE035641,Replaced
CLM005233,2024-04-22,SALE035657,Rejected
CLM005234,2021-02-27,SALE035659,Replaced
CLM005235,2025-04-22,SALE035662,Replaced
CLM005236,2024-05-27,SALE035672,Warranty Void
CLM005237,2021-06-09,SALE035679,Completed
CLM005238,2023-06-16,SALE035686,Completed
CLM005239,2022-03-27,SALE035688,Replaced
CLM005240,2025-11-26,SALE035692,Completed
CLM005241,2022-05-27,SALE035695,Warranty Void
CLM005242,2025-06-28,SALE035696,Replaced
CLM005243,2022-09-24,SALE035700,Completed
CLM005244,2024-04-05,SALE035708,Completed
CLM005245,2025-04-03,SALE035712,Replaced
CLM005246,2023-02-22,SALE035718,Paid Repaired
CLM005247,2025-10-03,SALE035731,Replaced
CLM005248,2021-11-03,SALE035732,Paid Repaired
CLM005249,2021-07-04,SALE035736,Completed
CLM005250,2024-02-16,SALE035748,Pending
CLM005251,2020-04-23,SALE035752,Replaced
CLM005252,2022-08-25,SALE035756,Completed
CLM005253,2025-03-05,SALE035769,Completed
CLM005254,2021-12-06,SALE035772,Completed
CLM005255,2025-08-03,SALE035774,Replaced
CLM005256,2023-12-21,SALE035775,Warranty Void
CLM005257,2025-12-31,SALE035776,Completed
CLM005258,2025-08-05,SALE035779,Paid Repaired
CLM005259,2025-01-25,SALE035784,Completed
CLM005260,2024-05-30,SALE035799,Completed
CLM005261,2025-12-31,SALE035802,Replaced
CLM005262,2020-12-17,SALE035805,Paid Repaired
CLM005263,2025-03-28,SALE035806,Paid Repaired
CLM005264,2025-05-10,SALE035807,Paid Repaired
CLM005265,2025-12-31,SALE035817,Replaced
CLM005266,2022-05-10,SALE035826,Warranty Void
CLM005267,2021-07-06,SALE035838,Completed
CLM005268,2023-01-01,SALE035845,Completed
CLM005269,2025-07-02,SALE035846,Completed
CLM005270,2024-05-06,SALE035849,Completed
CLM005271,2021-10-10,SALE035864,Paid Repaired
CLM005272,2025-03-19,SALE035870,Replaced
CLM005273,2023-10-07,SALE035908,Pending
CLM005274,2025-12-31,SALE035917,Completed
CLM005275,2022-03-17,SALE035919,Completed
CLM005276,2021-06-28,SALE035936,Completed
CLM005277,2020-05-20,SALE035938,Pending
CLM005278,2025-07-06,SALE035942,Warranty Void
CLM005279,2022-05-20,SALE035948,Replaced
CLM005280,2024-07-29,SALE035952,Paid Repaired
CLM005281,2025-06-29,SALE035959,Paid Repaired
CLM005282,2025-06-30,SALE035964,Completed
CLM005283,2022-02-14,SALE035967,Completed
CLM005284,2024-09-29,SALE035977,Completed
CLM005285,2023-08-15,SALE035986,Warranty Void
CLM005286,2025-11-22,SALE035989,Warranty Void
CLM005287,2023-02-22,SALE035998,Replaced
CLM005288,2025-12-31,SALE035999,Replaced
CLM005289,2021-02-23,SALE036003,Replaced
CLM005290,2023-07-21,SALE036006,Paid Repaired
CLM005291,2021-05-12,SALE036015,Completed
CLM005292,2021-04-09,SALE036025,Pending
CLM005293,2023-04-08,SALE036030,Paid Repaired
CLM005294,2022-12-06,SALE036038,Paid Repaired
CLM005295,2020-10-17,SALE036039,Completed
CLM005296,2023-09-02,SALE036046,Rejected
CLM005297,2021-12-05,SALE036059,Pending
CLM005298,2022-12-25,SALE036062,Completed
CLM005299,2025-06-03,SALE036066,Completed
CLM005300,2024-02-28,SALE036083,Paid Repaired
CLM005301,2025-06-22,SALE036085,Completed
CLM005302,2025-12-31,SALE036086,Paid Repaired
CLM005303,2024-07-19,SALE036099,Paid Repaired
CLM005304,2023-03-06,SALE036118,Replaced
CLM005305,2021-05-10,SALE036140,Completed
CLM005306,2025-12-31,SALE036162,Completed
CLM005307,2021-12-12,SALE036163,Paid Repaired
CLM005308,2023-12-10,SALE036185,Replaced
CLM005309,2022-04-01,SALE036201,Rejected
CLM005310,2024-02-10,SALE036209,Replaced
CLM005311,2022-07-24,SALE036211,Completed
CLM005312,2021-04-02,SALE036217,Warranty Void
CLM005313,2024-10-31,SALE036226,Completed
CLM005314,2025-03-21,SALE036229,Pending
CLM005315,2024-06-17,SALE036232,Paid Repaired
CLM005316,2023-04-02,SALE036236,Pending
CLM005317,2025-12-31,SALE036243,Completed
CLM005318,2021-08-29,SALE036255,Rejected
CLM005319,2024-04-19,SALE036260,Completed
CLM005320,2024-08-25,SALE036261,Completed
CLM005321,2022-02-16,SALE036282,Completed
CLM005322,2023-05-28,SALE036285,Completed
CLM005323,2024-01-12,SALE036286,Paid Repaired
CLM005324,2024-03-11,SALE036293,Paid Repaired
CLM005325,2024-06-02,SALE036310,Completed
CLM005326,2023-09-10,SALE036320,Replaced
CLM005327,2024-12-07,SALE036324,Pending
CLM005328,2022-06-03,SALE036333,Warranty Void
CLM005329,2022-05-25,SALE036334,Replaced
CLM005330,2023-11-28,SALE036340,Rejected
CLM005331,2022-08-24,SALE036347,Pending
CLM005332,2022-03-23,SALE036348,Pending
CLM005333,2024-02-29,SALE036349,Completed
CLM005334,2024-10-02,SALE036353,Paid Repaired
CLM005335,2021-04-12,SALE036357,Replaced
CLM005336,2021-01-25,SALE036362,Warranty Void
CLM005337,2022-12-04,SALE036371,Completed
CLM005338,2025-09-12,SALE036376,Replaced
CLM005339,2025-04-10,SALE036382,Paid Repaired
CLM005340,2021-02-14,SALE036388,Completed
CLM005341,2024-01-30,SALE036389,Warranty Void
CLM005342,2025-02-17,SALE036396,Pending
CLM005343,2020-11-14,SALE036397,Warranty Void
CLM005344,2025-12-04,SALE036409,Completed
CLM005345,2021-11-11,SALE036412,Completed
CLM005346,2025-05-31,SALE036414,Completed
CLM005347,2024-12-25,SALE036420,Replaced
CLM005348,2020-12-30,SALE036423,Pending
CLM005349,2022-03-01,SALE036438,Warranty Void
CLM005350,2022-08-02,SALE036449,Pending
CLM005351,2020-10-16,SALE036452,Paid Repaired
CLM005352,2024-07-22,SALE036455,Warranty Void
CLM005353,2023-06-29,SALE036457,Completed
CLM005354,2022-08-27,SALE036487,Warranty Void
CLM005355,2021-12-24,SALE036491,Warranty Void
CLM005356,2023-10-28,SALE036518,Paid Repaired
CLM005357,2020-11-07,SALE036540,Completed
CLM005358,2025-09-18,SALE036545,Rejected
CLM005359,2022-03-31,SALE036553,Warranty Void
CLM005360,2025-12-31,SALE036556,Paid Repaired
CLM005361,2023-03-28,SALE036558,Completed
CLM005362,2023-08-08,SALE036559,Completed
CLM005363,2022-01-05,SALE036561,Completed
CLM005364,2023-04-16,SALE036563,Completed
CLM005365,2022-10-11,SALE036566,Completed
CLM005366,2023-06-24,SALE036573,Completed
CLM005367,2023-07-27,SALE036574,Completed
CLM005368,2022-12-26,SALE036580,Rejected
CLM005369,2024-10-19,SALE036582,Completed
CLM005370,2022-02-06,SALE036584,Completed
CLM005371,2023-02-14,SALE036592,Completed
CLM005372,2024-06-17,SALE036598,Completed
CLM005373,2023-09-20,SALE036601,Pending
CLM005374,2025-12-31,SALE036602,Completed
CLM005375,2022-12-27,SALE036604,Completed
CLM005376,2022-01-14,SALE036606,Warranty Void
CLM005377,2022-07-29,SALE036607,Replaced
CLM005378,2023-01-21,SALE036620,Replaced
CLM005379,2022-03-05,SALE036621,Replaced
CLM005380,2023-11-25,SALE036625,Paid Repaired
CLM005381,2025-12-31,SALE036626,Completed
CLM005382,2021-12-05,SALE036635,Completed
CLM005383,2020-12-19,SALE036648,Completed
CLM005384,2022-03-05,SALE036649,Pending
CLM005385,2022-03-11,SALE036653,Replaced
CLM005386,2020-12-04,SALE036657,Replaced
CLM005387,2021-06-01,SALE036658,Replaced
CLM005388,2022-08-26,SALE036669,Completed
CLM005389,2022-02-10,SALE036675,Warranty Void
CLM005390,2025-12-31,SALE036680,Completed
CLM005391,2024-10-20,SALE036681,Pending
CLM005392,2024-07-25,SALE036687,Paid Repaired
CLM005393,2023-11-19,SALE036691,Paid Repaired
CLM005394,2024-09-27,SALE036693,Paid Repaired
CLM005395,2020-06-06,SALE036699,Completed
CLM005396,2022-02-10,SALE036711,Paid Repaired
CLM005397,2021-11-23,SALE036715,Completed
CLM005398,2024-03-23,SALE036721,Warranty Void
CLM005399,2024-03-09,SALE036724,Completed
CLM005400,2021-10-29,SALE036725,Completed
CLM005401,2023-07-29,SALE036734,Pending
CLM005402,2020-09-06,SALE036754,Completed
CLM005403,2023-11-16,SALE036759,Pending
CLM005404,2025-05-30,SALE036769,Completed
CLM005405,2023-08-02,SALE036773,Replaced
CLM005406,2021-03-25,SALE036796,Pending
CLM005407,2025-12-04,SALE036801,Paid Repaired
CLM005408,2025-06-10,SALE036804,Completed
CLM005409,2022-05-25,SALE036807,Paid Repaired
CLM005410,2022-05-25,SALE036844,Rejected
CLM005411,2021-08-20,SALE036847,Completed
CLM005412,2023-06-15,SALE036855,Replaced
CLM005413,2025-02-18,SALE036862,Pending
CLM005414,2025-04-13,SALE036865,Paid Repaired
CLM005415,2022-07-18,SALE036889,Completed
CLM005416,2023-06-21,SALE036898,Replaced
CLM005417,2021-07-07,SALE036907,Pending
CLM005418,2022-11-10,SALE036909,Replaced
CLM005419,2020-10-13,SALE036912,Paid Repaired
CLM005420,2022-01-08,SALE036915,Paid Repaired
CLM005421,2022-09-15,SALE036918,Pending
CLM005422,2023-02-09,SALE036921,Completed
CLM005423,2021-06-12,SALE036931,Pending
CLM005424,2024-09-29,SALE036941,Pending
CLM005425,2022-12-10,SALE036942,Completed
CLM005426,2021-10-19,SALE036944,Completed
CLM005427,2023-02-02,SALE036947,Rejected
CLM005428,2022-05-06,SALE036955,Rejected
CLM005429,2021-05-26,SALE036956,Replaced
CLM005430,2023-01-19,SALE036963,Rejected
CLM005431,2024-02-23,SALE036978,Completed
CLM005432,2024-09-28,SALE036981,Completed
CLM005433,2025-09-03,SALE036989,Completed
CLM005434,2022-03-08,SALE036991,Completed
CLM005435,2023-05-11,SALE037000,Pending
CLM005436,2021-11-24,SALE037001,Completed
CLM005437,2023-11-28,SALE037002,Replaced
CLM005438,2022-02-24,SALE037003,Completed
CLM005439,2022-09-15,SALE037004,Replaced
CLM005440,2025-12-31,SALE037008,Completed
CLM005441,2021-10-21,SALE037020,Completed
CLM005442,2021-12-10,SALE037026,Completed
CLM005443,2021-05-22,SALE037027,Completed
CLM005444,2024-09-09,SALE037029,Completed
CLM005445,2023-07-04,SALE037030,Paid Repaired
CLM005446,2025-07-12,SALE037035,Completed
CLM005447,2023-03-07,SALE037039,Completed
CLM005448,2025-10-04,SALE037043,Completed
CLM005449,2024-10-22,SALE037050,Replaced
CLM005450,2025-11-05,SALE037055,Pending
CLM005451,2022-03-13,SALE037058,Replaced
CLM005452,2020-12-07,SALE037065,Paid Repaired
CLM005453,2020-09-07,SALE037068,Completed
CLM005454,2022-09-07,SALE037070,Rejected
CLM005455,2023-10-31,SALE037073,Paid Repaired
CLM005456,2023-03-11,SALE037076,Replaced
CLM005457,2022-02-14,SALE037080,Replaced
CLM005458,2024-05-26,SALE037085,Completed
CLM005459,2023-04-08,SALE037100,Paid Repaired
CLM005460,2022-09-16,SALE037115,Pending
CLM005461,2023-01-21,SALE037121,Replaced
CLM005462,2025-12-31,SALE037124,Replaced
CLM005463,2024-12-05,SALE037132,Replaced
CLM005464,2020-11-23,SALE037160,Pending
CLM005465,2021-10-15,SALE037173,Paid Repaired
CLM005466,2023-04-29,SALE037184,Replaced
CLM005467,2023-08-08,SALE037192,Warranty Void
CLM005468,2022-12-04,SALE037199,Completed
CLM005469,2025-06-12,SALE037200,Replaced
CLM005470,2025-11-07,SALE037210,Warranty Void
CLM005471,2021-05-25,SALE037216,Completed
CLM005472,2023-08-01,SALE037221,Completed
CLM005473,2025-09-16,SALE037227,Rejected
CLM005474,2021-02-19,SALE037229,Pending
CLM005475,2024-12-11,SALE037231,Completed
CLM005476,2023-11-14,SALE037232,Pending
CLM005477,2025-05-01,SALE037235,Completed
CLM005478,2022-03-07,SALE037236,Paid Repaired
CLM005479,2023-08-15,SALE037248,Replaced
CLM005480,2025-01-20,SALE037281,Pending
CLM005481,2021-01-05,SALE037287,Replaced
CLM005482,2021-07-26,SALE037294,Completed
CLM005483,2024-10-24,SALE037309,Pending
CLM005484,2021-10-04,SALE037311,Rejected
CLM005485,2023-05-29,SALE037315,Replaced
CLM005486,2023-09-01,SALE037333,Completed
CLM005487,2020-06-13,SALE037348,Completed
CLM005488,2025-10-29,SALE037355,Completed
CLM005489,2020-08-20,SALE037359,Completed
CLM005490,2021-03-02,SALE037368,Completed
CLM005491,2024-01-01,SALE037391,Completed
CLM005492,2023-01-17,SALE037401,Replaced
CLM005493,2024-09-21,SALE037407,Pending
CLM005494,2025-01-16,SALE037421,Completed
CLM005495,2025-12-31,SALE037427,Replaced
CLM005496,2022-12-19,SALE037435,Paid Repaired
CLM005497,2025-12-31,SALE037439,Warranty Void
CLM005498,2025-09-29,SALE037442,Completed
CLM005499,2022-06-17,SALE037445,Replaced
CLM005500,2025-07-21,SALE037449,Completed
CLM005501,2024-01-28,SALE037458,Replaced
CLM005502,2025-09-13,SALE037459,Paid Repaired
CLM005503,2025-03-05,SALE037467,Replaced
CLM005504,2023-07-04,SALE037477,Completed
CLM005505,2023-04-01,SALE037482,Completed
CLM005506,2024-11-22,SALE037491,Warranty Void
CLM005507,2024-06-12,SALE037492,Warranty Void
CLM005508,2021-12-22,SALE037496,Completed
CLM005509,2022-04-18,SALE037512,Replaced
CLM005510,2021-07-28,SALE037519,Completed
CLM005511,2025-12-31,SALE037530,Completed
CLM005512,2022-11-05,SALE037536,Replaced
CLM005513,2021-06-13,SALE037541,Replaced
CLM005514,2023-01-21,SALE037548,Completed
CLM005515,2023-01-30,SALE037550,Pending
CLM005516,2023-02-27,SALE037551,Pending
CLM005517,2024-09-21,SALE037556,Warranty Void
CLM005518,2022-01-02,SALE037567,Pending
CLM005519,2023-02-22,SALE037568,Replaced
CLM005520,2025-12-31,SALE037570,Warranty Void
CLM005521,2025-10-26,SALE037577,Completed
CLM005522,2021-06-02,SALE037579,Completed
CLM005523,2021-05-08,SALE037580,Completed
CLM005524,2025-01-01,SALE037581,Pending
CLM005525,2024-09-13,SALE037584,Completed
CLM005526,2023-09-26,SALE037590,Paid Repaired
CLM005527,2024-03-15,SALE037602,Completed
CLM005528,2024-08-02,SALE037618,Completed
CLM005529,2022-05-23,SALE037630,Completed
CLM005530,2024-12-05,SALE037631,Replaced
CLM005531,2023-06-27,SALE037632,Rejected
CLM005532,2020-04-04,SALE037634,Replaced
CLM005533,2025-02-03,SALE037636,Completed
CLM005534,2023-08-01,SALE037648,Completed
CLM005535,2021-08-10,SALE037662,Pending
CLM005536,2023-05-26,SALE037665,Completed
CLM005537,2021-10-04,SALE037667,Paid Repaired
CLM005538,2025-04-08,SALE037668,Completed
CLM005539,2023-03-27,SALE037669,Pending
CLM005540,2023-03-07,SALE037671,Completed
CLM005541,2024-03-08,SALE037677,Completed
CLM005542,2022-01-27,SALE037689,Replaced
CLM005543,2023-06-23,SALE037696,Replaced
CLM005544,2023-05-19,SALE037697,Completed
CLM005545,2025-03-02,SALE037704,Replaced
CLM005546,2025-10-03,SALE037708,Completed
CLM005547,2023-07-15,SALE037722,Completed
CLM005548,2023-04-04,SALE037725,Completed
CLM005549,2021-07-27,SALE037729,Paid Repaired
CLM005550,2024-04-20,SALE037730,Pending
CLM005551,2023-10-13,SALE037733,Paid Repaired
CLM005552,2025-01-03,SALE037747,Completed
CLM005553,2022-03-28,SALE037759,Completed
CLM005554,2025-12-31,SALE037762,Completed
CLM005555,2025-03-10,SALE037764,Completed
CLM005556,2022-05-13,SALE037765,Paid Repaired
CLM005557,2025-12-09,SALE037769,Paid Repaired
CLM005558,2023-04-11,SALE037793,Replaced
CLM005559,2022-03-15,SALE037794,Paid Repaired
CLM005560,2021-10-28,SALE037801,Rejected
CLM005561,2025-12-31,SALE037807,Paid Repaired
CLM005562,2024-06-09,SALE037814,Replaced
CLM005563,2025-02-16,SALE037820,Completed
CLM005564,2022-12-08,SALE037823,Completed
CLM005565,2021-02-22,SALE037826,Completed
CLM005566,2022-08-20,SALE037866,Rejected
CLM005567,2025-09-29,SALE037869,Replaced
CLM005568,2021-04-27,SALE037890,Completed
CLM005569,2025-11-19,SALE037891,Replaced
CLM005570,2025-03-05,SALE037899,Paid Repaired
CLM005571,2023-06-17,SALE037900,Pending
CLM005572,2023-06-15,SALE037901,Paid Repaired
CLM005573,2022-07-26,SALE037914,Completed
CLM005574,2025-08-13,SALE037915,Completed
CLM005575,2022-08-17,SALE037918,Paid Repaired
CLM005576,2024-10-24,SALE037924,Warranty Void
CLM005577,2024-04-24,SALE037927,Completed
CLM005578,2024-06-03,SALE037931,Warranty Void
CLM005579,2020-10-13,SALE037936,Warranty Void
CLM005580,2025-01-13,SALE037940,Completed
CLM005581,2022-09-03,SALE037946,Replaced
CLM005582,2022-03-07,SALE037957,Completed
CLM005583,2022-12-25,SALE037965,Completed
CLM005584,2023-09-19,SALE037966,Rejected
CLM005585,2021-04-14,SALE037977,Completed
CLM005586,2022-09-30,SALE037986,Pending
CLM005587,2023-06-21,SALE037987,Paid Repaired
CLM005588,2025-09-23,SALE037990,Completed
CLM005589,2025-05-26,SALE037993,Completed
CLM005590,2024-05-25,SALE037998,Paid Repaired
CLM005591,2022-10-16,SALE037999,Paid Repaired
CLM005592,2025-05-22,SALE038003,Paid Repaired
CLM005593,2021-10-13,SALE038010,Paid Repaired
CLM005594,2021-07-08,SALE038012,Paid Repaired
CLM005595,2023-09-14,SALE038015,Completed
CLM005596,2021-12-11,SALE038016,Completed
CLM005597,2025-01-23,SALE038022,Completed
CLM005598,2024-02-02,SALE038031,Rejected
CLM005599,2025-05-02,SALE038032,Completed
CLM005600,2023-09-18,SALE038041,Paid Repaired
CLM005601,2023-12-08,SALE038059,Completed
CLM005602,2021-05-27,SALE038060,Rejected
CLM005603,2021-11-06,SALE038073,Paid Repaired
CLM005604,2024-02-10,SALE038081,Paid Repaired
CLM005605,2022-05-25,SALE038085,Pending
CLM005606,2022-10-02,SALE038087,Completed
CLM005607,2024-07-15,SALE038091,Paid Repaired
CLM005608,2024-11-10,SALE038094,Replaced
CLM005609,2022-11-22,SALE038095,Rejected
CLM005610,2025-08-28,SALE038104,Warranty Void
CLM005611,2020-11-26,SALE038106,Completed
CLM005612,2024-07-22,SALE038107,Rejected
CLM005613,2023-03-21,SALE038111,Replaced
CLM005614,2025-12-31,SALE038118,Rejected
CLM005615,2020-10-16,SALE038122,Completed
CLM005616,2024-05-17,SALE038136,Completed
CLM005617,2024-10-15,SALE038151,Paid Repaired
CLM005618,2023-07-24,SALE038158,Completed
CLM005619,2025-12-15,SALE038159,Warranty Void
CLM005620,2022-03-19,SALE038165,Completed
CLM005621,2025-12-31,SALE038167,Replaced
CLM005622,2024-09-20,SALE038169,Completed
CLM005623,2024-05-23,SALE038198,Completed
CLM005624,2024-09-13,SALE038215,Completed
CLM005625,2024-09-08,SALE038218,Completed
CLM005626,2024-02-11,SALE038222,Completed
CLM005627,2023-01-29,SALE038229,Completed
CLM005628,2025-04-05,SALE038230,Warranty Void
CLM005629,2024-06-20,SALE038243,Rejected
CLM005630,2021-10-04,SALE038244,Warranty Void
CLM005631,2021-03-13,SALE038249,Completed
CLM005632,2022-03-07,SALE038258,Rejected
CLM005633,2021-07-21,SALE038261,Replaced
CLM005634,2025-05-08,SALE038266,Paid Repaired
CLM005635,2023-10-20,SALE038267,Completed
CLM005636,2023-01-06,SALE038276,Completed
CLM005637,2021-01-23,SALE038281,Replaced
CLM005638,2025-03-19,SALE038294,Completed
CLM005639,2022-01-25,SALE038295,Warranty Void
CLM005640,2022-04-04,SALE038307,Pending
CLM005641,2021-11-05,SALE038318,Pending
CLM005642,2024-01-21,SALE038330,Replaced
CLM005643,2022-07-31,SALE038335,Completed
CLM005644,2022-12-03,SALE038338,Completed
CLM005645,2024-02-20,SALE038340,Replaced
CLM005646,2021-12-06,SALE038342,Completed
CLM005647,2025-03-16,SALE038346,Paid Repaired
CLM005648,2025-12-31,SALE038349,Replaced
CLM005649,2025-05-03,SALE038351,Completed
CLM005650,2020-11-08,SALE038354,Completed
CLM005651,2022-03-16,SALE038363,Warranty Void
CLM005652,2021-09-08,SALE038372,Replaced
CLM005653,2023-02-09,SALE038374,Pending
CLM005654,2024-12-13,SALE038375,Completed
CLM005655,2022-06-06,SALE038382,Pending
CLM005656,2021-01-09,SALE038397,Replaced
CLM005657,2023-04-17,SALE038402,Paid Repaired
CLM005658,2022-12-08,SALE038407,Paid Repaired
CLM005659,2024-08-25,SALE038427,Paid Repaired
CLM005660,2023-06-28,SALE038438,Rejected
CLM005661,2021-01-06,SALE038441,Replaced
CLM005662,2024-08-03,SALE038454,Rejected
CLM005663,2024-07-06,SALE038460,Pending
CLM005664,2025-12-07,SALE038464,Completed
CLM005665,2022-12-07,SALE038487,Completed
CLM005666,2023-01-01,SALE038490,Paid Repaired
CLM005667,2021-04-07,SALE038492,Pending
CLM005668,2021-07-08,SALE038498,Pending
CLM005669,2024-10-18,SALE038513,Completed
CLM005670,2023-12-15,SALE038523,Warranty Void
CLM005671,2025-04-09,SALE038552,Completed
CLM005672,2025-03-05,SALE038553,Completed
CLM005673,2025-05-17,SALE038555,Completed
CLM005674,2024-01-11,SALE038562,Completed
CLM005675,2024-05-14,SALE038570,Replaced
CLM005676,2021-06-07,SALE038574,Rejected
CLM005677,2025-12-31,SALE038575,Replaced
CLM005678,2021-04-18,SALE038606,Rejected
CLM005679,2024-02-02,SALE038619,Completed
CLM005680,2022-04-08,SALE038621,Completed
CLM005681,2023-09-05,SALE038622,Replaced
CLM005682,2020-11-01,SALE038628,Replaced
CLM005683,2025-02-15,SALE038629,Replaced
CLM005684,2021-06-13,SALE038638,Paid Repaired
CLM005685,2025-12-31,SALE038647,Completed
CLM005686,2024-03-11,SALE038653,Replaced
CLM005687,2022-04-09,SALE038675,Replaced
CLM005688,2024-07-19,SALE038680,Pending
CLM005689,2024-04-20,SALE038688,Replaced
CLM005690,2024-07-04,SALE038698,Completed
CLM005691,2025-09-12,SALE038717,Replaced
CLM005692,2025-08-17,SALE038725,Pending
CLM005693,2025-12-31,SALE038734,Replaced
CLM005694,2024-10-12,SALE038741,Rejected
CLM005695,2025-12-31,SALE038757,Rejected
CLM005696,2025-10-02,SALE038761,Pending
CLM005697,2022-08-21,SALE038764,Completed
CLM005698,2021-05-09,SALE038772,Completed
CLM005699,2021-11-17,SALE038773,Replaced
CLM005700,2020-10-28,SALE038780,Warranty Void
CLM005701,2021-09-29,SALE038784,Pending
CLM005702,2021-08-18,SALE038789,Completed
CLM005703,2021-02-21,SALE038795,Completed
CLM005704,2024-02-10,SALE038796,Completed
CLM005705,2024-01-19,SALE038801,Completed
CLM005706,2021-02-19,SALE038815,Completed
CLM005707,2022-07-06,SALE038816,Replaced
CLM005708,2025-08-09,SALE038824,Paid Repaired
CLM005709,2020-09-10,SALE038825,Warranty Void
CLM005710,2020-12-04,SALE038832,Completed
CLM005711,2025-12-31,SALE038837,Completed
CLM005712,2024-09-29,SALE038841,Warranty Void
CLM005713,2023-10-21,SALE038845,Replaced
CLM005714,2024-06-01,SALE038850,Completed
CLM005715,2024-03-18,SALE038852,Completed
CLM005716,2024-12-04,SALE038856,Paid Repaired
CLM005717,2023-07-17,SALE038860,Completed
CLM005718,2022-11-15,SALE038865,Paid Repaired
CLM005719,2025-06-10,SALE038869,Replaced
CLM005720,2025-01-22,SALE038873,Completed
CLM005721,2025-10-29,SALE038881,Completed
CLM005722,2021-09-10,SALE038885,Replaced
CLM005723,2023-11-28,SALE038890,Warranty Void
CLM005724,2025-06-08,SALE038908,Warranty Void
CLM005725,2022-07-01,SALE038917,Replaced
CLM005726,2025-07-13,SALE038919,Completed
CLM005727,2024-05-09,SALE038921,Pending
CLM005728,2022-03-26,SALE038924,Replaced
CLM005729,2024-01-14,SALE038927,Replaced
CLM005730,2021-01-20,SALE038931,Replaced
CLM005731,2021-09-07,SALE038934,Completed
CLM005732,2024-06-08,SALE038935,Warranty Void
CLM005733,2025-10-08,SALE038962,Completed
CLM005734,2022-10-12,SALE038965,Paid Repaired
CLM005735,2025-12-31,SALE038979,Paid Repaired
CLM005736,2025-11-14,SALE038980,Warranty Void
CLM005737,2021-09-27,SALE038984,Pending
CLM005738,2021-08-25,SALE038991,Completed
CLM005739,2020-12-23,SALE038995,Paid Repaired
CLM005740,2021-05-05,SALE038998,Completed
CLM005741,2022-04-27,SALE039009,Pending
CLM005742,2022-02-19,SALE039017,Completed
CLM005743,2024-11-10,SALE039029,Warranty Void
CLM005744,2021-12-09,SALE039030,Replaced
CLM005745,2021-10-26,SALE039036,Completed
CLM005746,2024-11-17,SALE039038,Completed
CLM005747,2022-05-04,SALE039039,Replaced
CLM005748,2022-07-14,SALE039052,Completed
CLM005749,2023-05-03,SALE039056,Completed
CLM005750,2022-11-08,SALE039059,Warranty Void
CLM005751,2024-07-30,SALE039067,Completed
CLM005752,2023-08-27,SALE039071,Completed
CLM005753,2023-11-10,SALE039075,Paid Repaired
CLM005754,2021-07-09,SALE039079,Pending
CLM005755,2023-10-06,SALE039093,Completed
CLM005756,2024-07-21,SALE039107,Warranty Void
CLM005757,2022-02-19,SALE039108,Completed
CLM005758,2022-05-02,SALE039118,Pending
CLM005759,2021-02-25,SALE039123,Replaced
CLM005760,2022-01-08,SALE039130,Completed
CLM005761,2021-09-01,SALE039133,Completed
CLM005762,2023-06-08,SALE039155,Pending
CLM005763,2022-01-19,SALE039156,Warranty Void
CLM005764,2023-12-24,SALE039162,Rejected
CLM005765,2022-01-02,SALE039164,Completed
CLM005766,2021-11-25,SALE039165,Replaced
CLM005767,2025-02-12,SALE039167,Paid Repaired
CLM005768,2024-08-28,SALE039176,Completed
CLM005769,2025-05-04,SALE039181,Completed
CLM005770,2021-11-18,SALE039188,Completed
CLM005771,2023-03-31,SALE039203,Rejected
CLM005772,2023-12-20,SALE039207,Completed
CLM005773,2024-04-25,SALE039208,Completed
CLM005774,2022-06-22,SALE039213,Replaced
CLM005775,2024-06-11,SALE039226,Completed
CLM005776,2025-07-07,SALE039234,Rejected
CLM005777,2025-03-04,SALE039241,Replaced
CLM005778,2023-05-25,SALE039249,Completed
CLM005779,2024-02-17,SALE039253,Completed
CLM005780,2021-12-10,SALE039265,Replaced
CLM005781,2023-08-07,SALE039269,Rejected
CLM005782,2024-11-15,SALE039271,Completed
CLM005783,2020-12-11,SALE039272,Replaced
CLM005784,2025-08-11,SALE039281,Pending
CLM005785,2021-05-26,SALE039284,Rejected
CLM005786,2023-05-30,SALE039285,Completed
CLM005787,2021-02-08,SALE039294,Replaced
CLM005788,2024-01-04,SALE039305,Warranty Void
CLM005789,2021-08-13,SALE039306,Replaced
CLM005790,2021-12-16,SALE039316,Replaced
CLM005791,2022-12-31,SALE039320,Pending
CLM005792,2023-02-14,SALE039326,Replaced
CLM005793,2024-10-03,SALE039327,Paid Repaired
CLM005794,2023-11-15,SALE039341,Completed
CLM005795,2025-12-31,SALE039350,Completed
CLM005796,2024-02-11,SALE039354,Completed
CLM005797,2025-09-08,SALE039359,Replaced
CLM005798,2020-11-26,SALE039366,Rejected
CLM005799,2025-12-21,SALE039373,Completed
CLM005800,2024-11-23,SALE039378,Warranty Void
CLM005801,2025-12-21,SALE039388,Warranty Void
CLM005802,2023-10-28,SALE039393,Completed
CLM005803,2024-10-16,SALE039397,Completed
CLM005804,2024-09-19,SALE039401,Completed
CLM005805,2023-06-10,SALE039407,Replaced
CLM005806,2022-08-13,SALE039421,Warranty Void
CLM005807,2025-12-31,SALE039425,Rejected
CLM005808,2024-09-29,SALE039427,Replaced
CLM005809,2025-12-31,SALE039431,Completed
CLM005810,2021-03-25,SALE039432,Warranty Void
CLM005811,2023-10-31,SALE039437,Pending
CLM005812,2025-10-01,SALE039447,Rejected
CLM005813,2024-02-26,SALE039468,Replaced
CLM005814,2024-06-19,SALE039478,Rejected
CLM005815,2025-03-10,SALE039481,Completed
CLM005816,2025-07-05,SALE039494,Paid Repaired
CLM005817,2024-06-30,SALE039497,Replaced
CLM005818,2023-11-14,SALE039502,Completed
CLM005819,2024-12-28,SALE039503,Warranty Void
CLM005820,2020-05-14,SALE039510,Completed
CLM005821,2023-12-19,SALE039515,Paid Repaired
CLM005822,2025-04-14,SALE039526,Completed
CLM005823,2022-09-10,SALE039531,Pending
CLM005824,2025-12-31,SALE039534,Completed
CLM005825,2022-09-22,SALE039546,Rejected
CLM005826,2023-08-23,SALE039547,Completed
CLM005827,2024-07-15,SALE039563,Replaced
CLM005828,2023-03-26,SALE039564,Completed
CLM005829,2022-02-10,SALE039572,Paid Repaired
CLM005830,2021-10-10,SALE039593,Completed
CLM005831,2025-11-25,SALE039610,Completed
CLM005832,2021-12-04,SALE039611,Replaced
CLM005833,2022-11-03,SALE039619,Paid Repaired
CLM005834,2025-07-30,SALE039642,Replaced
CLM005835,2024-10-16,SALE039646,Completed
CLM005836,2025-06-14,SALE039655,Rejected
CLM005837,2023-11-04,SALE039662,Rejected
CLM005838,2025-04-05,SALE039675,Paid Repaired
CLM005839,2023-04-14,SALE039684,Completed
CLM005840,2022-06-01,SALE039689,Replaced
CLM005841,2023-02-06,SALE039694,Completed
CLM005842,2023-03-08,SALE039710,Completed
CLM005843,2025-01-14,SALE039712,Replaced
CLM005844,2021-11-17,SALE039725,Replaced
CLM005845,2022-05-05,SALE039740,Replaced
CLM005846,2025-10-05,SALE039742,Completed
CLM005847,2023-01-19,SALE039749,Paid Repaired
CLM005848,2023-04-29,SALE039752,Paid Repaired
CLM005849,2023-10-08,SALE039758,Completed
CLM005850,2024-08-04,SALE039760,Completed
CLM005851,2023-04-11,SALE039762,Completed
CLM005852,2025-01-31,SALE039774,Pending
CLM005853,2021-02-24,SALE039783,Rejected
CLM005854,2024-04-16,SALE039786,Completed
CLM005855,2023-03-02,SALE039792,Warranty Void
CLM005856,2025-01-31,SALE039802,Completed
CLM005857,2024-09-22,SALE039820,Completed
CLM005858,2023-07-21,SALE039825,Paid Repaired
CLM005859,2024-12-07,SALE039837,Paid Repaired
CLM005860,2024-10-17,SALE039851,Completed
CLM005861,2021-05-22,SALE039879,Completed
CLM005862,2020-09-25,SALE039883,Completed
CLM005863,2022-02-19,SALE039888,Completed
CLM005864,2025-12-13,SALE039906,Completed
CLM005865,2024-01-19,SALE039923,Paid Repaired
CLM005866,2025-12-31,SALE039927,Completed
CLM005867,2025-01-22,SALE039938,Completed
CLM005868,2024-12-22,SALE039940,Rejected
CLM005869,2023-07-29,SALE039944,Completed
CLM005870,2023-07-07,SALE039955,Pending
CLM005871,2024-02-13,SALE039985,Completed
CLM005872,2024-10-27,SALE039986,Rejected
CLM005873,2021-03-30,SALE039996,Completed
CLM005874,2022-05-09,SALE039999,Completed
CLM005875,2022-09-10,SALE040006,Paid Repaired
CLM005876,2023-04-08,SALE040009,Paid Repaired
CLM005877,2025-12-31,SALE040016,Paid Repaired
CLM005878,2021-12-03,SALE040020,Completed
CLM005879,2022-03-14,SALE040025,Replaced
CLM005880,2022-11-02,SALE040040,Replaced
CLM005881,2022-12-10,SALE040046,Pending
CLM005882,2023-07-13,SALE040049,Completed
CLM005883,2024-02-06,SALE040053,Paid Repaired
CLM005884,2023-11-10,SALE040057,Replaced
CLM005885,2023-03-05,SALE040063,Replaced
CLM005886,2020-11-20,SALE040074,Pending
CLM005887,2021-08-10,SALE040079,Completed
CLM005888,2022-02-22,SALE040082,Replaced
CLM005889,2021-01-20,SALE040097,Replaced
CLM005890,2022-10-16,SALE040102,Completed
CLM005891,2021-12-19,SALE040103,Pending
CLM005892,2022-05-10,SALE040108,Warranty Void
CLM005893,2023-04-29,SALE040110,Replaced
CLM005894,2024-02-16,SALE040112,Warranty Void
CLM005895,2023-10-02,SALE040113,Completed
CLM005896,2025-12-31,SALE040115,Rejected
CLM005897,2023-12-26,SALE040120,Replaced
CLM005898,2024-07-23,SALE040121,Completed
CLM005899,2025-11-03,SALE040124,Completed
CLM005900,2025-12-22,SALE040130,Completed
CLM005901,2023-07-25,SALE040138,Completed
CLM005902,2021-05-09,SALE040145,Paid Repaired
CLM005903,2022-08-15,SALE040154,Completed
CLM005904,2021-04-05,SALE040165,Pending
CLM005905,2022-05-24,SALE040169,Pending
CLM005906,2021-10-18,SALE040178,Replaced
CLM005907,2024-03-19,SALE040183,Rejected
CLM005908,2023-08-06,SALE040187,Completed
CLM005909,2024-09-28,SALE040189,Completed
CLM005910,2023-05-06,SALE040191,Warranty Void
CLM005911,2022-04-07,SALE040200,Rejected
CLM005912,2020-08-08,SALE040210,Completed
CLM005913,2024-02-23,SALE040219,Completed
CLM005914,2025-12-31,SALE040227,Completed
CLM005915,2021-12-11,SALE040228,Completed
CLM005916,2022-04-13,SALE040230,Completed
CLM005917,2021-10-26,SALE040235,Paid Repaired
CLM005918,2020-07-27,SALE040241,Completed
CLM005919,2023-03-25,SALE040244,Paid Repaired
CLM005920,2021-02-21,SALE040245,Paid Repaired
CLM005921,2024-05-22,SALE040253,Completed
CLM005922,2024-04-03,SALE040256,Completed
CLM005923,2025-06-17,SALE040261,Completed
CLM005924,2024-02-16,SALE040262,Completed
CLM005925,2025-04-18,SALE040264,Paid Repaired
CLM005926,2025-12-31,SALE040265,Completed
CLM005927,2021-11-06,SALE040270,Completed
CLM005928,2022-03-01,SALE040281,Completed
CLM005929,2022-07-17,SALE040292,Completed
CLM005930,2021-01-18,SALE040318,Pending
CLM005931,2025-03-29,SALE040319,Completed
CLM005932,2023-12-13,SALE040321,Completed
CLM005933,2025-03-06,SALE040323,Completed
CLM005934,2025-01-19,SALE040334,Pending
CLM005935,2023-09-07,SALE040335,Completed
CLM005936,2025-09-07,SALE040336,Rejected
CLM005937,2023-05-20,SALE040337,Replaced
CLM005938,2025-11-14,SALE040344,Pending
CLM005939,2021-09-08,SALE040349,Paid Repaired
CLM005940,2022-05-07,SALE040351,Completed
CLM005941,2025-11-18,SALE040352,Pending
CLM005942,2021-06-28,SALE040356,Completed
CLM005943,2022-03-07,SALE040358,Warranty Void
CLM005944,2022-12-05,SALE040363,Replaced
CLM005945,2024-05-29,SALE040365,Completed
CLM005946,2024-06-23,SALE040368,Completed
CLM005947,2021-08-12,SALE040380,Completed
CLM005948,2020-07-07,SALE040383,Replaced
CLM005949,2024-10-29,SALE040393,Completed
CLM005950,2021-10-18,SALE040394,Completed
CLM005951,2024-04-04,SALE040399,Pending
CLM005952,2024-03-17,SALE040415,Pending
CLM005953,2023-10-20,SALE040423,Completed
CLM005954,2020-05-26,SALE040424,Completed
CLM005955,2023-12-12,SALE040431,Completed
CLM005956,2025-12-31,SALE040435,Warranty Void
CLM005957,2024-11-28,SALE040442,Replaced
CLM005958,2023-04-05,SALE040443,Paid Repaired
CLM005959,2021-08-01,SALE040450,Completed
CLM005960,2021-03-12,SALE040457,Replaced
CLM005961,2020-12-10,SALE040467,Replaced
CLM005962,2021-02-13,SALE040484,Replaced
CLM005963,2025-12-25,SALE040501,Paid Repaired
CLM005964,2021-12-02,SALE040503,Paid Repaired
CLM005965,2025-12-31,SALE040504,Pending
CLM005966,2021-08-03,SALE040509,Warranty Void
CLM005967,2025-12-31,SALE040511,Pending
CLM005968,2020-11-05,SALE040514,Completed
CLM005969,2025-08-22,SALE040519,Warranty Void
CLM005970,2024-07-09,SALE040521,Replaced
CLM005971,2024-03-21,SALE040525,Completed
CLM005972,2025-03-25,SALE040528,Completed
CLM005973,2024-02-05,SALE040529,Completed
CLM005974,2025-12-31,SALE040558,Completed
CLM005975,2023-05-04,SALE040573,Pending
CLM005976,2024-06-13,SALE040582,Completed
CLM005977,2022-03-18,SALE040586,Pending
CLM005978,2025-12-31,SALE040587,Replaced
CLM005979,2025-12-31,SALE040592,Paid Repaired
CLM005980,2024-01-13,SALE040594,Replaced
CLM005981,2024-10-20,SALE040598,Completed
CLM005982,2025-12-31,SALE040603,Warranty Void
CLM005983,2024-11-25,SALE040608,Completed
CLM005984,2022-11-10,SALE040620,Pending
CLM005985,2023-06-11,SALE040627,Completed
CLM005986,2024-12-23,SALE040637,Paid Repaired
CLM005987,2025-12-31,SALE040649,Paid Repaired
CLM005988,2022-11-23,SALE040656,Paid Repaired
CLM005989,2021-07-17,SALE040662,Pending
CLM005990,2021-11-22,SALE040663,Completed
CLM005991,2022-04-12,SALE040691,Warranty Void
CLM005992,2023-01-30,SALE040701,Completed
CLM005993,2024-03-07,SALE040705,Completed
CLM005994,2023-06-22,SALE040710,Completed
CLM005995,2024-09-29,SALE040729,Paid Repaired
CLM005996,2020-12-29,SALE040736,Paid Repaired
CLM005997,2021-07-12,SALE040747,Completed
CLM005998,2021-12-25,SALE040756,Replaced
CLM005999,2025-02-07,SALE040757,Paid Repaired
CLM006000,2025-02-11,SALE040767,Pending
CLM006001,2022-04-22,SALE040772,Paid Repaired
CLM006002,2023-04-09,SALE040779,Completed
CLM006003,2025-03-11,SALE040781,Replaced
CLM006004,2025-12-31,SALE040782,Completed
CLM006005,2021-08-11,SALE040783,Pending
CLM006006,2025-03-09,SALE040792,Paid Repaired
CLM006007,2022-01-18,SALE040794,Paid Repaired
CLM006008,2025-09-21,SALE040795,Pending
CLM006009,2024-09-14,SALE040802,Rejected
CLM006010,2022-09-15,SALE040806,Replaced
CLM006011,2025-08-25,SALE040807,Completed
CLM006012,2022-12-11,SALE040809,Replaced
CLM006013,2021-10-14,SALE040831,Paid Repaired
CLM006014,2024-06-19,SALE040851,Pending
CLM006015,2022-06-30,SALE040854,Completed
CLM006016,2023-08-30,SALE040856,Completed
CLM006017,2021-12-26,SALE040859,Paid Repaired
CLM006018,2024-01-30,SALE040863,Completed
CLM006019,2021-12-10,SALE040867,Rejected
CLM006020,2025-01-11,SALE040870,Completed
CLM006021,2022-02-14,SALE040882,Replaced
CLM006022,2025-12-31,SALE040885,Pending
CLM006023,2021-03-17,SALE040897,Completed
CLM006024,2021-07-22,SALE040917,Completed
CLM006025,2024-01-26,SALE040920,Completed
CLM006026,2023-04-27,SALE040925,Pending
CLM006027,2023-09-18,SALE040927,Completed
CLM006028,2025-12-13,SALE040930,Completed
CLM006029,2023-11-18,SALE040931,Completed
CLM006030,2025-09-18,SALE040932,Completed
CLM006031,2021-06-11,SALE040933,Completed
CLM006032,2023-11-05,SALE040934,Paid Repaired
CLM006033,2023-12-07,SALE040946,Completed
CLM006034,2024-03-03,SALE040947,Replaced
CLM006035,2025-10-31,SALE040958,Completed
CLM006036,2021-10-18,SALE040973,Pending
CLM006037,2025-04-08,SALE040979,Pending
CLM006038,2022-06-24,SALE040982,Completed
CLM006039,2024-05-23,SALE040983,Pending
CLM006040,2022-08-06,SALE040987,Completed
CLM006041,2021-11-29,SALE040989,Replaced
CLM006042,2022-06-17,SALE040993,Replaced
CLM006043,2021-07-19,SALE041006,Paid Repaired
CLM006044,2023-11-25,SALE041008,Replaced
CLM006045,2021-11-15,SALE041016,Replaced
CLM006046,2025-06-25,SALE041019,Paid Repaired
CLM006047,2023-11-17,SALE041023,Replaced
CLM006048,2025-09-04,SALE041026,Completed
CLM006049,2022-07-18,SALE041027,Completed
CLM006050,2022-07-28,SALE041043,Completed
CLM006051,2025-01-12,SALE041048,Completed
CLM006052,2025-07-23,SALE041058,Replaced
CLM006053,2023-02-13,SALE041063,Rejected
CLM006054,2022-04-08,SALE041071,Paid Repaired
CLM006055,2025-12-31,SALE041074,Paid Repaired
CLM006056,2023-03-11,SALE041075,Paid Repaired
CLM006057,2020-11-13,SALE041081,Pending
CLM006058,2021-04-25,SALE041090,Pending
CLM006059,2025-12-31,SALE041092,Warranty Void
CLM006060,2022-05-13,SALE041103,Warranty Void
CLM006061,2025-11-28,SALE041113,Pending
CLM006062,2025-01-24,SALE041114,Completed
CLM006063,2022-10-06,SALE041118,Completed
CLM006064,2023-04-13,SALE041120,Pending
CLM006065,2021-09-25,SALE041121,Completed
CLM006066,2021-11-11,SALE041127,Pending
CLM006067,2025-05-04,SALE041130,Completed
CLM006068,2022-01-10,SALE041136,Paid Repaired
CLM006069,2025-12-31,SALE041137,Warranty Void
CLM006070,2023-06-14,SALE041139,Completed
CLM006071,2022-08-17,SALE041159,Completed
CLM006072,2025-12-31,SALE041162,Replaced
CLM006073,2022-01-25,SALE041170,Paid Repaired
CLM006074,2025-12-02,SALE041194,Completed
CLM006075,2022-09-06,SALE041203,Completed
CLM006076,2020-06-13,SALE041205,Completed
CLM006077,2024-07-02,SALE041209,Completed
CLM006078,2024-04-18,SALE041210,Pending
CLM006079,2021-01-16,SALE041228,Paid Repaired
CLM006080,2024-05-29,SALE041229,Completed
CLM006081,2023-04-14,SALE041232,Completed
CLM006082,2023-03-09,SALE041233,Completed
CLM006083,2020-11-28,SALE041236,Completed
CLM006084,2020-09-18,SALE041240,Completed
CLM006085,2024-10-01,SALE041242,Completed
CLM006086,2023-10-14,SALE041243,Completed
CLM006087,2023-12-16,SALE041247,Replaced
CLM006088,2025-03-07,SALE041248,Completed
CLM006089,2023-09-28,SALE041264,Completed
CLM006090,2022-09-08,SALE041267,Pending
CLM006091,2022-04-30,SALE041269,Completed
CLM006092,2025-01-14,SALE041273,Completed
CLM006093,2023-06-11,SALE041284,Replaced
CLM006094,2022-02-04,SALE041292,Completed
CLM006095,2020-08-30,SALE041323,Replaced
CLM006096,2020-09-01,SALE041324,Paid Repaired
CLM006097,2025-11-06,SALE041325,Completed
CLM006098,2023-06-10,SALE041331,Paid Repaired
CLM006099,2021-09-07,SALE041341,Pending
CLM006100,2024-11-14,SALE041346,Replaced
CLM006101,2023-12-31,SALE041347,Completed
CLM006102,2025-01-04,SALE041350,Completed
CLM006103,2025-11-28,SALE041357,Paid Repaired
CLM006104,2022-11-05,SALE041367,Pending
CLM006105,2020-11-29,SALE041375,Rejected
CLM006106,2025-12-31,SALE041376,Replaced
CLM006107,2022-03-06,SALE041383,Pending
CLM006108,2021-06-24,SALE041386,Paid Repaired
CLM006109,2022-07-23,SALE041396,Replaced
CLM006110,2023-05-13,SALE041397,Replaced
CLM006111,2022-03-09,SALE041402,Replaced
CLM006112,2023-02-08,SALE041419,Completed
CLM006113,2022-01-04,SALE041422,Rejected
CLM006114,2024-04-06,SALE041426,Completed
CLM006115,2021-08-22,SALE041436,Replaced
CLM006116,2021-12-02,SALE041438,Paid Repaired
CLM006117,2024-02-07,SALE041442,Paid Repaired
CLM006118,2023-07-22,SALE041446,Completed
CLM006119,2022-07-23,SALE041457,Completed
CLM006120,2022-02-19,SALE041458,Completed
CLM006121,2024-06-25,SALE041465,Rejected
CLM006122,2025-06-11,SALE041471,Replaced
CLM006123,2021-09-02,SALE041491,Completed
CLM006124,2025-12-31,SALE041496,Pending
CLM006125,2024-08-03,SALE041518,Paid Repaired
CLM006126,2025-12-31,SALE041527,Paid Repaired
CLM006127,2025-12-31,SALE041534,Warranty Void
CLM006128,2020-11-27,SALE041539,Paid Repaired
CLM006129,2025-12-31,SALE041546,Replaced
CLM006130,2024-12-29,SALE041563,Paid Repaired
CLM006131,2023-01-23,SALE041569,Warranty Void
CLM006132,2024-04-25,SALE041572,Rejected
CLM006133,2023-03-01,SALE041587,Completed
CLM006134,2025-01-27,SALE041588,Replaced
CLM006135,2022-02-16,SALE041589,Completed
CLM006136,2021-09-07,SALE041592,Completed
CLM006137,2022-06-25,SALE041593,Completed
CLM006138,2021-09-13,SALE041612,Pending
CLM006139,2021-11-13,SALE041616,Rejected
CLM006140,2023-06-15,SALE041622,Completed
CLM006141,2021-10-24,SALE041631,Rejected
CLM006142,2024-07-06,SALE041652,Paid Repaired
CLM006143,2021-12-27,SALE041664,Replaced
CLM006144,2022-09-11,SALE041665,Completed
CLM006145,2022-05-17,SALE041666,Completed
CLM006146,2020-06-23,SALE041673,Warranty Void
CLM006147,2025-08-15,SALE041675,Warranty Void
CLM006148,2021-01-05,SALE041677,Replaced
CLM006149,2022-07-23,SALE041681,Completed
CLM006150,2023-07-29,SALE041688,Paid Repaired
CLM006151,2021-09-30,SALE041703,Completed
CLM006152,2021-04-05,SALE041708,Paid Repaired
CLM006153,2024-07-01,SALE041709,Paid Repaired
CLM006154,2022-11-23,SALE041720,Paid Repaired
CLM006155,2024-12-29,SALE041728,Replaced
CLM006156,2023-01-28,SALE041732,Completed
CLM006157,2024-08-05,SALE041741,Rejected
CLM006158,2024-01-22,SALE041743,Replaced
CLM006159,2023-02-28,SALE041765,Completed
CLM006160,2024-04-30,SALE041782,Completed
CLM006161,2022-04-02,SALE041791,Paid Repaired
CLM006162,2023-12-19,SALE041798,Warranty Void
CLM006163,2021-05-08,SALE041801,Replaced
CLM006164,2024-10-05,SALE041807,Completed
CLM006165,2024-08-20,SALE041817,Warranty Void
CLM006166,2025-12-31,SALE041822,Pending
CLM006167,2023-01-15,SALE041842,Completed
CLM006168,2021-10-08,SALE041844,Paid Repaired
CLM006169,2025-04-13,SALE041845,Replaced
CLM006170,2021-12-30,SALE041853,Replaced
CLM006171,2023-07-23,SALE041854,Completed
CLM006172,2021-09-13,SALE041867,Pending
CLM006173,2024-03-17,SALE041874,Paid Repaired
CLM006174,2024-04-12,SALE041875,Paid Repaired
CLM006175,2025-08-26,SALE041876,Completed
CLM006176,2025-12-31,SALE041877,Rejected
CLM006177,2024-03-02,SALE041879,Paid Repaired
CLM006178,2022-04-22,SALE041880,Pending
CLM006179,2022-02-13,SALE041884,Replaced
CLM006180,2023-11-09,SALE041905,Warranty Void
CLM006181,2025-12-31,SALE041910,Completed
CLM006182,2024-04-15,SALE041915,Paid Repaired
CLM006183,2025-06-22,SALE041920,Rejected
CLM006184,2023-04-04,SALE041922,Completed
CLM006185,2025-12-31,SALE041935,Completed
CLM006186,2024-12-08,SALE041938,Completed
CLM006187,2023-06-08,SALE041942,Paid Repaired
CLM006188,2023-12-24,SALE041943,Paid Repaired
CLM006189,2024-12-13,SALE041957,Replaced
CLM006190,2024-12-28,SALE041965,Replaced
CLM006191,2025-05-01,SALE041974,Completed
CLM006192,2025-04-22,SALE041976,Replaced
CLM006193,2025-05-17,SALE041985,Completed
CLM006194,2025-06-20,SALE041997,Completed
CLM006195,2025-02-20,SALE041999,Completed
CLM006196,2024-11-26,SALE042010,Paid Repaired
CLM006197,2022-09-14,SALE042016,Paid Repaired
CLM006198,2024-09-12,SALE042025,Warranty Void
CLM006199,2025-02-15,SALE042027,Completed
CLM006200,2022-11-28,SALE042037,Pending
CLM006201,2022-11-06,SALE042042,Paid Repaired
CLM006202,2021-06-18,SALE042044,Completed
CLM006203,2022-04-09,SALE042050,Paid Repaired
CLM006204,2023-06-30,SALE042055,Completed
CLM006205,2021-05-19,SALE042057,Completed
CLM006206,2021-06-09,SALE042063,Replaced
CLM006207,2024-01-03,SALE042067,Completed
CLM006208,2023-03-04,SALE042071,Completed
CLM006209,2025-12-31,SALE042072,Replaced
CLM006210,2023-05-06,SALE042077,Warranty Void
CLM006211,2025-09-02,SALE042081,Completed
CLM006212,2023-03-30,SALE042090,Completed
CLM006213,2024-08-28,SALE042093,Paid Repaired
CLM006214,2025-12-29,SALE042096,Pending
CLM006215,2021-02-11,SALE042103,Completed
CLM006216,2025-03-14,SALE042105,Completed
CLM006217,2024-08-28,SALE042106,Completed
CLM006218,2024-07-02,SALE042113,Replaced
CLM006219,2021-06-06,SALE042116,Replaced
CLM006220,2020-11-23,SALE042118,Completed
CLM006221,2023-09-17,SALE042119,Paid Repaired
CLM006222,2025-12-31,SALE042122,Rejected
CLM006223,2023-01-06,SALE042125,Completed
CLM006224,2023-05-22,SALE042126,Completed
CLM006225,2023-09-01,SALE042132,Completed
CLM006226,2022-11-22,SALE042133,Completed
CLM006227,2024-10-20,SALE042135,Completed
CLM006228,2022-07-28,SALE042136,Completed
CLM006229,2024-04-15,SALE042141,Paid Repaired
CLM006230,2025-02-15,SALE042143,Completed
CLM006231,2023-12-26,SALE042157,Completed
CLM006232,2021-03-12,SALE042160,Completed
CLM006233,2025-05-07,SALE042188,Completed
CLM006234,2025-03-28,SALE042194,Completed
CLM006235,2025-10-25,SALE042198,Pending
CLM006236,2023-09-26,SALE042208,Completed
CLM006237,2024-01-10,SALE042220,Paid Repaired
CLM006238,2025-12-31,SALE042231,Completed
CLM006239,2024-04-30,SALE042243,Completed
CLM006240,2021-09-09,SALE042249,Replaced
CLM006241,2022-07-27,SALE042252,Pending
CLM006242,2025-10-28,SALE042253,Completed
CLM006243,2025-01-19,SALE042256,Completed
CLM006244,2022-11-14,SALE042259,Completed
CLM006245,2025-12-16,SALE042264,Pending
CLM006246,2022-12-21,SALE042285,Paid Repaired
CLM006247,2025-10-23,SALE042291,Pending
CLM006248,2024-03-25,SALE042302,Warranty Void
CLM006249,2021-07-09,SALE042305,Warranty Void
CLM006250,2021-02-14,SALE042307,Completed
CLM006251,2025-12-31,SALE042317,Paid Repaired
CLM006252,2022-06-27,SALE042318,Paid Repaired
CLM006253,2022-09-18,SALE042330,Replaced
CLM006254,2023-05-15,SALE042342,Completed
CLM006255,2023-06-01,SALE042355,Completed
CLM006256,2025-10-31,SALE042360,Completed
CLM006257,2025-12-31,SALE042361,Completed
CLM006258,2025-02-14,SALE042367,Warranty Void
CLM006259,2021-07-12,SALE042376,Completed
CLM006260,2023-10-30,SALE042385,Replaced
CLM006261,2022-03-09,SALE042390,Rejected
CLM006262,2023-01-21,SALE042399,Completed
CLM006263,2025-12-31,SALE042400,Replaced
CLM006264,2025-05-04,SALE042401,Replaced
CLM006265,2023-06-13,SALE042416,Replaced
CLM006266,2023-05-26,SALE042419,Replaced
CLM006267,2023-07-04,SALE042422,Paid Repaired
CLM006268,2021-11-30,SALE042431,Completed
CLM006269,2024-04-30,SALE042433,Warranty Void
CLM006270,2025-12-31,SALE042434,Warranty Void
CLM006271,2025-09-29,SALE042436,Replaced
CLM006272,2025-12-31,SALE042449,Completed
CLM006273,2021-01-08,SALE042459,Paid Repaired
CLM006274,2023-01-03,SALE042460,Replaced
CLM006275,2025-03-27,SALE042461,Paid Repaired
CLM006276,2022-04-10,SALE042468,Completed
CLM006277,2024-07-15,SALE042474,Completed
CLM006278,2023-07-09,SALE042482,Completed
CLM006279,2023-05-13,SALE042493,Pending
CLM006280,2020-09-21,SALE042504,Paid Repaired
CLM006281,2021-12-12,SALE042514,Completed
CLM006282,2020-06-01,SALE042515,Paid Repaired
CLM006283,2025-08-11,SALE042529,Paid Repaired
CLM006284,2022-08-16,SALE042530,Completed
CLM006285,2022-12-17,SALE042538,Replaced
CLM006286,2022-07-15,SALE042543,Replaced
CLM006287,2022-06-20,SALE042555,Pending
CLM006288,2024-06-11,SALE042562,Replaced
CLM006289,2022-08-17,SALE042565,Completed
CLM006290,2024-08-31,SALE042566,Replaced
CLM006291,2025-11-11,SALE042579,Pending
CLM006292,2020-07-19,SALE042584,Completed
CLM006293,2021-04-11,SALE042589,Completed
CLM006294,2021-12-29,SALE042591,Replaced
CLM006295,2025-07-08,SALE042596,Completed
CLM006296,2025-11-19,SALE042610,Replaced
CLM006297,2025-04-25,SALE042616,Pending
CLM006298,2025-09-16,SALE042618,Paid Repaired
CLM006299,2024-03-30,SALE042624,Completed
CLM006300,2022-01-21,SALE042628,Replaced
CLM006301,2023-08-26,SALE042629,Completed
CLM006302,2024-04-19,SALE042630,Completed
CLM006303,2021-06-10,SALE042633,Replaced
CLM006304,2024-01-01,SALE042641,Pending
CLM006305,2023-11-03,SALE042643,Paid Repaired
CLM006306,2024-10-28,SALE042651,Completed
CLM006307,2022-08-17,SALE042654,Paid Repaired
CLM006308,2023-12-29,SALE042656,Paid Repaired
CLM006309,2025-12-31,SALE042667,Pending
CLM006310,2023-12-08,SALE042675,Replaced
CLM006311,2023-06-06,SALE042688,Replaced
CLM006312,2024-11-20,SALE042693,Replaced
CLM006313,2023-03-01,SALE042708,Completed
CLM006314,2024-05-13,SALE042709,Replaced
CLM006315,2024-10-30,SALE042723,Completed
CLM006316,2024-04-13,SALE042726,Completed
CLM006317,2024-06-23,SALE042733,Completed
CLM006318,2025-12-31,SALE042737,Completed
CLM006319,2023-08-05,SALE042738,Paid Repaired
CLM006320,2025-12-31,SALE042745,Completed
CLM006321,2021-07-31,SALE042760,Pending
CLM006322,2023-02-17,SALE042765,Pending
CLM006323,2024-01-25,SALE042768,Completed
CLM006324,2025-07-23,SALE042781,Pending
CLM006325,2024-10-01,SALE042786,Completed
CLM006326,2024-02-02,SALE042787,Completed
CLM006327,2025-05-08,SALE042793,Replaced
CLM006328,2025-12-31,SALE042794,Pending
CLM006329,2022-12-27,SALE042800,Replaced
CLM006330,2022-07-12,SALE042814,Rejected
CLM006331,2021-05-27,SALE042822,Completed
CLM006332,2022-07-24,SALE042823,Rejected
CLM006333,2025-06-29,SALE042828,Completed
CLM006334,2023-02-05,SALE042831,Replaced
CLM006335,2024-01-26,SALE042842,Paid Repaired
CLM006336,2022-06-06,SALE042849,Pending
CLM006337,2020-11-01,SALE042852,Completed
CLM006338,2022-01-14,SALE042853,Completed
CLM006339,2025-12-14,SALE042854,Paid Repaired
CLM006340,2022-03-18,SALE042855,Completed
CLM006341,2023-04-10,SALE042866,Replaced
CLM006342,2024-06-19,SALE042876,Completed
CLM006343,2025-12-31,SALE042890,Replaced
CLM006344,2021-10-31,SALE042893,Completed
CLM006345,2024-02-13,SALE042894,Warranty Void
CLM006346,2021-08-10,SALE042895,Completed
CLM006347,2025-06-29,SALE042896,Rejected
CLM006348,2022-08-18,SALE042903,Warranty Void
CLM006349,2021-08-05,SALE042904,Pending
CLM006350,2020-07-05,SALE042906,Completed
CLM006351,2023-09-12,SALE042913,Pending
CLM006352,2025-08-13,SALE042921,Completed
CLM006353,2023-12-03,SALE042922,Replaced
CLM006354,2025-12-27,SALE042928,Completed
CLM006355,2021-11-23,SALE042935,Completed
CLM006356,2023-12-28,SALE042941,Warranty Void
CLM006357,2023-12-27,SALE042946,Rejected
CLM006358,2025-12-31,SALE042949,Completed
CLM006359,2022-10-01,SALE042970,Replaced
CLM006360,2020-02-27,SALE042973,Pending
CLM006361,2022-05-20,SALE042978,Completed
CLM006362,2022-05-07,SALE042981,Completed
CLM006363,2020-12-27,SALE042982,Paid Repaired
CLM006364,2020-11-17,SALE042983,Warranty Void
CLM006365,2024-05-18,SALE042990,Replaced
CLM006366,2023-12-17,SALE042998,Rejected
CLM006367,2024-02-22,SALE043009,Replaced
CLM006368,2021-02-19,SALE043013,Replaced
CLM006369,2025-02-10,SALE043015,Paid Repaired
CLM006370,2023-08-26,SALE043023,Completed
CLM006371,2020-05-09,SALE043028,Completed
CLM006372,2023-09-19,SALE043039,Completed
CLM006373,2023-01-24,SALE043045,Completed
CLM006374,2021-05-16,SALE043060,Paid Repaired
CLM006375,2023-02-23,SALE043062,Replaced
CLM006376,2022-01-25,SALE043065,Completed
CLM006377,2023-11-18,SALE043066,Completed
CLM006378,2022-09-08,SALE043068,Completed
CLM006379,2022-03-27,SALE043081,Completed
CLM006380,2025-12-31,SALE043082,Completed
CLM006381,2025-12-31,SALE043083,Completed
CLM006382,2025-12-31,SALE043085,Completed
CLM006383,2021-01-26,SALE043086,Pending
CLM006384,2025-02-18,SALE043094,Completed
CLM006385,2021-10-22,SALE043105,Paid Repaired
CLM006386,2023-08-09,SALE043108,Paid Repaired
CLM006387,2022-12-19,SALE043112,Paid Repaired
CLM006388,2023-09-09,SALE043114,Completed
CLM006389,2023-02-18,SALE043116,Completed
CLM006390,2023-05-05,SALE043122,Replaced
CLM006391,2025-12-31,SALE043125,Completed
CLM006392,2025-12-31,SALE043131,Completed
CLM006393,2025-12-31,SALE043143,Replaced
CLM006394,2022-01-21,SALE043155,Rejected
CLM006395,2025-01-23,SALE043169,Warranty Void
CLM006396,2024-05-27,SALE043174,Pending
CLM006397,2024-09-05,SALE043177,Completed
CLM006398,2022-06-01,SALE043183,Warranty Void
CLM006399,2023-09-12,SALE043185,Paid Repaired
CLM006400,2022-04-07,SALE043186,Replaced
CLM006401,2024-03-04,SALE043192,Replaced
CLM006402,2022-02-09,SALE043193,Replaced
CLM006403,2022-05-27,SALE043206,Replaced
CLM006404,2025-12-31,SALE043211,Paid Repaired
CLM006405,2025-12-31,SALE043216,Replaced
CLM006406,2024-05-10,SALE043224,Completed
CLM006407,2024-02-18,SALE043225,Replaced
CLM006408,2022-09-30,SALE043226,Rejected
CLM006409,2022-06-21,SALE043232,Replaced
CLM006410,2024-06-20,SALE043246,Completed
CLM006411,2024-03-12,SALE043247,Completed
CLM006412,2022-06-08,SALE043249,Rejected
CLM006413,2025-12-31,SALE043252,Paid Repaired
CLM006414,2025-10-23,SALE043259,Completed
CLM006415,2023-10-05,SALE043275,Replaced
CLM006416,2025-12-20,SALE043286,Paid Repaired
CLM006417,2022-06-29,SALE043288,Pending
CLM006418,2023-01-19,SALE043292,Pending
CLM006419,2021-11-30,SALE043293,Completed
CLM006420,2024-01-13,SALE043297,Completed
CLM006421,2024-10-22,SALE043299,Completed
CLM006422,2024-06-18,SALE043305,Completed
CLM006423,2022-02-17,SALE043308,Completed
CLM006424,2020-10-07,SALE043310,Completed
CLM006425,2024-06-19,SALE043323,Completed
CLM006426,2020-09-07,SALE043325,Replaced
CLM006427,2025-12-18,SALE043337,Completed
CLM006428,2022-10-15,SALE043349,Completed
CLM006429,2024-09-21,SALE043351,Completed
CLM006430,2022-03-24,SALE043360,Completed
CLM006431,2025-08-11,SALE043375,Pending
CLM006432,2022-02-17,SALE043379,Pending
CLM006433,2024-02-16,SALE043380,Warranty Void
CLM006434,2022-10-17,SALE043388,Completed
CLM006435,2024-10-15,SALE043404,Rejected
CLM006436,2022-05-18,SALE043411,Completed
CLM006437,2024-12-30,SALE043414,Replaced
CLM006438,2024-01-08,SALE043415,Completed
CLM006439,2022-12-16,SALE043417,Completed
CLM006440,2025-09-30,SALE043421,Pending
CLM006441,2025-06-02,SALE043427,Completed
CLM006442,2020-04-15,SALE043435,Completed
CLM006443,2024-12-19,SALE043438,Paid Repaired
CLM006444,2021-12-31,SALE043442,Paid Repaired
CLM006445,2023-09-05,SALE043444,Pending
CLM006446,2021-09-14,SALE043448,Paid Repaired
CLM006447,2024-04-03,SALE043459,Completed
CLM006448,2025-08-14,SALE043460,Pending
CLM006449,2025-12-31,SALE043462,Completed
CLM006450,2022-05-10,SALE043463,Replaced
CLM006451,2022-06-20,SALE043467,Pending
CLM006452,2021-08-15,SALE043472,Completed
CLM006453,2021-06-29,SALE043477,Completed
CLM006454,2024-07-13,SALE043480,Completed
CLM006455,2025-12-31,SALE043486,Rejected
CLM006456,2023-08-30,SALE043492,Completed
CLM006457,2022-10-21,SALE043495,Completed
CLM006458,2023-03-08,SALE043496,Rejected
CLM006459,2025-01-14,SALE043504,Completed
CLM006460,2023-09-10,SALE043506,Completed
CLM006461,2022-09-30,SALE043508,Warranty Void
CLM006462,2021-03-01,SALE043519,Completed
CLM006463,2021-06-16,SALE043525,Paid Repaired
CLM006464,2022-10-19,SALE043535,Warranty Void
CLM006465,2023-01-25,SALE043537,Completed
CLM006466,2021-06-08,SALE043538,Replaced
CLM006467,2025-10-19,SALE043546,Warranty Void
CLM006468,2022-07-07,SALE043552,Completed
CLM006469,2023-08-21,SALE043563,Paid Repaired
CLM006470,2025-03-09,SALE043567,Pending
CLM006471,2023-11-19,SALE043568,Pending
CLM006472,2023-06-25,SALE043570,Warranty Void
CLM006473,2021-09-01,SALE043572,Replaced
CLM006474,2025-02-08,SALE043579,Completed
CLM006475,2025-10-01,SALE043580,Completed
CLM006476,2021-07-07,SALE043588,Replaced
CLM006477,2023-03-29,SALE043590,Paid Repaired
CLM006478,2025-12-31,SALE043613,Completed
CLM006479,2022-07-04,SALE043619,Completed
CLM006480,2021-09-30,SALE043624,Completed
CLM006481,2020-11-23,SALE043628,Replaced
CLM006482,2021-10-25,SALE043633,Warranty Void
CLM006483,2022-03-20,SALE043637,Paid Repaired
CLM006484,2024-05-18,SALE043646,Replaced
CLM006485,2024-09-22,SALE043655,Replaced
CLM006486,2021-05-30,SALE043660,Paid Repaired
CLM006487,2024-01-10,SALE043667,Paid Repaired
CLM006488,2022-02-15,SALE043679,Pending
CLM006489,2021-11-06,SALE043682,Warranty Void
CLM006490,2021-11-23,SALE043684,Completed
CLM006491,2024-07-15,SALE043688,Completed
CLM006492,2025-12-31,SALE043695,Paid Repaired
CLM006493,2024-11-24,SALE043701,Completed
CLM006494,2024-03-25,SALE043703,Warranty Void
CLM006495,2023-08-20,SALE043708,Completed
CLM006496,2020-05-13,SALE043709,Paid Repaired
CLM006497,2021-05-21,SALE043724,Completed
CLM006498,2021-06-22,SALE043748,Completed
CLM006499,2020-12-02,SALE043760,Completed
CLM006500,2024-08-23,SALE043762,Warranty Void
CLM006501,2022-06-30,SALE043766,Completed
CLM006502,2025-05-27,SALE043768,Completed
CLM006503,2023-11-19,SALE043773,Completed
CLM006504,2021-05-13,SALE043786,Paid Repaired
CLM006505,2022-11-20,SALE043792,Warranty Void
CLM006506,2022-12-25,SALE043805,Completed
CLM006507,2024-11-24,SALE043811,Warranty Void
CLM006508,2025-12-31,SALE043812,Paid Repaired
CLM006509,2025-01-15,SALE043821,Completed
CLM006510,2021-11-16,SALE043825,Replaced
CLM006511,2021-10-10,SALE043836,Replaced
CLM006512,2022-06-08,SALE043844,Completed
CLM006513,2023-11-12,SALE043852,Replaced
CLM006514,2025-03-05,SALE043856,Completed
CLM006515,2025-07-01,SALE043857,Pending
CLM006516,2024-02-11,SALE043859,Replaced
CLM006517,2024-12-17,SALE043865,Replaced
CLM006518,2022-02-03,SALE043869,Warranty Void
CLM006519,2022-08-12,SALE043872,Completed
CLM006520,2023-02-28,SALE043876,Replaced
CLM006521,2024-07-21,SALE043877,Completed
CLM006522,2021-02-09,SALE043886,Paid Repaired
CLM006523,2024-08-28,SALE043892,Paid Repaired
CLM006524,2021-04-15,SALE043893,Completed
CLM006525,2022-11-15,SALE043894,Replaced
CLM006526,2023-02-06,SALE043899,Warranty Void
CLM006527,2023-08-07,SALE043904,Replaced
CLM006528,2025-01-22,SALE043910,Warranty Void
CLM006529,2021-10-30,SALE043914,Completed
CLM006530,2025-11-23,SALE043915,Pending
CLM006531,2025-10-26,SALE043928,Pending
CLM006532,2021-02-07,SALE043929,Rejected
CLM006533,2025-08-14,SALE043932,Warranty Void
CLM006534,2023-05-20,SALE043933,Paid Repaired
CLM006535,2025-01-02,SALE043934,Pending
CLM006536,2020-11-03,SALE043946,Pending
CLM006537,2025-06-22,SALE043948,Completed
CLM006538,2024-04-08,SALE043968,Paid Repaired
CLM006539,2023-12-31,SALE043978,Paid Repaired
CLM006540,2024-12-20,SALE043983,Completed
CLM006541,2021-10-05,SALE043986,Paid Repaired
CLM006542,2025-12-31,SALE043987,Warranty Void
CLM006543,2022-01-22,SALE043988,Completed
CLM006544,2021-01-31,SALE043991,Pending
CLM006545,2023-05-07,SALE043995,Warranty Void
CLM006546,2021-06-17,SALE044000,Paid Repaired
CLM006547,2021-07-29,SALE044009,Completed
CLM006548,2024-03-06,SALE044017,Paid Repaired
CLM006549,2025-12-31,SALE044019,Paid Repaired
CLM006550,2022-07-04,SALE044020,Pending
CLM006551,2021-07-04,SALE044021,Pending
CLM006552,2024-11-27,SALE044029,Warranty Void
CLM006553,2024-06-08,SALE044033,Completed
CLM006554,2025-08-09,SALE044034,Warranty Void
CLM006555,2025-11-17,SALE044035,Completed
CLM006556,2023-06-15,SALE044049,Completed
CLM006557,2023-04-10,SALE044052,Rejected
CLM006558,2021-06-23,SALE044055,Replaced
CLM006559,2025-12-05,SALE044060,Warranty Void
CLM006560,2023-01-26,SALE044061,Replaced
CLM006561,2023-05-18,SALE044066,Rejected
CLM006562,2021-01-28,SALE044070,Pending
CLM006563,2024-01-21,SALE044072,Completed
CLM006564,2022-11-24,SALE044081,Paid Repaired
CLM006565,2022-02-26,SALE044083,Completed
CLM006566,2025-06-01,SALE044085,Rejected
CLM006567,2023-12-11,SALE044090,Completed
CLM006568,2023-04-20,SALE044092,Completed
CLM006569,2025-01-06,SALE044100,Pending
CLM006570,2023-04-05,SALE044112,Paid Repaired
CLM006571,2024-04-10,SALE044115,Warranty Void
CLM006572,2023-11-13,SALE044116,Completed
CLM006573,2021-06-20,SALE044119,Completed
CLM006574,2021-04-14,SALE044124,Replaced
CLM006575,2025-10-15,SALE044136,Completed
CLM006576,2025-12-18,SALE044141,Completed
CLM006577,2025-01-01,SALE044143,Replaced
CLM006578,2023-10-08,SALE044148,Completed
CLM006579,2024-06-13,SALE044153,Completed
CLM006580,2025-10-19,SALE044154,Pending
CLM006581,2022-11-23,SALE044165,Completed
CLM006582,2022-08-26,SALE044177,Completed
CLM006583,2022-11-27,SALE044182,Warranty Void
CLM006584,2020-12-06,SALE044197,Completed
CLM006585,2025-12-31,SALE044202,Replaced
CLM006586,2025-12-31,SALE044210,Completed
CLM006587,2021-11-25,SALE044218,Pending
CLM006588,2023-10-17,SALE044228,Replaced
CLM006589,2025-11-05,SALE044243,Completed
CLM006590,2024-11-04,SALE044247,Paid Repaired
CLM006591,2021-06-05,SALE044248,Completed
CLM006592,2024-02-19,SALE044250,Replaced
CLM006593,2025-04-13,SALE044258,Pending
CLM006594,2021-04-17,SALE044267,Paid Repaired
CLM006595,2023-01-21,SALE044271,Completed
CLM006596,2021-08-05,SALE044274,Completed
CLM006597,2024-01-18,SALE044278,Replaced
CLM006598,2024-07-26,SALE044279,Warranty Void
CLM006599,2025-02-09,SALE044284,Paid Repaired
CLM006600,2021-11-06,SALE044291,Completed
CLM006601,2020-05-01,SALE044309,Rejected
CLM006602,2025-05-19,SALE044344,Completed
CLM006603,2025-10-12,SALE044345,Completed
CLM006604,2021-05-14,SALE044349,Warranty Void
CLM006605,2024-02-06,SALE044364,Replaced
CLM006606,2025-05-17,SALE044366,Completed
CLM006607,2025-06-06,SALE044369,Paid Repaired
CLM006608,2025-05-19,SALE044370,Pending
CLM006609,2024-02-01,SALE044371,Paid Repaired
CLM006610,2021-10-27,SALE044373,Paid Repaired
CLM006611,2021-10-08,SALE044392,Replaced
CLM006612,2023-10-11,SALE044395,Completed
CLM006613,2023-07-10,SALE044398,Paid Repaired
CLM006614,2023-04-23,SALE044403,Completed
CLM006615,2022-07-08,SALE044406,Completed
CLM006616,2025-08-05,SALE044417,Completed
CLM006617,2022-11-28,SALE044418,Paid Repaired
CLM006618,2021-06-04,SALE044425,Replaced
CLM006619,2025-12-31,SALE044428,Paid Repaired
CLM006620,2022-07-02,SALE044431,Replaced
CLM006621,2020-06-03,SALE044438,Completed
CLM006622,2022-11-13,SALE044441,Completed
CLM006623,2024-07-11,SALE044442,Replaced
CLM006624,2025-03-24,SALE044446,Replaced
CLM006625,2024-09-28,SALE044459,Completed
CLM006626,2024-12-21,SALE044469,Replaced
CLM006627,2025-12-31,SALE044471,Completed
CLM006628,2021-11-20,SALE044478,Completed
CLM006629,2025-06-07,SALE044480,Completed
CLM006630,2022-05-17,SALE044483,Paid Repaired
CLM006631,2020-05-11,SALE044491,Rejected
CLM006632,2023-11-20,SALE044513,Paid Repaired
CLM006633,2025-08-15,SALE044521,Completed
CLM006634,2025-01-01,SALE044528,Paid Repaired
CLM006635,2024-04-09,SALE044535,Completed
CLM006636,2024-05-10,SALE044536,Completed
CLM006637,2023-01-16,SALE044540,Completed
CLM006638,2024-12-29,SALE044547,Completed
CLM006639,2020-11-26,SALE044550,Replaced
CLM006640,2022-08-07,SALE044559,Replaced
CLM006641,2025-10-19,SALE044563,Completed
CLM006642,2022-01-27,SALE044566,Completed
CLM006643,2024-08-27,SALE044573,Paid Repaired
CLM006644,2024-04-23,SALE044576,Completed
CLM006645,2022-11-17,SALE044579,Completed
CLM006646,2025-07-24,SALE044588,Completed
CLM006647,2023-09-11,SALE044598,Rejected
CLM006648,2021-02-07,SALE044599,Completed
CLM006649,2022-05-08,SALE044602,Paid Repaired
CLM006650,2025-02-09,SALE044607,Pending
CLM006651,2022-06-24,SALE044609,Completed
CLM006652,2023-10-17,SALE044618,Completed
CLM006653,2025-02-11,SALE044622,Completed
CLM006654,2023-03-30,SALE044629,Completed
CLM006655,2025-12-31,SALE044634,Warranty Void
CLM006656,2024-09-18,SALE044639,Completed
CLM006657,2025-09-05,SALE044645,Completed
CLM006658,2024-07-29,SALE044646,Replaced
CLM006659,2021-02-09,SALE044649,Completed
CLM006660,2025-08-10,SALE044657,Rejected
CLM006661,2022-02-12,SALE044658,Pending
CLM006662,2024-10-02,SALE044664,Replaced
CLM006663,2024-11-11,SALE044671,Replaced
CLM006664,2025-10-31,SALE044680,Completed
CLM006665,2021-09-18,SALE044687,Completed
CLM006666,2021-11-19,SALE044693,Completed
CLM006667,2021-06-25,SALE044694,Completed
CLM006668,2024-07-05,SALE044695,Replaced
CLM006669,2024-08-08,SALE044697,Replaced
CLM006670,2022-10-10,SALE044711,Completed
CLM006671,2021-09-22,SALE044718,Completed
CLM006672,2022-11-20,SALE044721,Replaced
CLM006673,2023-06-21,SALE044722,Paid Repaired
CLM006674,2025-06-12,SALE044724,Warranty Void
CLM006675,2025-05-29,SALE044731,Warranty Void
CLM006676,2025-01-21,SALE044733,Paid Repaired
CLM006677,2024-12-22,SALE044738,Pending
CLM006678,2021-09-12,SALE044739,Replaced
CLM006679,2025-04-17,SALE044740,Rejected
CLM006680,2023-07-15,SALE044745,Warranty Void
CLM006681,2021-01-16,SALE044748,Paid Repaired
CLM006682,2024-04-26,SALE044750,Completed
CLM006683,2024-04-03,SALE044753,Completed
CLM006684,2022-02-06,SALE044769,Completed
CLM006685,2025-08-28,SALE044771,Completed
CLM006686,2022-06-09,SALE044777,Pending
CLM006687,2025-12-31,SALE044790,Pending
CLM006688,2023-02-10,SALE044794,Pending
CLM006689,2022-10-07,SALE044795,Completed
CLM006690,2022-02-24,SALE044809,Completed
CLM006691,2024-01-01,SALE044811,Replaced
CLM006692,2024-09-11,SALE044817,Paid Repaired
CLM006693,2020-07-22,SALE044824,Completed
CLM006694,2021-07-31,SALE044826,Replaced
CLM006695,2023-04-17,SALE044834,Pending
CLM006696,2024-05-07,SALE044837,Completed
CLM006697,2023-10-05,SALE044839,Completed
CLM006698,2024-03-31,SALE044860,Completed
CLM006699,2023-02-02,SALE044861,Paid Repaired
CLM006700,2022-08-23,SALE044862,Paid Repaired
CLM006701,2025-09-25,SALE044871,Replaced
CLM006702,2022-01-19,SALE044873,Replaced
CLM006703,2024-11-24,SALE044881,Warranty Void
CLM006704,2023-01-09,SALE044891,Completed
CLM006705,2025-12-31,SALE044896,Paid Repaired
CLM006706,2020-12-13,SALE044897,Paid Repaired
CLM006707,2024-12-28,SALE044898,Replaced
CLM006708,2025-05-30,SALE044905,Completed
CLM006709,2024-09-20,SALE044909,Rejected
CLM006710,2022-05-18,SALE044912,Warranty Void
CLM006711,2022-11-15,SALE044926,Completed
CLM006712,2024-10-30,SALE044934,Completed
CLM006713,2023-09-04,SALE044935,Completed
CLM006714,2023-11-16,SALE044937,Completed
CLM006715,2022-10-24,SALE044941,Completed
CLM006716,2024-07-09,SALE044950,Completed
CLM006717,2025-03-13,SALE044961,Completed
CLM006718,2024-04-08,SALE044973,Completed
CLM006719,2025-12-31,SALE044979,Completed
CLM006720,2025-12-31,SALE044980,Completed
CLM006721,2024-07-13,SALE044991,Completed
CLM006722,2021-07-28,SALE044996,Replaced
CLM006723,2023-08-30,SALE045008,Completed
CLM006724,2023-04-23,SALE045014,Rejected
CLM006725,2024-12-12,SALE045019,Warranty Void
CLM006726,2021-04-19,SALE045022,Completed
CLM006727,2021-05-04,SALE045025,Replaced
CLM006728,2021-05-19,SALE045029,Replaced
CLM006729,2025-11-19,SALE045031,Paid Repaired
CLM006730,2021-02-04,SALE045046,Pending
CLM006731,2022-04-26,SALE045055,Paid Repaired
CLM006732,2023-05-24,SALE045075,Replaced
CLM006733,2022-08-25,SALE045080,Replaced
CLM006734,2022-02-08,SALE045084,Completed
CLM006735,2024-04-04,SALE045088,Completed
CLM006736,2021-05-30,SALE045089,Completed
CLM006737,2023-03-17,SALE045099,Completed
CLM006738,2020-08-27,SALE045115,Replaced
CLM006739,2023-09-02,SALE045116,Paid Repaired
CLM006740,2020-11-23,SALE045122,Pending
CLM006741,2025-04-12,SALE045124,Completed
CLM006742,2025-04-12,SALE045139,Completed
CLM006743,2021-01-27,SALE045147,Replaced
CLM006744,2022-12-14,SALE045153,Completed
CLM006745,2022-01-09,SALE045155,Rejected
CLM006746,2022-07-16,SALE045167,Replaced
CLM006747,2022-10-18,SALE045180,Completed
CLM006748,2022-08-26,SALE045184,Completed
CLM006749,2021-04-10,SALE045185,Rejected
CLM006750,2023-11-15,SALE045194,Completed
CLM006751,2025-12-31,SALE045195,Completed
CLM006752,2022-03-01,SALE045199,Completed
CLM006753,2024-11-21,SALE045202,Replaced
CLM006754,2025-02-13,SALE045203,Paid Repaired
CLM006755,2024-04-04,SALE045216,Completed
CLM006756,2024-05-05,SALE045232,Paid Repaired
CLM006757,2024-03-06,SALE045239,Rejected
CLM006758,2024-05-23,SALE045246,Completed
CLM006759,2023-10-17,SALE045248,Warranty Void
CLM006760,2021-12-31,SALE045249,Warranty Void
CLM006761,2020-11-03,SALE045251,Replaced
CLM006762,2020-09-15,SALE045260,Completed
CLM006763,2021-03-17,SALE045264,Warranty Void
CLM006764,2021-11-10,SALE045272,Paid Repaired
CLM006765,2024-12-31,SALE045281,Warranty Void
CLM006766,2025-12-31,SALE045282,Paid Repaired
CLM006767,2023-05-07,SALE045283,Replaced
CLM006768,2025-12-31,SALE045299,Completed
CLM006769,2022-04-10,SALE045304,Rejected
CLM006770,2023-06-08,SALE045311,Completed
CLM006771,2022-12-04,SALE045314,Replaced
CLM006772,2025-09-23,SALE045315,Completed
CLM006773,2020-12-10,SALE045330,Completed
CLM006774,2024-08-13,SALE045333,Completed
CLM006775,2025-06-26,SALE045337,Completed
CLM006776,2023-04-20,SALE045338,Pending
CLM006777,2021-10-09,SALE045340,Completed
CLM006778,2022-01-22,SALE045347,Replaced
CLM006779,2021-01-20,SALE045360,Replaced
CLM006780,2025-11-22,SALE045369,Paid Repaired
CLM006781,2024-07-01,SALE045372,Completed
CLM006782,2021-07-18,SALE045380,Completed
CLM006783,2022-10-28,SALE045381,Completed
CLM006784,2023-07-11,SALE045382,Paid Repaired
CLM006785,2024-06-28,SALE045383,Pending
CLM006786,2025-10-29,SALE045392,Completed
CLM006787,2022-03-17,SALE045394,Paid Repaired
CLM006788,2024-02-03,SALE045405,Completed
CLM006789,2025-12-31,SALE045406,Completed
CLM006790,2025-10-09,SALE045415,Completed
CLM006791,2021-03-15,SALE045419,Completed
CLM006792,2023-08-08,SALE045424,Completed
CLM006793,2022-10-31,SALE045428,Pending
CLM006794,2021-02-21,SALE045437,Completed
CLM006795,2025-04-19,SALE045450,Completed
CLM006796,2022-09-11,SALE045452,Paid Repaired
CLM006797,2022-08-26,SALE045456,Warranty Void
CLM006798,2025-11-28,SALE045458,Completed
CLM006799,2024-05-21,SALE045466,Paid Repaired
CLM006800,2024-02-09,SALE045468,Completed
CLM006801,2025-11-23,SALE045473,Completed
CLM006802,2025-12-29,SALE045483,Completed
CLM006803,2023-10-04,SALE045488,Completed
CLM006804,2025-09-17,SALE045494,Pending
CLM006805,2022-04-11,SALE045500,Replaced
CLM006806,2023-01-31,SALE045504,Replaced
CLM006807,2024-10-28,SALE045506,Completed
CLM006808,2024-05-30,SALE045509,Completed
CLM006809,2025-03-04,SALE045512,Completed
CLM006810,2021-11-27,SALE045514,Pending
CLM006811,2024-08-04,SALE045526,Completed
CLM006812,2021-08-04,SALE045529,Paid Repaired
CLM006813,2023-12-04,SALE045567,Completed
CLM006814,2025-08-14,SALE045570,Completed
CLM006815,2025-03-25,SALE045572,Paid Repaired
CLM006816,2025-04-18,SALE045574,Paid Repaired
CLM006817,2023-10-11,SALE045577,Rejected
CLM006818,2020-12-25,SALE045589,Rejected
CLM006819,2023-02-26,SALE045605,Completed
CLM006820,2024-04-10,SALE045623,Pending
CLM006821,2022-08-10,SALE045625,Warranty Void
CLM006822,2025-12-21,SALE045628,Completed
CLM006823,2023-01-21,SALE045630,Paid Repaired
CLM006824,2022-06-02,SALE045631,Rejected
CLM006825,2024-04-26,SALE045637,Completed
CLM006826,2021-12-23,SALE045641,Replaced
CLM006827,2025-03-21,SALE045653,Replaced
CLM006828,2021-10-16,SALE045664,Completed
CLM006829,2024-11-25,SALE045666,Replaced
CLM006830,2021-12-17,SALE045667,Pending
CLM006831,2025-12-02,SALE045670,Completed
CLM006832,2022-12-14,SALE045672,Completed
CLM006833,2022-10-17,SALE045682,Completed
CLM006834,2020-09-30,SALE045685,Paid Repaired
CLM006835,2024-09-23,SALE045689,Replaced
CLM006836,2025-03-28,SALE045691,Completed
CLM006837,2025-12-31,SALE045695,Warranty Void
CLM006838,2021-08-16,SALE045717,Completed
CLM006839,2025-11-14,SALE045746,Completed
CLM006840,2025-04-23,SALE045751,Completed
CLM006841,2022-03-22,SALE045757,Completed
CLM006842,2022-12-22,SALE045768,Completed
CLM006843,2025-07-11,SALE045775,Paid Repaired
CLM006844,2022-08-06,SALE045783,Replaced
CLM006845,2020-06-16,SALE045791,Completed
CLM006846,2021-11-08,SALE045792,Replaced
CLM006847,2022-11-23,SALE045801,Completed
CLM006848,2021-07-11,SALE045805,Completed
CLM006849,2024-06-14,SALE045808,Warranty Void
CLM006850,2023-12-01,SALE045815,Completed
CLM006851,2024-08-23,SALE045819,Paid Repaired
CLM006852,2023-07-01,SALE045829,Completed
CLM006853,2021-11-10,SALE045834,Pending
CLM006854,2023-07-08,SALE045835,Completed
CLM006855,2021-07-24,SALE045838,Pending
CLM006856,2020-09-08,SALE045851,Completed
CLM006857,2021-05-21,SALE045865,Completed
CLM006858,2023-11-24,SALE045893,Replaced
CLM006859,2025-04-16,SALE045904,Replaced
CLM006860,2021-04-30,SALE045910,Replaced
CLM006861,2025-12-31,SALE045911,Completed
CLM006862,2021-12-24,SALE045924,Completed
CLM006863,2022-09-19,SALE045934,Warranty Void
CLM006864,2025-09-16,SALE045936,Pending
CLM006865,2021-07-18,SALE045941,Rejected
CLM006866,2022-01-24,SALE045951,Replaced
CLM006867,2024-10-11,SALE045954,Paid Repaired
CLM006868,2020-07-01,SALE045968,Rejected
CLM006869,2025-07-02,SALE045969,Completed
CLM006870,2025-08-13,SALE045972,Paid Repaired
CLM006871,2024-03-06,SALE045978,Completed
CLM006872,2025-11-11,SALE045979,Completed
CLM006873,2023-10-27,SALE045989,Pending
CLM006874,2021-05-23,SALE045991,Completed
CLM006875,2022-08-15,SALE045995,Completed
CLM006876,2023-10-30,SALE045999,Replaced
CLM006877,2024-09-04,SALE046001,Rejected
CLM006878,2024-03-12,SALE046002,Paid Repaired
CLM006879,2021-09-14,SALE046015,Completed
CLM006880,2023-02-05,SALE046018,Warranty Void
CLM006881,2022-03-03,SALE046022,Paid Repaired
CLM006882,2023-06-23,SALE046026,Completed
CLM006883,2023-02-16,SALE046031,Pending
CLM006884,2025-12-31,SALE046034,Warranty Void
CLM006885,2023-03-17,SALE046045,Completed
CLM006886,2022-09-10,SALE046056,Pending
CLM006887,2024-10-26,SALE046058,Paid Repaired
CLM006888,2021-12-10,SALE046060,Paid Repaired
CLM006889,2021-09-26,SALE046067,Paid Repaired
CLM006890,2021-08-09,SALE046074,Completed
CLM006891,2023-12-14,SALE046076,Completed
CLM006892,2023-11-11,SALE046082,Paid Repaired
CLM006893,2023-05-14,SALE046091,Replaced
CLM006894,2023-05-07,SALE046093,Completed
CLM006895,2022-07-11,SALE046099,Replaced
CLM006896,2023-01-15,SALE046101,Paid Repaired
CLM006897,2024-06-13,SALE046102,Completed
CLM006898,2022-12-18,SALE046125,Replaced
CLM006899,2022-08-25,SALE046130,Completed
CLM006900,2024-05-16,SALE046149,Completed
CLM006901,2025-08-21,SALE046167,Paid Repaired
CLM006902,2022-10-14,SALE046168,Completed
CLM006903,2024-07-13,SALE046172,Completed
CLM006904,2022-05-03,SALE046174,Paid Repaired
CLM006905,2025-09-05,SALE046176,Completed
CLM006906,2025-12-31,SALE046182,Completed
CLM006907,2025-12-31,SALE046189,Replaced
CLM006908,2025-04-17,SALE046191,Rejected
CLM006909,2023-01-31,SALE046204,Replaced
CLM006910,2023-01-01,SALE046207,Rejected
CLM006911,2024-09-03,SALE046210,Completed
CLM006912,2025-01-07,SALE046214,Completed
CLM006913,2025-09-08,SALE046217,Pending
CLM006914,2023-02-27,SALE046218,Completed
CLM006915,2024-11-22,SALE046222,Pending
CLM006916,2022-05-18,SALE046225,Completed
CLM006917,2023-04-09,SALE046233,Completed
CLM006918,2023-05-19,SALE046242,Completed
CLM006919,2022-09-20,SALE046247,Pending
CLM006920,2022-05-25,SALE046254,Completed
CLM006921,2024-08-02,SALE046261,Warranty Void
CLM006922,2025-12-31,SALE046262,Pending
CLM006923,2023-02-27,SALE046272,Replaced
CLM006924,2025-06-06,SALE046277,Pending
CLM006925,2023-02-13,SALE046278,Paid Repaired
CLM006926,2025-12-29,SALE046294,Replaced
CLM006927,2025-03-28,SALE046301,Paid Repaired
CLM006928,2024-07-05,SALE046303,Completed
CLM006929,2025-04-30,SALE046305,Completed
CLM006930,2022-08-13,SALE046314,Replaced
CLM006931,2025-04-15,SALE046315,Completed
CLM006932,2025-12-31,SALE046317,Completed
CLM006933,2023-05-06,SALE046327,Pending
CLM006934,2022-10-13,SALE046331,Replaced
CLM006935,2024-08-06,SALE046334,Completed
CLM006936,2025-10-23,SALE046337,Completed
CLM006937,2022-10-14,SALE046345,Paid Repaired
CLM006938,2020-07-17,SALE046349,Warranty Void
CLM006939,2022-09-04,SALE046351,Paid Repaired
CLM006940,2022-01-29,SALE046352,Completed
CLM006941,2022-02-04,SALE046358,Completed
CLM006942,2025-03-25,SALE046361,Replaced
CLM006943,2022-02-06,SALE046371,Pending
CLM006944,2023-04-27,SALE046382,Replaced
CLM006945,2023-12-06,SALE046386,Completed
CLM006946,2024-10-02,SALE046398,Completed
CLM006947,2024-03-28,SALE046408,Completed
CLM006948,2022-05-31,SALE046413,Pending
CLM006949,2021-11-16,SALE046419,Paid Repaired
CLM006950,2023-07-02,SALE046420,Pending
CLM006951,2025-12-31,SALE046426,Completed
CLM006952,2025-05-19,SALE046445,Rejected
CLM006953,2023-07-07,SALE046449,Paid Repaired
CLM006954,2021-07-07,SALE046455,Replaced
CLM006955,2024-01-01,SALE046459,Pending
CLM006956,2025-06-18,SALE046460,Paid Repaired
CLM006957,2023-12-11,SALE046469,Pending
CLM006958,2023-11-06,SALE046471,Rejected
CLM006959,2023-06-27,SALE046472,Rejected
CLM006960,2021-10-26,SALE046477,Paid Repaired
CLM006961,2025-09-02,SALE046482,Completed
CLM006962,2023-10-07,SALE046484,Completed
CLM006963,2024-09-21,SALE046486,Warranty Void
CLM006964,2025-02-07,SALE046493,Pending
CLM006965,2025-01-12,SALE046497,Paid Repaired
CLM006966,2022-01-18,SALE046503,Completed
CLM006967,2025-06-22,SALE046510,Warranty Void
CLM006968,2023-06-29,SALE046514,Completed
CLM006969,2023-02-15,SALE046517,Completed
CLM006970,2024-06-22,SALE046521,Completed
CLM006971,2025-10-18,SALE046523,Completed
CLM006972,2022-04-12,SALE046524,Paid Repaired
CLM006973,2025-06-17,SALE046529,Paid Repaired
CLM006974,2023-10-31,SALE046532,Completed
CLM006975,2025-12-31,SALE046533,Pending
CLM006976,2021-02-28,SALE046535,Pending
CLM006977,2024-08-16,SALE046536,Paid Repaired
CLM006978,2025-12-31,SALE046544,Replaced
CLM006979,2021-06-01,SALE046546,Paid Repaired
CLM006980,2024-03-22,SALE046551,Pending
CLM006981,2022-07-05,SALE046556,Replaced
CLM006982,2024-11-11,SALE046559,Completed
CLM006983,2022-12-26,SALE046572,Completed
CLM006984,2023-06-25,SALE046577,Completed
CLM006985,2023-01-16,SALE046579,Completed
CLM006986,2021-11-27,SALE046582,Completed
CLM006987,2024-03-16,SALE046585,Pending
CLM006988,2024-01-08,SALE046588,Paid Repaired
CLM006989,2024-01-27,SALE046592,Completed
CLM006990,2022-10-26,SALE046593,Replaced
CLM006991,2025-05-15,SALE046596,Completed
CLM006992,2023-11-14,SALE046603,Replaced
CLM006993,2020-08-12,SALE046604,Warranty Void
CLM006994,2021-09-23,SALE046608,Replaced
CLM006995,2025-11-21,SALE046609,Completed
CLM006996,2025-12-31,SALE046620,Paid Repaired
CLM006997,2021-07-29,SALE046622,Replaced
CLM006998,2025-08-15,SALE046629,Completed
CLM006999,2024-11-07,SALE046631,Completed
CLM007000,2023-06-25,SALE046633,Pending
CLM007001,2023-11-08,SALE046642,Paid Repaired
CLM007002,2025-06-19,SALE046644,Completed
CLM007003,2021-03-11,SALE046646,Completed
CLM007004,2021-08-04,SALE046670,Completed
CLM007005,2023-05-31,SALE046673,Rejected
CLM007006,2022-07-06,SALE046675,Pending
CLM007007,2025-04-13,SALE046682,Completed
CLM007008,2021-08-08,SALE046684,Pending
CLM007009,2023-12-09,SALE046691,Completed
CLM007010,2022-06-04,SALE046708,Completed
CLM007011,2023-02-18,SALE046725,Replaced
CLM007012,2021-11-08,SALE046734,Replaced
CLM007013,2023-08-04,SALE046746,Rejected
CLM007014,2025-07-18,SALE046757,Completed
CLM007015,2023-10-22,SALE046759,Completed
CLM007016,2022-06-03,SALE046765,Completed
CLM007017,2020-10-16,SALE046773,Completed
CLM007018,2025-12-31,SALE046787,Replaced
CLM007019,2021-11-06,SALE046800,Completed
CLM007020,2020-10-14,SALE046808,Replaced
CLM007021,2025-06-27,SALE046811,Completed
CLM007022,2025-12-31,SALE046816,Paid Repaired
CLM007023,2023-08-17,SALE046823,Pending
CLM007024,2021-11-18,SALE046824,Paid Repaired
CLM007025,2021-06-04,SALE046830,Replaced
CLM007026,2023-12-12,SALE046831,Pending
CLM007027,2023-06-12,SALE046840,Completed
CLM007028,2022-08-16,SALE046844,Completed
CLM007029,2023-04-12,SALE046847,Completed
CLM007030,2021-07-10,SALE046849,Warranty Void
CLM007031,2023-06-08,SALE046853,Completed
CLM007032,2021-06-30,SALE046854,Completed
CLM007033,2024-08-08,SALE046855,Completed
CLM007034,2025-07-09,SALE046858,Replaced
CLM007035,2025-11-11,SALE046865,Replaced
CLM007036,2022-01-22,SALE046868,Completed
CLM007037,2024-11-06,SALE046869,Paid Repaired
CLM007038,2021-12-20,SALE046872,Replaced
CLM007039,2021-03-20,SALE046874,Replaced
CLM007040,2025-02-07,SALE046892,Completed
CLM007041,2022-05-06,SALE046895,Replaced
CLM007042,2024-11-29,SALE046906,Replaced
CLM007043,2022-09-19,SALE046914,Completed
CLM007044,2023-07-08,SALE046920,Completed
CLM007045,2025-10-26,SALE046922,Completed
CLM007046,2024-12-24,SALE046924,Replaced
CLM007047,2025-02-03,SALE046934,Replaced
CLM007048,2023-04-18,SALE046940,Pending
CLM007049,2025-05-22,SALE046941,Completed
CLM007050,2023-04-18,SALE046946,Paid Repaired
CLM007051,2023-01-04,SALE046950,Replaced
CLM007052,2025-12-31,SALE046951,Paid Repaired
CLM007053,2020-10-13,SALE046953,Rejected
CLM007054,2025-12-31,SALE046961,Pending
CLM007055,2021-12-19,SALE046963,Replaced
CLM007056,2024-09-16,SALE046964,Warranty Void
CLM007057,2023-06-14,SALE046974,Completed
CLM007058,2025-10-17,SALE046975,Paid Repaired
CLM007059,2023-08-21,SALE046979,Paid Repaired
CLM007060,2021-11-16,SALE046982,Paid Repaired
CLM007061,2025-06-20,SALE046984,Completed
CLM007062,2020-05-03,SALE046985,Completed
CLM007063,2021-10-31,SALE046987,Paid Repaired
CLM007064,2021-10-09,SALE046992,Completed
CLM007065,2023-10-16,SALE047012,Completed
CLM007066,2021-05-18,SALE047019,Replaced
CLM007067,2023-10-22,SALE047034,Completed
CLM007068,2025-09-16,SALE047047,Replaced
CLM007069,2023-03-29,SALE047051,Completed
CLM007070,2022-11-18,SALE047058,Rejected
CLM007071,2020-09-24,SALE047067,Completed
CLM007072,2025-07-18,SALE047069,Pending
CLM007073,2023-04-12,SALE047081,Warranty Void
CLM007074,2023-02-17,SALE047083,Warranty Void
CLM007075,2021-09-06,SALE047098,Paid Repaired
CLM007076,2020-12-29,SALE047107,Paid Repaired
CLM007077,2025-04-12,SALE047112,Completed
CLM007078,2023-11-17,SALE047113,Rejected
CLM007079,2025-05-16,SALE047119,Completed
CLM007080,2024-10-14,SALE047128,Replaced
CLM007081,2022-11-17,SALE047129,Paid Repaired
CLM007082,2022-11-15,SALE047137,Completed
CLM007083,2024-02-04,SALE047164,Completed
CLM007084,2023-05-13,SALE047171,Replaced
CLM007085,2020-08-11,SALE047183,Completed
CLM007086,2023-11-03,SALE047189,Warranty Void
CLM007087,2022-11-27,SALE047192,Completed
CLM007088,2021-02-23,SALE047193,Pending
CLM007089,2021-03-07,SALE047194,Paid Repaired
CLM007090,2024-12-26,SALE047195,Pending
CLM007091,2022-01-24,SALE047216,Replaced
CLM007092,2025-09-30,SALE047222,Completed
CLM007093,2021-04-01,SALE047227,Pending
CLM007094,2021-02-07,SALE047233,Completed
CLM007095,2023-03-18,SALE047238,Paid Repaired
CLM007096,2023-11-05,SALE047241,Paid Repaired
CLM007097,2024-05-19,SALE047247,Paid Repaired
CLM007098,2025-11-12,SALE047249,Rejected
CLM007099,2022-03-01,SALE047251,Paid Repaired
CLM007100,2025-02-17,SALE047256,Completed
CLM007101,2023-01-19,SALE047268,Completed
CLM007102,2023-02-21,SALE047279,Replaced
CLM007103,2022-09-09,SALE047282,Completed
CLM007104,2023-08-06,SALE047285,Paid Repaired
CLM007105,2024-12-27,SALE047302,Completed
CLM007106,2025-03-29,SALE047304,Completed
CLM007107,2021-07-14,SALE047305,Completed
CLM007108,2025-05-24,SALE047326,Paid Repaired
CLM007109,2021-05-26,SALE047335,Completed
CLM007110,2023-04-29,SALE047336,Completed
CLM007111,2021-08-26,SALE047343,Completed
CLM007112,2021-04-09,SALE047359,Completed
CLM007113,2025-11-08,SALE047362,Completed
CLM007114,2023-11-25,SALE047365,Pending
CLM007115,2022-11-13,SALE047368,Paid Repaired
CLM007116,2025-08-23,SALE047379,Replaced
CLM007117,2025-09-18,SALE047381,Replaced
CLM007118,2025-01-23,SALE047382,Completed
CLM007119,2023-04-29,SALE047394,Replaced
CLM007120,2023-09-14,SALE047408,Paid Repaired
CLM007121,2022-09-16,SALE047414,Completed
CLM007122,2021-09-04,SALE047429,Completed
CLM007123,2023-03-21,SALE047430,Completed
CLM007124,2023-12-12,SALE047441,Warranty Void
CLM007125,2022-10-19,SALE047454,Replaced
CLM007126,2023-12-06,SALE047461,Completed
CLM007127,2023-03-07,SALE047467,Completed
CLM007128,2025-07-31,SALE047484,Replaced
CLM007129,2021-02-02,SALE047491,Warranty Void
CLM007130,2022-03-24,SALE047493,Pending
CLM007131,2020-09-19,SALE047503,Completed
CLM007132,2025-05-10,SALE047509,Completed
CLM007133,2021-10-17,SALE047511,Completed
CLM007134,2024-07-02,SALE047514,Completed
CLM007135,2021-02-09,SALE047516,Replaced
CLM007136,2021-07-15,SALE047525,Completed
CLM007137,2025-12-31,SALE047527,Paid Repaired
CLM007138,2021-02-21,SALE047531,Replaced
CLM007139,2021-05-02,SALE047536,Completed
CLM007140,2022-07-03,SALE047539,Paid Repaired
CLM007141,2021-10-20,SALE047540,Replaced
CLM007142,2022-06-04,SALE047541,Paid Repaired
CLM007143,2020-09-12,SALE047547,Replaced
CLM007144,2025-08-29,SALE047554,Completed
CLM007145,2023-07-08,SALE047558,Replaced
CLM007146,2023-12-04,SALE047561,Replaced
CLM007147,2022-06-13,SALE047565,Paid Repaired
CLM007148,2024-05-07,SALE047575,Replaced
CLM007149,2021-08-11,SALE047581,Completed
CLM007150,2021-09-06,SALE047582,Replaced
CLM007151,2022-04-07,SALE047583,Pending
CLM007152,2025-11-18,SALE047591,Replaced
CLM007153,2025-12-31,SALE047594,Replaced
CLM007154,2023-05-15,SALE047596,Paid Repaired
CLM007155,2023-03-02,SALE047597,Completed
CLM007156,2024-03-22,SALE047613,Completed
CLM007157,2025-12-27,SALE047617,Replaced
CLM007158,2025-04-15,SALE047619,Pending
CLM007159,2025-07-11,SALE047622,Paid Repaired
CLM007160,2020-08-01,SALE047625,Completed
CLM007161,2024-09-12,SALE047627,Completed
CLM007162,2022-07-12,SALE047628,Replaced
CLM007163,2024-01-23,SALE047633,Completed
CLM007164,2024-12-23,SALE047634,Completed
CLM007165,2025-12-31,SALE047635,Paid Repaired
CLM007166,2025-07-07,SALE047639,Completed
CLM007167,2022-08-28,SALE047640,Completed
CLM007168,2023-05-12,SALE047648,Rejected
CLM007169,2023-08-13,SALE047649,Paid Repaired
CLM007170,2025-03-02,SALE047659,Rejected
CLM007171,2025-05-22,SALE047667,Completed
CLM007172,2024-03-17,SALE047674,Pending
CLM007173,2021-04-06,SALE047680,Completed
CLM007174,2024-06-09,SALE047684,Warranty Void
CLM007175,2021-05-12,SALE047685,Pending
CLM007176,2021-12-06,SALE047695,Completed
CLM007177,2025-12-31,SALE047698,Completed
CLM007178,2024-04-27,SALE047699,Rejected
CLM007179,2025-04-17,SALE047701,Completed
CLM007180,2025-03-21,SALE047705,Replaced
CLM007181,2024-06-23,SALE047712,Completed
CLM007182,2022-09-05,SALE047722,Completed
CLM007183,2025-01-24,SALE047736,Replaced
CLM007184,2022-11-13,SALE047759,Completed
CLM007185,2025-12-31,SALE047764,Replaced
CLM007186,2022-09-03,SALE047765,Completed
CLM007187,2021-02-14,SALE047773,Rejected
CLM007188,2022-01-04,SALE047774,Completed
CLM007189,2025-01-07,SALE047784,Rejected
CLM007190,2024-10-24,SALE047793,Pending
CLM007191,2025-01-07,SALE047794,Completed
CLM007192,2024-09-18,SALE047804,Completed
CLM007193,2025-03-24,SALE047808,Completed
CLM007194,2024-04-10,SALE047811,Pending
CLM007195,2025-07-30,SALE047815,Completed
CLM007196,2025-12-31,SALE047817,Replaced
CLM007197,2021-08-21,SALE047820,Completed
CLM007198,2025-01-31,SALE047823,Pending
CLM007199,2020-11-03,SALE047829,Completed
CLM007200,2023-05-09,SALE047842,Completed
CLM007201,2020-11-05,SALE047848,Pending
CLM007202,2022-03-05,SALE047850,Completed
CLM007203,2023-01-20,SALE047851,Completed
CLM007204,2023-08-11,SALE047856,Completed
CLM007205,2023-05-12,SALE047868,Replaced
CLM007206,2022-12-20,SALE047873,Rejected
CLM007207,2022-03-08,SALE047897,Replaced
CLM007208,2024-04-09,SALE047911,Warranty Void
CLM007209,2022-11-08,SALE047919,Paid Repaired
CLM007210,2022-11-29,SALE047922,Completed
CLM007211,2025-09-14,SALE047923,Paid Repaired
CLM007212,2022-07-16,SALE047927,Replaced
CLM007213,2022-10-06,SALE047945,Completed
CLM007214,2022-01-18,SALE047947,Paid Repaired
CLM007215,2024-09-19,SALE047949,Completed
CLM007216,2024-09-22,SALE047959,Completed
CLM007217,2025-12-31,SALE047963,Completed
CLM007218,2025-12-31,SALE047969,Warranty Void
CLM007219,2025-02-02,SALE047972,Completed
CLM007220,2025-01-27,SALE047973,Paid Repaired
CLM007221,2025-01-24,SALE047976,Pending
CLM007222,2021-10-03,SALE047988,Completed
CLM007223,2023-09-05,SALE047990,Completed
CLM007224,2025-12-18,SALE047992,Completed
CLM007225,2024-09-02,SALE047994,Pending
CLM007226,2021-09-21,SALE047995,Completed
CLM007227,2024-04-06,SALE047999,Warranty Void
CLM007228,2024-10-07,SALE048002,Completed
CLM007229,2024-06-16,SALE048005,Replaced
CLM007230,2024-08-22,SALE048009,Paid Repaired
CLM007231,2021-12-08,SALE048025,Completed
CLM007232,2023-01-16,SALE048030,Replaced
CLM007233,2025-12-31,SALE048031,Paid Repaired
CLM007234,2024-02-18,SALE048033,Replaced
CLM007235,2022-07-15,SALE048042,Completed
CLM007236,2023-06-25,SALE048043,Paid Repaired
CLM007237,2022-08-16,SALE048044,Paid Repaired
CLM007238,2025-12-31,SALE048045,Warranty Void
CLM007239,2023-07-07,SALE048047,Rejected
CLM007240,2024-04-09,SALE048060,Rejected
CLM007241,2022-05-09,SALE048067,Completed
CLM007242,2024-12-09,SALE048084,Completed
CLM007243,2023-04-08,SALE048086,Completed
CLM007244,2024-02-28,SALE048091,Paid Repaired
CLM007245,2022-03-13,SALE048098,Completed
CLM007246,2020-12-18,SALE048100,Warranty Void
CLM007247,2022-06-27,SALE048102,Warranty Void
CLM007248,2021-10-08,SALE048109,Completed
CLM007249,2023-08-07,SALE048116,Warranty Void
CLM007250,2024-07-29,SALE048127,Completed
CLM007251,2023-02-06,SALE048134,Paid Repaired
CLM007252,2021-11-23,SALE048162,Pending
CLM007253,2024-10-03,SALE048167,Rejected
CLM007254,2022-10-10,SALE048168,Completed
CLM007255,2022-11-13,SALE048181,Completed
CLM007256,2022-04-02,SALE048186,Replaced
CLM007257,2025-02-03,SALE048191,Replaced
CLM007258,2024-07-12,SALE048195,Completed
CLM007259,2024-10-09,SALE048204,Paid Repaired
CLM007260,2024-06-20,SALE048210,Rejected
CLM007261,2024-09-24,SALE048213,Replaced
CLM007262,2025-06-08,SALE048214,Completed
CLM007263,2022-03-09,SALE048215,Completed
CLM007264,2023-11-20,SALE048217,Paid Repaired
CLM007265,2023-10-20,SALE048219,Paid Repaired
CLM007266,2024-08-25,SALE048222,Completed
CLM007267,2023-06-02,SALE048227,Completed
CLM007268,2023-06-25,SALE048229,Completed
CLM007269,2021-09-07,SALE048230,Replaced
CLM007270,2024-10-18,SALE048232,Pending
CLM007271,2024-03-11,SALE048236,Completed
CLM007272,2022-02-17,SALE048238,Paid Repaired
CLM007273,2022-09-06,SALE048243,Paid Repaired
CLM007274,2022-11-24,SALE048247,Completed
CLM007275,2025-09-30,SALE048249,Completed
CLM007276,2023-08-01,SALE048250,Paid Repaired
CLM007277,2025-12-31,SALE048261,Pending
CLM007278,2021-11-15,SALE048266,Replaced
CLM007279,2023-09-02,SALE048270,Pending
CLM007280,2023-03-31,SALE048275,Completed
CLM007281,2023-04-17,SALE048276,Completed
CLM007282,2020-05-22,SALE048280,Completed
CLM007283,2024-07-13,SALE048286,Paid Repaired
CLM007284,2024-04-12,SALE048297,Replaced
CLM007285,2021-11-05,SALE048304,Completed
CLM007286,2022-12-27,SALE048305,Completed
CLM007287,2021-02-11,SALE048308,Completed
CLM007288,2022-04-13,SALE048310,Replaced
CLM007289,2024-02-02,SALE048329,Completed
CLM007290,2025-08-27,SALE048340,Replaced
CLM007291,2025-07-04,SALE048349,Completed
CLM007292,2021-01-05,SALE048350,Completed
CLM007293,2025-12-31,SALE048354,Paid Repaired
CLM007294,2022-07-16,SALE048361,Pending
CLM007295,2023-07-08,SALE048369,Completed
CLM007296,2021-09-05,SALE048379,Completed
CLM007297,2023-09-01,SALE048381,Pending
CLM007298,2020-07-20,SALE048383,Completed
CLM007299,2023-08-16,SALE048385,Rejected
CLM007300,2024-02-01,SALE048387,Paid Repaired
CLM007301,2023-12-25,SALE048389,Completed
CLM007302,2021-10-07,SALE048400,Completed
CLM007303,2022-05-09,SALE048405,Pending
CLM007304,2023-03-25,SALE048409,Completed
CLM007305,2022-06-23,SALE048416,Rejected
CLM007306,2025-03-09,SALE048420,Replaced
CLM007307,2021-03-04,SALE048421,Completed
CLM007308,2022-05-08,SALE048422,Pending
CLM007309,2020-08-05,SALE048432,Pending
CLM007310,2025-03-23,SALE048433,Warranty Void
CLM007311,2022-04-15,SALE048434,Completed
CLM007312,2021-04-02,SALE048443,Completed
CLM007313,2022-05-09,SALE048444,Paid Repaired
CLM007314,2022-06-01,SALE048448,Replaced
CLM007315,2022-05-16,SALE048450,Pending
CLM007316,2024-02-29,SALE048475,Replaced
CLM007317,2022-01-24,SALE048476,Completed
CLM007318,2022-02-03,SALE048478,Replaced
CLM007319,2021-01-31,SALE048486,Warranty Void
CLM007320,2025-12-31,SALE048490,Paid Repaired
CLM007321,2020-09-27,SALE048499,Paid Repaired
CLM007322,2024-11-03,SALE048500,Replaced
CLM007323,2022-01-11,SALE048512,Completed
CLM007324,2020-12-11,SALE048518,Replaced
CLM007325,2022-01-16,SALE048523,Warranty Void
CLM007326,2023-03-03,SALE048528,Completed
CLM007327,2025-11-04,SALE048530,Completed
CLM007328,2024-01-12,SALE048531,Replaced
CLM007329,2022-10-15,SALE048539,Replaced
CLM007330,2022-10-05,SALE048542,Paid Repaired
CLM007331,2024-12-22,SALE048543,Replaced
CLM007332,2022-06-07,SALE048549,Replaced
CLM007333,2022-02-10,SALE048564,Warranty Void
CLM007334,2022-01-14,SALE048574,Replaced
CLM007335,2023-01-28,SALE048581,Completed
CLM007336,2021-11-07,SALE048587,Completed
CLM007337,2023-07-02,SALE048595,Paid Repaired
CLM007338,2025-12-31,SALE048597,Paid Repaired
CLM007339,2022-04-12,SALE048613,Pending
CLM007340,2024-03-14,SALE048621,Completed
CLM007341,2025-01-04,SALE048629,Replaced
CLM007342,2025-01-14,SALE048632,Completed
CLM007343,2022-10-15,SALE048638,Replaced
CLM007344,2025-12-31,SALE048641,Pending
CLM007345,2021-04-05,SALE048652,Replaced
CLM007346,2025-12-31,SALE048659,Completed
CLM007347,2025-03-29,SALE048670,Pending
CLM007348,2022-09-10,SALE048671,Completed
CLM007349,2023-01-25,SALE048678,Replaced
CLM007350,2023-02-01,SALE048683,Completed
CLM007351,2023-12-31,SALE048686,Warranty Void
CLM007352,2023-12-30,SALE048687,Completed
CLM007353,2020-10-20,SALE048689,Paid Repaired
CLM007354,2024-08-28,SALE048690,Completed
CLM007355,2021-03-22,SALE048694,Completed
CLM007356,2024-10-17,SALE048701,Completed
CLM007357,2025-02-08,SALE048712,Rejected
CLM007358,2023-03-21,SALE048728,Completed
CLM007359,2025-02-10,SALE048736,Warranty Void
CLM007360,2022-05-29,SALE048739,Completed
CLM007361,2024-01-06,SALE048742,Warranty Void
CLM007362,2024-12-27,SALE048750,Replaced
CLM007363,2022-01-07,SALE048754,Completed
CLM007364,2022-06-09,SALE048757,Completed
CLM007365,2021-09-19,SALE048772,Completed
CLM007366,2024-03-31,SALE048778,Pending
CLM007367,2022-01-17,SALE048782,Warranty Void
CLM007368,2021-09-03,SALE048784,Paid Repaired
CLM007369,2021-01-20,SALE048786,Replaced
CLM007370,2021-12-30,SALE048789,Rejected
CLM007371,2022-02-04,SALE048794,Completed
CLM007372,2023-03-30,SALE048795,Paid Repaired
CLM007373,2024-05-29,SALE048808,Completed
CLM007374,2025-08-17,SALE048811,Warranty Void
CLM007375,2024-03-07,SALE048818,Rejected
CLM007376,2025-08-28,SALE048826,Paid Repaired
CLM007377,2023-12-15,SALE048843,Warranty Void
CLM007378,2023-10-12,SALE048854,Replaced
CLM007379,2023-09-01,SALE048856,Completed
CLM007380,2025-07-08,SALE048857,Replaced
CLM007381,2021-07-13,SALE048868,Replaced
CLM007382,2023-12-07,SALE048869,Completed
CLM007383,2021-10-21,SALE048871,Replaced
CLM007384,2021-09-15,SALE048887,Paid Repaired
CLM007385,2022-02-12,SALE048899,Paid Repaired
CLM007386,2023-11-26,SALE048901,Completed
CLM007387,2022-12-25,SALE048905,Replaced
CLM007388,2020-12-24,SALE048906,Replaced
CLM007389,2021-11-02,SALE048911,Completed
CLM007390,2025-12-31,SALE048913,Paid Repaired
CLM007391,2025-07-20,SALE048917,Paid Repaired
CLM007392,2023-12-20,SALE048918,Paid Repaired
CLM007393,2022-11-24,SALE048921,Completed
CLM007394,2022-12-19,SALE048927,Warranty Void
CLM007395,2023-06-18,SALE048930,Warranty Void
CLM007396,2025-03-24,SALE048933,Paid Repaired
CLM007397,2022-04-14,SALE048938,Paid Repaired
CLM007398,2021-03-29,SALE048940,Completed
CLM007399,2023-01-15,SALE048943,Paid Repaired
CLM007400,2022-08-15,SALE048962,Pending
CLM007401,2025-11-25,SALE048969,Replaced
CLM007402,2021-09-17,SALE048971,Completed
CLM007403,2022-06-26,SALE048985,Paid Repaired
CLM007404,2024-03-25,SALE048994,Pending
CLM007405,2021-07-27,SALE049000,Completed
CLM007406,2021-09-05,SALE049001,Pending
CLM007407,2023-05-01,SALE049017,Paid Repaired
CLM007408,2021-07-08,SALE049021,Replaced
CLM007409,2023-02-21,SALE049025,Completed
CLM007410,2024-02-26,SALE049026,Rejected
CLM007411,2023-09-28,SALE049033,Warranty Void
CLM007412,2022-03-30,SALE049036,Pending
CLM007413,2025-12-01,SALE049044,Rejected
CLM007414,2025-07-09,SALE049059,Replaced
CLM007415,2023-08-15,SALE049066,Completed
CLM007416,2023-09-18,SALE049085,Completed
CLM007417,2023-09-27,SALE049089,Replaced
CLM007418,2023-04-03,SALE049092,Completed
CLM007419,2021-12-17,SALE049093,Replaced
CLM007420,2025-04-02,SALE049099,Completed
CLM007421,2025-10-07,SALE049108,Paid Repaired
CLM007422,2022-03-01,SALE049109,Completed
CLM007423,2024-06-20,SALE049113,Completed
CLM007424,2023-12-10,SALE049114,Completed
CLM007425,2024-02-11,SALE049130,Replaced
CLM007426,2023-06-26,SALE049133,Warranty Void
CLM007427,2025-12-31,SALE049145,Completed
CLM007428,2025-12-31,SALE049150,Replaced
CLM007429,2025-10-02,SALE049163,Completed
CLM007430,2024-04-05,SALE049165,Completed
CLM007431,2021-12-19,SALE049166,Rejected
CLM007432,2023-02-08,SALE049167,Completed
CLM007433,2022-02-14,SALE049170,Replaced
CLM007434,2020-08-01,SALE049172,Completed
CLM007435,2021-01-22,SALE049176,Warranty Void
CLM007436,2025-03-03,SALE049188,Rejected
CLM007437,2024-04-09,SALE049194,Completed
CLM007438,2024-04-04,SALE049202,Replaced
CLM007439,2025-04-13,SALE049208,Paid Repaired
CLM007440,2020-09-02,SALE049211,Warranty Void
CLM007441,2023-10-02,SALE049216,Completed
CLM007442,2024-12-27,SALE049224,Completed
CLM007443,2024-05-15,SALE049225,Replaced
CLM007444,2023-07-07,SALE049227,Pending
CLM007445,2025-10-23,SALE049228,Completed
CLM007446,2025-06-28,SALE049230,Warranty Void
CLM007447,2022-05-28,SALE049244,Completed
CLM007448,2025-03-08,SALE049245,Pending
CLM007449,2022-01-21,SALE049249,Replaced
CLM007450,2024-09-24,SALE049256,Replaced
CLM007451,2022-07-02,SALE049265,Completed
CLM007452,2024-04-01,SALE049266,Paid Repaired
CLM007453,2022-05-04,SALE049281,Warranty Void
CLM007454,2023-09-14,SALE049285,Rejected
CLM007455,2022-12-14,SALE049298,Completed
CLM007456,2024-02-08,SALE049299,Replaced
CLM007457,2024-12-19,SALE049301,Pending
CLM007458,2024-02-09,SALE049303,Replaced
CLM007459,2023-10-03,SALE049304,Completed
CLM007460,2024-03-19,SALE049312,Replaced
CLM007461,2024-11-21,SALE049317,Completed
CLM007462,2023-03-22,SALE049331,Completed
CLM007463,2022-10-22,SALE049332,Replaced
CLM007464,2021-07-18,SALE049335,Completed
CLM007465,2025-10-28,SALE049346,Completed
CLM007466,2022-06-16,SALE049348,Replaced
CLM007467,2024-11-23,SALE049349,Warranty Void
CLM007468,2023-01-15,SALE049354,Pending
CLM007469,2023-07-08,SALE049358,Completed
CLM007470,2024-06-14,SALE049362,Replaced
CLM007471,2020-12-25,SALE049377,Pending
CLM007472,2022-07-04,SALE049380,Warranty Void
CLM007473,2022-11-04,SALE049387,Completed
CLM007474,2025-09-07,SALE049388,Replaced
CLM007475,2023-05-04,SALE049401,Completed
CLM007476,2025-09-03,SALE049407,Rejected
CLM007477,2025-12-31,SALE049415,Paid Repaired
CLM007478,2024-04-02,SALE049418,Replaced
CLM007479,2025-12-31,SALE049426,Replaced
CLM007480,2020-11-14,SALE049427,Completed
CLM007481,2025-04-07,SALE049431,Paid Repaired
CLM007482,2022-12-23,SALE049444,Completed
CLM007483,2022-12-14,SALE049447,Rejected
CLM007484,2022-02-10,SALE049451,Warranty Void
CLM007485,2023-02-11,SALE049468,Rejected
CLM007486,2024-01-06,SALE049471,Paid Repaired
CLM007487,2023-03-17,SALE049477,Replaced
CLM007488,2024-08-31,SALE049485,Replaced
CLM007489,2025-03-29,SALE049487,Completed
CLM007490,2024-08-18,SALE049488,Warranty Void
CLM007491,2025-01-12,SALE049499,Completed
CLM007492,2025-02-01,SALE049503,Paid Repaired
CLM007493,2021-05-21,SALE049510,Paid Repaired
CLM007494,2025-08-04,SALE049511,Completed
CLM007495,2022-12-07,SALE049513,Completed
CLM007496,2023-06-29,SALE049515,Paid Repaired
CLM007497,2024-08-10,SALE049519,Replaced
CLM007498,2024-11-28,SALE049543,Replaced
CLM007499,2025-12-31,SALE049544,Completed
CLM007500,2022-12-02,SALE049566,Completed
CLM007501,2025-10-20,SALE049568,Completed
CLM007502,2024-06-18,SALE049575,Completed
CLM007503,2023-03-01,SALE049579,Completed
CLM007504,2022-05-17,SALE049585,Completed
CLM007505,2023-02-17,SALE049587,Warranty Void
CLM007506,2022-02-26,SALE049600,Pending
CLM007507,2024-07-30,SALE049606,Paid Repaired
CLM007508,2021-03-24,SALE049612,Completed
CLM007509,2021-08-23,SALE049619,Paid Repaired
CLM007510,2022-07-08,SALE049621,Rejected
CLM007511,2023-03-20,SALE049637,Paid Repaired
CLM007512,2025-03-04,SALE049639,Completed
CLM007513,2022-12-27,SALE049641,Replaced
CLM007514,2021-01-09,SALE049643,Completed
CLM007515,2024-05-29,SALE049649,Completed
CLM007516,2025-12-31,SALE049650,Completed
CLM007517,2025-10-05,SALE049653,Replaced
CLM007518,2021-09-21,SALE049663,Completed
CLM007519,2023-07-03,SALE049665,Completed
CLM007520,2025-09-04,SALE049670,Completed
CLM007521,2025-12-31,SALE049672,Paid Repaired
CLM007522,2022-12-24,SALE049677,Completed
CLM007523,2025-12-31,SALE049701,Completed
CLM007524,2024-09-09,SALE049711,Rejected
CLM007525,2024-07-27,SALE049721,Replaced
CLM007526,2022-11-27,SALE049730,Warranty Void
CLM007527,2025-08-09,SALE049739,Paid Repaired
CLM007528,2025-12-31,SALE049742,Completed
CLM007529,2023-12-18,SALE049745,Completed
CLM007530,2024-11-02,SALE049747,Completed
CLM007531,2021-01-12,SALE049749,Completed
CLM007532,2021-12-24,SALE049763,Rejected
CLM007533,2023-07-04,SALE049765,Pending
CLM007534,2023-03-25,SALE049775,Paid Repaired
CLM007535,2021-07-21,SALE049781,Completed
CLM007536,2022-04-02,SALE049783,Completed
CLM007537,2025-12-31,SALE049786,Pending
CLM007538,2022-11-27,SALE049787,Completed
CLM007539,2023-01-27,SALE049788,Warranty Void
CLM007540,2025-06-26,SALE049792,Completed
CLM007541,2023-11-19,SALE049793,Replaced
CLM007542,2025-04-22,SALE049794,Warranty Void
CLM007543,2025-12-31,SALE049795,Completed
CLM007544,2023-09-27,SALE049807,Pending
CLM007545,2024-05-21,SALE049809,Replaced
CLM007546,2023-11-11,SALE049810,Paid Repaired
CLM007547,2025-08-15,SALE049821,Pending
CLM007548,2025-10-02,SALE049829,Completed
CLM007549,2024-08-11,SALE049840,Warranty Void
CLM007550,2020-07-02,SALE049844,Completed
CLM007551,2024-10-06,SALE049848,Warranty Void
CLM007552,2020-11-07,SALE049860,Completed
CLM007553,2022-10-12,SALE049884,Completed
CLM007554,2025-02-04,SALE049888,Paid Repaired
CLM007555,2024-04-29,SALE049889,Paid Repaired
CLM007556,2022-06-25,SALE049897,Paid Repaired
CLM007557,2022-11-22,SALE049908,Completed
CLM007558,2024-08-12,SALE049909,Completed
CLM007559,2025-08-05,SALE049910,Pending
CLM007560,2021-05-03,SALE049921,Rejected
CLM007561,2024-02-14,SALE049923,Completed
CLM007562,2024-10-18,SALE049927,Pending
CLM007563,2021-06-06,SALE049936,Warranty Void
CLM007564,2025-05-05,SALE049938,Completed
CLM007565,2022-07-06,SALE049948,Pending
CLM007566,2022-03-22,SALE049953,Completed
CLM007567,2025-12-20,SALE049962,Completed
CLM007568,2020-11-30,SALE049963,Paid Repaired
CLM007569,2021-10-12,SALE049967,Completed
CLM007570,2022-02-09,SALE049981,Completed
CLM007571,2025-12-31,SALE049983,Paid Repaired
CLM007572,2021-04-14,SALE049987,Warranty Void
CLM007573,2024-05-14,SALE049997,Completed
CLM007574,2023-07-23,SALE050000,Completed
CLM007575,2024-04-21,SALE050004,Completed
CLM007576,2021-03-05,SALE050008,Replaced
CLM007577,2023-10-17,SALE050014,Completed
CLM007578,2023-06-30,SALE050020,Completed
CLM007579,2025-09-09,SALE050022,Completed
CLM007580,2022-11-22,SALE050035,Paid Repaired
CLM007581,2025-12-28,SALE050037,Completed
CLM007582,2020-09-06,SALE050039,Completed
CLM007583,2023-09-13,SALE050044,Replaced
CLM007584,2023-12-29,SALE050048,Completed
CLM007585,2021-05-29,SALE050052,Replaced
CLM007586,2023-02-06,SALE050065,Completed
CLM007587,2025-03-10,SALE050073,Completed
CLM007588,2025-04-02,SALE050075,Pending
CLM007589,2025-11-06,SALE050078,Completed
CLM007590,2023-11-22,SALE050079,Completed
CLM007591,2024-03-25,SALE050084,Completed
CLM007592,2024-07-12,SALE050089,Pending
CLM007593,2021-12-23,SALE050095,Pending
CLM007594,2023-07-16,SALE050110,Completed
CLM007595,2021-04-04,SALE050117,Pending
CLM007596,2024-04-13,SALE050120,Replaced
CLM007597,2024-02-05,SALE050123,Completed
CLM007598,2022-10-23,SALE050133,Completed
CLM007599,2020-10-08,SALE050136,Completed
CLM007600,2024-06-11,SALE050139,Rejected
CLM007601,2020-12-02,SALE050145,Completed
CLM007602,2024-10-02,SALE050160,Completed
CLM007603,2024-06-11,SALE050161,Completed
CLM007604,2023-10-12,SALE050167,Completed
CLM007605,2025-12-31,SALE050172,Completed
CLM007606,2022-08-03,SALE050180,Pending
CLM007607,2021-11-13,SALE050181,Warranty Void
CLM007608,2024-12-13,SALE050184,Pending
CLM007609,2022-11-28,SALE050187,Warranty Void
CLM007610,2022-01-29,SALE050193,Pending
CLM007611,2022-04-30,SALE050215,Completed
CLM007612,2025-08-15,SALE050218,Replaced
CLM007613,2023-04-01,SALE050220,Paid Repaired
CLM007614,2023-09-10,SALE050226,Pending
CLM007615,2025-12-31,SALE050242,Paid Repaired
CLM007616,2024-02-10,SALE050246,Pending
CLM007617,2022-10-27,SALE050247,Completed
CLM007618,2020-03-12,SALE050256,Completed
CLM007619,2023-11-08,SALE050261,Warranty Void
CLM007620,2024-04-30,SALE050270,Replaced
CLM007621,2022-11-07,SALE050271,Replaced
CLM007622,2025-05-26,SALE050280,Completed
CLM007623,2024-05-08,SALE050281,Rejected
CLM007624,2020-07-04,SALE050286,Pending
CLM007625,2024-03-19,SALE050289,Completed
CLM007626,2021-04-29,SALE050292,Completed
CLM007627,2023-11-22,SALE050296,Pending
CLM007628,2025-05-04,SALE050309,Replaced
CLM007629,2025-09-12,SALE050310,Pending
CLM007630,2022-11-11,SALE050322,Replaced
CLM007631,2023-10-06,SALE050325,Pending
CLM007632,2023-10-01,SALE050333,Warranty Void
CLM007633,2024-05-28,SALE050353,Completed
CLM007634,2022-08-30,SALE050355,Replaced
CLM007635,2020-10-28,SALE050364,Completed
CLM007636,2022-08-10,SALE050366,Completed
CLM007637,2024-08-13,SALE050376,Pending
CLM007638,2023-03-21,SALE050381,Replaced
CLM007639,2024-12-09,SALE050384,Replaced
CLM007640,2021-10-26,SALE050389,Replaced
CLM007641,2022-10-05,SALE050390,Replaced
CLM007642,2021-05-11,SALE050391,Warranty Void
CLM007643,2021-03-05,SALE050395,Replaced
CLM007644,2022-05-05,SALE050407,Completed
CLM007645,2024-09-22,SALE050409,Paid Repaired
CLM007646,2021-03-14,SALE050411,Completed
CLM007647,2022-11-15,SALE050418,Completed
CLM007648,2025-01-27,SALE050423,Completed
CLM007649,2021-07-24,SALE050428,Completed
CLM007650,2022-08-30,SALE050432,Completed
CLM007651,2024-03-04,SALE050444,Paid Repaired
CLM007652,2021-10-28,SALE050447,Completed
CLM007653,2025-08-13,SALE050454,Completed
CLM007654,2024-04-24,SALE050465,Paid Repaired
CLM007655,2021-12-15,SALE050489,Warranty Void
CLM007656,2022-02-19,SALE050506,Rejected
CLM007657,2022-07-21,SALE050510,Replaced
CLM007658,2023-07-24,SALE050519,Paid Repaired
CLM007659,2025-02-02,SALE050532,Completed
CLM007660,2021-09-05,SALE050533,Completed
CLM007661,2022-07-08,SALE050536,Completed
CLM007662,2023-09-17,SALE050537,Completed
CLM007663,2023-03-27,SALE050548,Rejected
CLM007664,2022-03-15,SALE050551,Completed
CLM007665,2023-01-27,SALE050575,Replaced
CLM007666,2024-09-22,SALE050591,Completed
CLM007667,2022-03-12,SALE050607,Warranty Void
CLM007668,2025-08-10,SALE050608,Completed
CLM007669,2022-04-17,SALE050619,Completed
CLM007670,2021-09-13,SALE050622,Completed
CLM007671,2021-06-24,SALE050626,Completed
CLM007672,2023-07-25,SALE050628,Completed
CLM007673,2021-04-21,SALE050632,Completed
CLM007674,2025-10-22,SALE050647,Completed
CLM007675,2024-01-01,SALE050651,Completed
CLM007676,2025-05-21,SALE050653,Completed
CLM007677,2020-07-10,SALE050655,Replaced
CLM007678,2023-01-11,SALE050659,Completed
CLM007679,2022-01-15,SALE050666,Warranty Void
CLM007680,2021-05-14,SALE050669,Completed
CLM007681,2023-11-26,SALE050673,Completed
CLM007682,2021-08-26,SALE050677,Completed
CLM007683,2022-08-31,SALE050679,Paid Repaired
CLM007684,2022-10-03,SALE050693,Paid Repaired
CLM007685,2022-11-22,SALE050696,Completed
CLM007686,2024-10-11,SALE050697,Replaced
CLM007687,2021-11-01,SALE050704,Completed
CLM007688,2022-12-31,SALE050716,Warranty Void
CLM007689,2024-04-27,SALE050722,Paid Repaired
CLM007690,2023-02-11,SALE050725,Completed
CLM007691,2025-02-24,SALE050730,Warranty Void
CLM007692,2024-06-01,SALE050731,Completed
CLM007693,2020-08-16,SALE050747,Completed
CLM007694,2021-02-17,SALE050752,Pending
CLM007695,2023-06-06,SALE050753,Completed
CLM007696,2022-11-26,SALE050766,Completed
CLM007697,2024-12-06,SALE050792,Replaced
CLM007698,2022-10-04,SALE050797,Pending
CLM007699,2023-01-31,SALE050804,Replaced
CLM007700,2025-07-22,SALE050817,Replaced
CLM007701,2023-03-29,SALE050822,Replaced
CLM007702,2024-11-25,SALE050833,Replaced
CLM007703,2024-11-01,SALE050835,Paid Repaired
CLM007704,2024-12-08,SALE050842,Completed
CLM007705,2023-05-25,SALE050845,Replaced
CLM007706,2025-06-29,SALE050848,Warranty Void
CLM007707,2024-04-01,SALE050861,Completed
CLM007708,2025-07-24,SALE050870,Replaced
CLM007709,2024-07-11,SALE050877,Paid Repaired
CLM007710,2025-03-05,SALE050885,Completed
CLM007711,2021-07-26,SALE050899,Replaced
CLM007712,2020-09-19,SALE050913,Warranty Void
CLM007713,2022-03-12,SALE050946,Pending
CLM007714,2025-09-04,SALE050949,Replaced
CLM007715,2020-06-04,SALE050954,Rejected
CLM007716,2024-09-11,SALE050957,Rejected
CLM007717,2024-04-17,SALE050961,Pending
CLM007718,2025-08-06,SALE050978,Completed
CLM007719,2023-02-04,SALE050988,Completed
CLM007720,2021-10-07,SALE050992,Pending
CLM007721,2023-12-18,SALE050993,Completed
CLM007722,2024-11-10,SALE051010,Pending
CLM007723,2021-05-17,SALE051022,Pending
CLM007724,2024-04-04,SALE051024,Pending
CLM007725,2025-12-31,SALE051027,Pending
CLM007726,2024-04-30,SALE051037,Pending
CLM007727,2025-07-17,SALE051039,Completed
CLM007728,2024-11-09,SALE051045,Replaced
CLM007729,2022-02-03,SALE051046,Paid Repaired
CLM007730,2021-04-21,SALE051064,Replaced
CLM007731,2023-10-14,SALE051080,Paid Repaired
CLM007732,2021-10-06,SALE051085,Replaced
CLM007733,2024-06-28,SALE051103,Replaced
CLM007734,2024-11-26,SALE051109,Completed
CLM007735,2025-03-16,SALE051111,Completed
CLM007736,2025-06-08,SALE051112,Replaced
CLM007737,2021-11-11,SALE051113,Replaced
CLM007738,2022-02-03,SALE051120,Completed
CLM007739,2023-04-13,SALE051130,Completed
CLM007740,2025-07-03,SALE051131,Completed
CLM007741,2025-12-24,SALE051144,Completed
CLM007742,2024-04-23,SALE051145,Completed
CLM007743,2023-10-31,SALE051150,Completed
CLM007744,2023-01-21,SALE051155,Replaced
CLM007745,2022-03-26,SALE051166,Completed
CLM007746,2022-10-02,SALE051170,Completed
CLM007747,2025-12-31,SALE051178,Warranty Void
CLM007748,2021-07-23,SALE051184,Paid Repaired
CLM007749,2025-01-30,SALE051190,Completed
CLM007750,2021-06-27,SALE051192,Completed
CLM007751,2025-12-31,SALE051193,Completed
CLM007752,2020-06-10,SALE051194,Warranty Void
CLM007753,2023-03-10,SALE051210,Completed
CLM007754,2020-08-26,SALE051213,Paid Repaired
CLM007755,2021-12-13,SALE051219,Pending
CLM007756,2021-02-01,SALE051231,Completed
CLM007757,2023-05-23,SALE051242,Paid Repaired
CLM007758,2021-06-02,SALE051248,Pending
CLM007759,2025-04-23,SALE051252,Completed
CLM007760,2023-04-14,SALE051259,Replaced
CLM007761,2022-09-20,SALE051274,Warranty Void
CLM007762,2025-07-08,SALE051283,Warranty Void
CLM007763,2025-05-20,SALE051289,Paid Repaired
CLM007764,2021-04-09,SALE051295,Completed
CLM007765,2023-06-08,SALE051299,Warranty Void
CLM007766,2025-06-19,SALE051300,Completed
CLM007767,2020-11-10,SALE051322,Paid Repaired
CLM007768,2024-01-19,SALE051323,Completed
CLM007769,2025-12-31,SALE051325,Completed
CLM007770,2023-10-23,SALE051327,Completed
CLM007771,2020-06-22,SALE051346,Replaced
CLM007772,2022-02-28,SALE051349,Replaced
CLM007773,2023-08-15,SALE051353,Completed
CLM007774,2023-09-25,SALE051380,Replaced
CLM007775,2023-04-08,SALE051382,Completed
CLM007776,2020-11-19,SALE051386,Completed
CLM007777,2024-11-09,SALE051388,Replaced
CLM007778,2024-11-21,SALE051391,Paid Repaired
CLM007779,2024-04-04,SALE051405,Replaced
CLM007780,2023-06-12,SALE051414,Replaced
CLM007781,2023-07-01,SALE051439,Completed
CLM007782,2022-06-27,SALE051441,Paid Repaired
CLM007783,2023-07-21,SALE051444,Completed
CLM007784,2025-07-05,SALE051446,Paid Repaired
CLM007785,2025-09-14,SALE051459,Warranty Void
CLM007786,2021-04-03,SALE051467,Completed
CLM007787,2025-01-05,SALE051491,Completed
CLM007788,2025-03-03,SALE051504,Replaced
CLM007789,2021-05-29,SALE051507,Rejected
CLM007790,2025-11-05,SALE051508,Replaced
CLM007791,2024-10-24,SALE051516,Pending
CLM007792,2025-01-22,SALE051517,Replaced
CLM007793,2025-10-12,SALE051524,Pending
CLM007794,2023-07-10,SALE051535,Rejected
CLM007795,2024-03-12,SALE051536,Completed
CLM007796,2023-01-31,SALE051538,Replaced
CLM007797,2024-03-10,SALE051540,Rejected
CLM007798,2024-02-07,SALE051541,Pending
CLM007799,2025-12-31,SALE051543,Completed
CLM007800,2025-10-23,SALE051547,Paid Repaired
CLM007801,2025-12-31,SALE051549,Completed
CLM007802,2023-05-01,SALE051563,Completed
CLM007803,2022-05-26,SALE051564,Paid Repaired
CLM007804,2021-08-04,SALE051570,Paid Repaired
CLM007805,2025-12-31,SALE051580,Completed
CLM007806,2022-02-02,SALE051593,Replaced
CLM007807,2023-10-27,SALE051610,Completed
CLM007808,2025-03-29,SALE051611,Rejected
CLM007809,2024-07-30,SALE051617,Replaced
CLM007810,2021-12-23,SALE051623,Replaced
CLM007811,2022-05-05,SALE051624,Replaced
CLM007812,2024-09-19,SALE051627,Completed
CLM007813,2021-12-01,SALE051633,Pending
CLM007814,2021-04-29,SALE051655,Pending
CLM007815,2025-12-31,SALE051656,Completed
CLM007816,2023-12-15,SALE051666,Completed
CLM007817,2023-10-08,SALE051676,Replaced
CLM007818,2025-12-09,SALE051677,Completed
CLM007819,2023-09-01,SALE051689,Completed
CLM007820,2023-01-03,SALE051704,Completed
CLM007821,2022-08-16,SALE051712,Completed
CLM007822,2023-06-28,SALE051716,Warranty Void
CLM007823,2020-12-02,SALE051722,Completed
CLM007824,2024-04-22,SALE051734,Replaced
CLM007825,2021-10-22,SALE051735,Pending
CLM007826,2021-01-09,SALE051737,Replaced
CLM007827,2025-08-02,SALE051738,Completed
CLM007828,2024-11-04,SALE051749,Paid Repaired
CLM007829,2025-04-03,SALE051761,Completed
CLM007830,2021-12-15,SALE051765,Completed
CLM007831,2025-12-31,SALE051767,Completed
CLM007832,2022-11-16,SALE051770,Replaced
CLM007833,2024-02-13,SALE051776,Warranty Void
CLM007834,2024-07-11,SALE051780,Completed
CLM007835,2024-10-26,SALE051789,Pending
CLM007836,2021-05-01,SALE051791,Completed
CLM007837,2024-12-19,SALE051797,Replaced
CLM007838,2023-06-08,SALE051800,Completed
CLM007839,2025-04-08,SALE051806,Paid Repaired
CLM007840,2023-05-05,SALE051807,Paid Repaired
CLM007841,2021-10-22,SALE051810,Completed
CLM007842,2023-05-21,SALE051811,Pending
CLM007843,2023-10-16,SALE051813,Paid Repaired
CLM007844,2025-12-31,SALE051815,Pending
CLM007845,2023-11-24,SALE051818,Completed
CLM007846,2021-07-16,SALE051825,Completed
CLM007847,2022-02-09,SALE051834,Paid Repaired
CLM007848,2023-07-04,SALE051838,Warranty Void
CLM007849,2023-01-09,SALE051840,Paid Repaired
CLM007850,2021-10-09,SALE051843,Completed
CLM007851,2023-11-10,SALE051844,Completed
CLM007852,2025-03-01,SALE051847,Completed
CLM007853,2023-04-07,SALE051858,Replaced
CLM007854,2022-12-02,SALE051861,Rejected
CLM007855,2020-10-16,SALE051864,Replaced
CLM007856,2021-06-17,SALE051865,Replaced
CLM007857,2021-10-20,SALE051870,Completed
CLM007858,2025-05-22,SALE051871,Completed
CLM007859,2021-11-08,SALE051883,Paid Repaired
CLM007860,2025-12-31,SALE051888,Completed
CLM007861,2023-11-11,SALE051903,Warranty Void
CLM007862,2025-12-31,SALE051906,Completed
CLM007863,2022-09-05,SALE051911,Completed
CLM007864,2024-10-02,SALE051923,Paid Repaired
CLM007865,2023-07-07,SALE051930,Rejected
CLM007866,2024-07-17,SALE051936,Completed
CLM007867,2022-01-23,SALE051939,Replaced
CLM007868,2025-06-28,SALE051942,Replaced
CLM007869,2021-06-30,SALE051945,Completed
CLM007870,2025-04-28,SALE051950,Completed
CLM007871,2024-10-07,SALE051957,Replaced
CLM007872,2025-05-17,SALE051958,Completed
CLM007873,2023-12-17,SALE051960,Completed
CLM007874,2025-08-03,SALE051962,Replaced
CLM007875,2022-03-14,SALE051964,Pending
CLM007876,2024-08-29,SALE051965,Completed
CLM007877,2025-04-18,SALE051980,Completed
CLM007878,2023-02-25,SALE051991,Warranty Void
CLM007879,2024-12-28,SALE051994,Warranty Void
CLM007880,2025-09-24,SALE051995,Rejected
CLM007881,2020-10-15,SALE051997,Completed
CLM007882,2022-11-07,SALE052009,Replaced
CLM007883,2021-02-08,SALE052015,Completed
CLM007884,2021-05-22,SALE052031,Completed
CLM007885,2023-12-10,SALE052035,Completed
CLM007886,2024-03-12,SALE052036,Paid Repaired
CLM007887,2022-02-19,SALE052048,Completed
CLM007888,2023-04-29,SALE052049,Completed
CLM007889,2021-04-11,SALE052068,Replaced
CLM007890,2021-03-21,SALE052069,Completed
CLM007891,2020-06-06,SALE052085,Paid Repaired
CLM007892,2025-11-22,SALE052088,Replaced
CLM007893,2024-02-06,SALE052089,Completed
CLM007894,2025-04-26,SALE052093,Completed
CLM007895,2024-10-12,SALE052095,Replaced
CLM007896,2021-08-14,SALE052110,Warranty Void
CLM007897,2021-11-16,SALE052116,Completed
CLM007898,2021-02-23,SALE052124,Completed
CLM007899,2021-08-07,SALE052126,Replaced
CLM007900,2025-03-22,SALE052130,Completed
CLM007901,2025-05-28,SALE052134,Rejected
CLM007902,2024-05-20,SALE052138,Replaced
CLM007903,2023-12-22,SALE052139,Pending
CLM007904,2025-12-31,SALE052147,Replaced
CLM007905,2021-05-19,SALE052151,Pending
CLM007906,2021-02-21,SALE052152,Paid Repaired
CLM007907,2023-01-14,SALE052153,Paid Repaired
CLM007908,2021-02-18,SALE052164,Rejected
CLM007909,2023-10-22,SALE052166,Paid Repaired
CLM007910,2022-02-02,SALE052174,Rejected
CLM007911,2021-07-24,SALE052176,Completed
CLM007912,2023-09-22,SALE052185,Completed
CLM007913,2022-10-06,SALE052193,Completed
CLM007914,2023-06-20,SALE052201,Replaced
CLM007915,2024-11-04,SALE052205,Paid Repaired
CLM007916,2025-01-23,SALE052229,Replaced
CLM007917,2023-01-16,SALE052233,Replaced
CLM007918,2025-08-24,SALE052253,Completed
CLM007919,2022-03-12,SALE052266,Warranty Void
CLM007920,2023-08-08,SALE052269,Completed
CLM007921,2025-10-25,SALE052273,Completed
CLM007922,2025-06-25,SALE052279,Replaced
CLM007923,2024-11-03,SALE052290,Warranty Void
CLM007924,2025-03-27,SALE052297,Completed
CLM007925,2025-09-04,SALE052307,Completed
CLM007926,2022-03-04,SALE052308,Replaced
CLM007927,2022-04-30,SALE052309,Pending
CLM007928,2024-04-05,SALE052310,Completed
CLM007929,2024-01-11,SALE052311,Completed
CLM007930,2024-04-21,SALE052315,Completed
CLM007931,2025-11-16,SALE052324,Completed
CLM007932,2025-05-10,SALE052331,Completed
CLM007933,2025-12-31,SALE052337,Completed
CLM007934,2025-11-19,SALE052339,Completed
CLM007935,2020-08-18,SALE052341,Completed
CLM007936,2023-12-09,SALE052346,Completed
CLM007937,2025-12-31,SALE052348,Completed
CLM007938,2023-07-14,SALE052352,Completed
CLM007939,2021-05-10,SALE052356,Replaced
CLM007940,2024-04-21,SALE052357,Completed
CLM007941,2020-05-29,SALE052362,Replaced
CLM007942,2023-12-03,SALE052365,Completed
CLM007943,2023-10-27,SALE052366,Replaced
CLM007944,2025-02-15,SALE052371,Completed
CLM007945,2025-12-31,SALE052372,Pending
CLM007946,2021-03-06,SALE052377,Completed
CLM007947,2023-04-11,SALE052383,Completed
CLM007948,2025-06-02,SALE052412,Completed
CLM007949,2020-12-09,SALE052420,Pending
CLM007950,2024-08-05,SALE052424,Pending
CLM007951,2023-09-26,SALE052435,Completed
CLM007952,2025-12-31,SALE052454,Pending
CLM007953,2024-11-02,SALE052461,Completed
CLM007954,2025-12-31,SALE052472,Paid Repaired
CLM007955,2023-10-21,SALE052475,Completed
CLM007956,2021-07-24,SALE052479,Completed
CLM007957,2025-09-21,SALE052486,Completed
CLM007958,2023-03-13,SALE052492,Replaced
CLM007959,2022-04-26,SALE052497,Pending
CLM007960,2020-10-17,SALE052505,Completed
CLM007961,2021-07-16,SALE052509,Pending
CLM007962,2021-11-26,SALE052523,Replaced
CLM007963,2022-04-27,SALE052527,Paid Repaired
CLM007964,2025-02-03,SALE052531,Replaced
CLM007965,2022-06-18,SALE052542,Pending
CLM007966,2024-05-02,SALE052551,Completed
CLM007967,2023-04-08,SALE052555,Replaced
CLM007968,2025-05-29,SALE052556,Completed
CLM007969,2024-07-17,SALE052558,Pending
CLM007970,2025-10-05,SALE052563,Replaced
CLM007971,2025-09-06,SALE052565,Rejected
CLM007972,2024-06-16,SALE052566,Completed
CLM007973,2023-02-21,SALE052567,Replaced
CLM007974,2021-11-24,SALE052568,Pending
CLM007975,2023-02-03,SALE052571,Completed
CLM007976,2025-03-03,SALE052579,Completed
CLM007977,2024-10-19,SALE052581,Completed
CLM007978,2023-08-27,SALE052582,Replaced
CLM007979,2025-04-30,SALE052604,Pending
CLM007980,2024-02-23,SALE052608,Completed
CLM007981,2023-07-30,SALE052609,Replaced
CLM007982,2021-05-10,SALE052610,Replaced
CLM007983,2023-03-19,SALE052621,Completed
CLM007984,2025-03-10,SALE052630,Replaced
CLM007985,2024-04-03,SALE052631,Pending
CLM007986,2021-12-04,SALE052635,Paid Repaired
CLM007987,2025-06-19,SALE052637,Completed
CLM007988,2021-07-27,SALE052640,Replaced
CLM007989,2025-06-29,SALE052647,Completed
CLM007990,2024-09-03,SALE052649,Warranty Void
CLM007991,2025-01-19,SALE052657,Completed
CLM007992,2022-09-03,SALE052661,Replaced
CLM007993,2023-05-10,SALE052667,Completed
CLM007994,2022-11-18,SALE052673,Replaced
CLM007995,2023-12-31,SALE052675,Paid Repaired
CLM007996,2021-04-20,SALE052710,Completed
CLM007997,2023-11-16,SALE052711,Replaced
CLM007998,2024-05-19,SALE052726,Replaced
CLM007999,2025-04-03,SALE052738,Completed
CLM008000,2024-09-10,SALE052739,Completed
CLM008001,2021-06-11,SALE052742,Rejected
CLM008002,2021-02-05,SALE052754,Replaced
CLM008003,2024-10-14,SALE052757,Completed
CLM008004,2022-06-07,SALE052761,Completed
CLM008005,2023-05-25,SALE052763,Completed
CLM008006,2022-11-02,SALE052774,Rejected
CLM008007,2023-12-24,SALE052787,Warranty Void
CLM008008,2021-03-02,SALE052789,Completed
CLM008009,2024-12-28,SALE052799,Completed
CLM008010,2024-07-30,SALE052801,Paid Repaired
CLM008011,2021-10-18,SALE052806,Completed
CLM008012,2022-06-27,SALE052812,Completed
CLM008013,2023-06-12,SALE052821,Completed
CLM008014,2022-08-16,SALE052826,Completed
CLM008015,2025-04-20,SALE052838,Completed
CLM008016,2024-06-27,SALE052839,Replaced
CLM008017,2024-03-29,SALE052845,Replaced
CLM008018,2024-01-24,SALE052862,Completed
CLM008019,2020-09-15,SALE052868,Pending
CLM008020,2020-10-02,SALE052870,Pending
CLM008021,2023-01-13,SALE052875,Rejected
CLM008022,2021-05-24,SALE052876,Pending
CLM008023,2023-01-30,SALE052878,Replaced
CLM008024,2025-12-31,SALE052879,Completed
CLM008025,2024-03-10,SALE052880,Rejected
CLM008026,2022-10-19,SALE052888,Completed
CLM008027,2023-06-06,SALE052890,Rejected
CLM008028,2021-04-20,SALE052895,Warranty Void
CLM008029,2025-12-26,SALE052903,Warranty Void
CLM008030,2025-12-31,SALE052906,Completed
CLM008031,2025-11-04,SALE052908,Paid Repaired
CLM008032,2024-07-07,SALE052909,Completed
CLM008033,2024-01-11,SALE052918,Paid Repaired
CLM008034,2025-05-04,SALE052921,Rejected
CLM008035,2025-01-25,SALE052930,Completed
CLM008036,2022-02-25,SALE052935,Paid Repaired
CLM008037,2023-03-16,SALE052944,Paid Repaired
CLM008038,2025-06-22,SALE052945,Replaced
CLM008039,2022-10-03,SALE052946,Paid Repaired
CLM008040,2022-07-23,SALE052947,Paid Repaired
CLM008041,2021-12-22,SALE052956,Replaced
CLM008042,2025-04-19,SALE052958,Completed
CLM008043,2024-08-11,SALE052961,Rejected
CLM008044,2024-06-23,SALE052965,Completed
CLM008045,2023-04-21,SALE052966,Completed
CLM008046,2021-04-01,SALE052984,Warranty Void
CLM008047,2022-08-06,SALE053001,Paid Repaired
CLM008048,2025-12-31,SALE053004,Completed
CLM008049,2021-09-24,SALE053016,Pending
CLM008050,2021-11-02,SALE053020,Replaced
CLM008051,2023-02-16,SALE053028,Rejected
CLM008052,2023-04-14,SALE053043,Completed
CLM008053,2023-06-02,SALE053055,Paid Repaired
CLM008054,2025-10-15,SALE053062,Pending
CLM008055,2025-10-25,SALE053067,Completed
CLM008056,2025-12-31,SALE053079,Replaced
CLM008057,2024-06-09,SALE053080,Replaced
CLM008058,2022-11-07,SALE053084,Completed
CLM008059,2025-01-09,SALE053100,Replaced
CLM008060,2022-05-28,SALE053103,Replaced
CLM008061,2022-04-27,SALE053111,Completed
CLM008062,2024-11-29,SALE053114,Replaced
CLM008063,2022-12-01,SALE053148,Replaced
CLM008064,2023-12-01,SALE053149,Completed
CLM008065,2022-03-14,SALE053151,Completed
CLM008066,2023-02-17,SALE053154,Completed
CLM008067,2023-10-26,SALE053178,Completed
CLM008068,2025-07-10,SALE053180,Completed
CLM008069,2022-04-10,SALE053185,Completed
CLM008070,2024-10-01,SALE053186,Completed
CLM008071,2023-06-02,SALE053191,Warranty Void
CLM008072,2025-05-13,SALE053193,Replaced
CLM008073,2025-02-27,SALE053195,Completed
CLM008074,2024-08-16,SALE053198,Replaced
CLM008075,2021-08-15,SALE053223,Paid Repaired
CLM008076,2022-06-01,SALE053237,Replaced
CLM008077,2023-05-05,SALE053240,Paid Repaired
CLM008078,2024-02-06,SALE053242,Paid Repaired
CLM008079,2021-05-04,SALE053257,Warranty Void
CLM008080,2023-07-02,SALE053269,Completed
CLM008081,2024-11-07,SALE053272,Paid Repaired
CLM008082,2024-10-31,SALE053274,Completed
CLM008083,2023-12-08,SALE053275,Warranty Void
CLM008084,2025-12-31,SALE053276,Replaced
CLM008085,2021-06-30,SALE053278,Completed
CLM008086,2024-03-13,SALE053281,Completed
CLM008087,2024-02-29,SALE053289,Pending
CLM008088,2025-12-08,SALE053307,Completed
CLM008089,2022-01-08,SALE053310,Paid Repaired
CLM008090,2023-09-20,SALE053315,Completed
CLM008091,2024-09-19,SALE053323,Warranty Void
CLM008092,2023-07-29,SALE053326,Replaced
CLM008093,2021-09-04,SALE053328,Completed
CLM008094,2023-02-02,SALE053332,Pending
CLM008095,2020-07-01,SALE053342,Completed
CLM008096,2025-12-31,SALE053346,Completed
CLM008097,2025-12-02,SALE053362,Paid Repaired
CLM008098,2023-07-20,SALE053367,Rejected
CLM008099,2021-07-19,SALE053374,Rejected
CLM008100,2023-04-10,SALE053377,Completed
CLM008101,2021-06-23,SALE053380,Pending
CLM008102,2024-04-23,SALE053384,Completed
CLM008103,2021-05-18,SALE053386,Paid Repaired
CLM008104,2022-08-10,SALE053387,Warranty Void
CLM008105,2025-09-22,SALE053388,Completed
CLM008106,2020-05-15,SALE053390,Completed
CLM008107,2021-04-07,SALE053398,Warranty Void
CLM008108,2025-07-29,SALE053408,Completed
CLM008109,2021-08-15,SALE053410,Replaced
CLM008110,2021-10-30,SALE053414,Completed
CLM008111,2022-04-24,SALE053419,Completed
CLM008112,2020-07-03,SALE053429,Completed
CLM008113,2021-11-09,SALE053434,Completed
CLM008114,2022-01-08,SALE053436,Completed
CLM008115,2024-09-24,SALE053442,Replaced
CLM008116,2025-02-03,SALE053445,Replaced
CLM008117,2023-06-04,SALE053451,Completed
CLM008118,2023-01-27,SALE053469,Completed
CLM008119,2025-12-31,SALE053475,Completed
CLM008120,2023-07-27,SALE053487,Completed
CLM008121,2023-03-08,SALE053489,Completed
CLM008122,2022-10-18,SALE053497,Completed
CLM008123,2024-01-20,SALE053499,Completed
CLM008124,2022-01-31,SALE053500,Pending
CLM008125,2025-04-27,SALE053502,Replaced
CLM008126,2024-02-26,SALE053507,Completed
CLM008127,2020-05-18,SALE053522,Paid Repaired
CLM008128,2025-04-05,SALE053524,Completed
CLM008129,2023-07-24,SALE053526,Completed
CLM008130,2023-02-05,SALE053527,Completed
CLM008131,2022-08-27,SALE053528,Rejected
CLM008132,2021-06-12,SALE053540,Warranty Void
CLM008133,2022-03-13,SALE053547,Replaced
CLM008134,2023-04-13,SALE053549,Rejected
CLM008135,2022-11-14,SALE053564,Replaced
CLM008136,2025-09-08,SALE053570,Rejected
CLM008137,2024-07-08,SALE053571,Paid Repaired
CLM008138,2023-08-27,SALE053578,Completed
CLM008139,2025-11-26,SALE053579,Paid Repaired
CLM008140,2025-03-24,SALE053580,Rejected
CLM008141,2024-10-19,SALE053592,Completed
CLM008142,2022-09-06,SALE053597,Pending
CLM008143,2024-07-10,SALE053616,Rejected
CLM008144,2024-08-29,SALE053617,Replaced
CLM008145,2023-03-24,SALE053618,Completed
CLM008146,2022-05-22,SALE053633,Completed
CLM008147,2023-01-02,SALE053635,Completed
CLM008148,2022-11-27,SALE053642,Replaced
CLM008149,2021-01-29,SALE053653,Completed
CLM008150,2025-10-17,SALE053654,Replaced
CLM008151,2025-06-20,SALE053657,Replaced
CLM008152,2024-08-25,SALE053659,Completed
CLM008153,2022-12-15,SALE053665,Completed
CLM008154,2022-06-23,SALE053666,Completed
CLM008155,2022-07-10,SALE053669,Replaced
CLM008156,2021-09-13,SALE053670,Completed
CLM008157,2023-09-23,SALE053677,Paid Repaired
CLM008158,2022-07-16,SALE053680,Pending
CLM008159,2025-02-15,SALE053689,Pending
CLM008160,2020-09-23,SALE053691,Completed
CLM008161,2025-05-03,SALE053697,Completed
CLM008162,2025-07-01,SALE053700,Warranty Void
CLM008163,2023-10-30,SALE053702,Paid Repaired
CLM008164,2021-01-29,SALE053713,Completed
CLM008165,2021-04-11,SALE053714,Replaced
CLM008166,2022-02-27,SALE053728,Warranty Void
CLM008167,2024-03-07,SALE053729,Completed
CLM008168,2021-05-15,SALE053735,Paid Repaired
CLM008169,2021-04-20,SALE053737,Replaced
CLM008170,2025-12-31,SALE053752,Paid Repaired
CLM008171,2022-06-12,SALE053763,Completed
CLM008172,2023-03-29,SALE053764,Completed
CLM008173,2025-09-23,SALE053770,Completed
CLM008174,2024-01-11,SALE053778,Completed
CLM008175,2025-07-04,SALE053780,Warranty Void
CLM008176,2023-01-02,SALE053785,Paid Repaired
CLM008177,2025-07-07,SALE053789,Replaced
CLM008178,2021-02-04,SALE053797,Completed
CLM008179,2022-02-14,SALE053800,Replaced
CLM008180,2024-04-21,SALE053801,Completed
CLM008181,2021-09-03,SALE053803,Completed
CLM008182,2022-09-22,SALE053807,Completed
CLM008183,2021-04-26,SALE053819,Pending
CLM008184,2023-08-13,SALE053822,Replaced
CLM008185,2024-02-11,SALE053831,Completed
CLM008186,2021-02-08,SALE053844,Completed
CLM008187,2024-09-05,SALE053849,Completed
CLM008188,2025-08-24,SALE053854,Paid Repaired
CLM008189,2023-12-14,SALE053869,Paid Repaired
CLM008190,2021-09-26,SALE053874,Completed
CLM008191,2025-12-31,SALE053875,Completed
CLM008192,2022-05-07,SALE053898,Pending
CLM008193,2025-10-09,SALE053901,Rejected
CLM008194,2021-04-07,SALE053909,Pending
CLM008195,2022-07-11,SALE053912,Completed
CLM008196,2023-01-07,SALE053927,Rejected
CLM008197,2021-09-04,SALE053931,Warranty Void
CLM008198,2021-08-10,SALE053935,Warranty Void
CLM008199,2023-06-10,SALE053936,Warranty Void
CLM008200,2025-02-05,SALE053945,Paid Repaired
CLM008201,2021-04-25,SALE053977,Completed
CLM008202,2025-12-31,SALE053978,Completed
CLM008203,2023-10-17,SALE053998,Completed
CLM008204,2024-05-22,SALE054002,Warranty Void
CLM008205,2024-05-06,SALE054003,Paid Repaired
CLM008206,2024-07-20,SALE054010,Replaced
CLM008207,2020-07-14,SALE054013,Completed
CLM008208,2025-05-05,SALE054024,Completed
CLM008209,2021-10-30,SALE054025,Replaced
CLM008210,2020-05-21,SALE054027,Paid Repaired
CLM008211,2021-06-06,SALE054034,Completed
CLM008212,2024-05-18,SALE054045,Completed
CLM008213,2025-03-20,SALE054056,Completed
CLM008214,2022-10-21,SALE054058,Paid Repaired
CLM008215,2022-08-02,SALE054059,Completed
CLM008216,2023-05-31,SALE054064,Replaced
CLM008217,2020-11-22,SALE054066,Paid Repaired
CLM008218,2025-12-31,SALE054068,Replaced
CLM008219,2021-12-29,SALE054070,Rejected
CLM008220,2025-01-02,SALE054071,Completed
CLM008221,2022-07-17,SALE054074,Completed
CLM008222,2022-06-21,SALE054085,Completed
CLM008223,2025-11-17,SALE054087,Warranty Void
CLM008224,2023-02-21,SALE054089,Completed
CLM008225,2022-09-08,SALE054106,Completed
CLM008226,2023-01-28,SALE054115,Warranty Void
CLM008227,2025-05-28,SALE054123,Completed
CLM008228,2024-06-08,SALE054129,Completed
CLM008229,2022-03-07,SALE054130,Replaced
CLM008230,2021-12-30,SALE054142,Paid Repaired
CLM008231,2025-01-24,SALE054149,Completed
CLM008232,2023-01-06,SALE054164,Rejected
CLM008233,2023-05-25,SALE054179,Paid Repaired
CLM008234,2024-07-14,SALE054184,Completed
CLM008235,2021-01-29,SALE054198,Warranty Void
CLM008236,2023-07-18,SALE054224,Warranty Void
CLM008237,2025-10-23,SALE054227,Completed
CLM008238,2022-09-07,SALE054228,Replaced
CLM008239,2023-05-11,SALE054230,Warranty Void
CLM008240,2020-07-04,SALE054234,Warranty Void
CLM008241,2025-04-03,SALE054235,Paid Repaired
CLM008242,2022-04-08,SALE054244,Replaced
CLM008243,2023-08-10,SALE054251,Replaced
CLM008244,2025-01-09,SALE054252,Paid Repaired
CLM008245,2023-07-20,SALE054256,Completed
CLM008246,2025-05-31,SALE054264,Pending
CLM008247,2021-01-26,SALE054265,Pending
CLM008248,2022-03-04,SALE054267,Replaced
CLM008249,2024-07-01,SALE054280,Paid Repaired
CLM008250,2023-12-17,SALE054292,Paid Repaired
CLM008251,2023-06-02,SALE054295,Pending
CLM008252,2020-10-02,SALE054296,Paid Repaired
CLM008253,2024-12-19,SALE054297,Replaced
CLM008254,2023-05-16,SALE054310,Completed
CLM008255,2021-10-13,SALE054318,Completed
CLM008256,2025-07-17,SALE054324,Completed
CLM008257,2025-12-31,SALE054341,Replaced
CLM008258,2022-02-16,SALE054344,Paid Repaired
CLM008259,2023-11-11,SALE054345,Completed
CLM008260,2022-03-21,SALE054349,Completed
CLM008261,2022-07-17,SALE054353,Pending
CLM008262,2024-01-26,SALE054362,Rejected
CLM008263,2024-03-04,SALE054365,Paid Repaired
CLM008264,2024-10-17,SALE054374,Paid Repaired
CLM008265,2023-11-06,SALE054385,Replaced
CLM008266,2024-07-02,SALE054388,Completed
CLM008267,2024-08-10,SALE054394,Completed
CLM008268,2024-08-25,SALE054395,Completed
CLM008269,2022-11-01,SALE054407,Warranty Void
CLM008270,2024-12-31,SALE054412,Completed
CLM008271,2025-02-21,SALE054430,Replaced
CLM008272,2025-04-29,SALE054433,Completed
CLM008273,2021-11-21,SALE054434,Completed
CLM008274,2024-03-18,SALE054435,Replaced
CLM008275,2024-05-20,SALE054441,Completed
CLM008276,2023-09-18,SALE054444,Paid Repaired
CLM008277,2025-03-10,SALE054445,Completed
CLM008278,2023-10-28,SALE054454,Paid Repaired
CLM008279,2023-09-09,SALE054460,Replaced
CLM008280,2021-03-25,SALE054471,Completed
CLM008281,2023-04-02,SALE054481,Warranty Void
CLM008282,2022-07-18,SALE054498,Paid Repaired
CLM008283,2020-12-12,SALE054503,Rejected
CLM008284,2025-01-10,SALE054504,Completed
CLM008285,2020-11-26,SALE054508,Completed
CLM008286,2025-11-13,SALE054511,Pending
CLM008287,2024-07-15,SALE054512,Replaced
CLM008288,2024-09-06,SALE054513,Warranty Void
CLM008289,2021-04-04,SALE054521,Paid Repaired
CLM008290,2023-05-27,SALE054522,Rejected
CLM008291,2024-12-07,SALE054527,Completed
CLM008292,2022-09-22,SALE054546,Rejected
CLM008293,2023-09-03,SALE054548,Rejected
CLM008294,2021-03-08,SALE054557,Completed
CLM008295,2021-11-19,SALE054558,Pending
CLM008296,2025-10-17,SALE054565,Warranty Void
CLM008297,2024-06-18,SALE054588,Completed
CLM008298,2020-04-21,SALE054603,Paid Repaired
CLM008299,2021-08-05,SALE054604,Completed
CLM008300,2025-10-23,SALE054611,Paid Repaired
CLM008301,2021-11-30,SALE054613,Completed
CLM008302,2025-05-01,SALE054619,Replaced
CLM008303,2022-02-22,SALE054620,Pending
CLM008304,2024-02-17,SALE054625,Completed
CLM008305,2022-01-08,SALE054646,Completed
CLM008306,2023-02-19,SALE054652,Completed
CLM008307,2021-04-24,SALE054654,Replaced
CLM008308,2022-03-26,SALE054660,Completed
CLM008309,2025-05-11,SALE054661,Pending
CLM008310,2021-09-09,SALE054667,Replaced
CLM008311,2021-01-12,SALE054668,Completed
CLM008312,2025-08-07,SALE054670,Replaced
CLM008313,2020-06-01,SALE054674,Completed
CLM008314,2022-02-27,SALE054694,Replaced
CLM008315,2023-12-08,SALE054710,Completed
CLM008316,2023-04-09,SALE054714,Completed
CLM008317,2023-11-14,SALE054715,Rejected
CLM008318,2023-01-01,SALE054720,Pending
CLM008319,2024-06-29,SALE054724,Warranty Void
CLM008320,2021-01-21,SALE054734,Paid Repaired
CLM008321,2025-07-28,SALE054742,Completed
CLM008322,2025-01-22,SALE054745,Completed
CLM008323,2023-01-11,SALE054750,Replaced
CLM008324,2022-09-20,SALE054751,Paid Repaired
CLM008325,2021-10-14,SALE054752,Completed
CLM008326,2024-07-12,SALE054755,Warranty Void
CLM008327,2021-12-18,SALE054760,Replaced
CLM008328,2023-03-02,SALE054761,Warranty Void
CLM008329,2023-04-18,SALE054765,Replaced
CLM008330,2024-10-17,SALE054782,Replaced
CLM008331,2024-05-03,SALE054793,Completed
CLM008332,2022-12-29,SALE054801,Warranty Void
CLM008333,2024-03-06,SALE054809,Pending
CLM008334,2021-01-14,SALE054811,Completed
CLM008335,2023-06-14,SALE054822,Completed
CLM008336,2023-04-27,SALE054831,Paid Repaired
CLM008337,2020-09-17,SALE054835,Completed
CLM008338,2020-10-06,SALE054849,Rejected
CLM008339,2022-11-04,SALE054860,Replaced
CLM008340,2025-01-18,SALE054864,Pending
CLM008341,2024-09-13,SALE054867,Completed
CLM008342,2023-04-09,SALE054884,Completed
CLM008343,2024-04-05,SALE054888,Completed
CLM008344,2025-01-19,SALE054894,Completed
CLM008345,2024-02-16,SALE054899,Replaced
CLM008346,2021-09-08,SALE054905,Completed
CLM008347,2023-08-27,SALE054914,Completed
CLM008348,2025-12-31,SALE054915,Pending
CLM008349,2022-03-08,SALE054916,Paid Repaired
CLM008350,2022-08-08,SALE054923,Completed
CLM008351,2021-06-07,SALE054928,Pending
CLM008352,2025-04-01,SALE054936,Pending
CLM008353,2023-01-19,SALE054939,Paid Repaired
CLM008354,2022-01-22,SALE054958,Replaced
CLM008355,2025-10-19,SALE054962,Completed
CLM008356,2022-11-06,SALE054964,Replaced
CLM008357,2023-01-19,SALE054977,Completed
CLM008358,2023-10-16,SALE054983,Completed
CLM008359,2024-09-05,SALE054985,Rejected
CLM008360,2022-01-29,SALE054986,Replaced
CLM008361,2024-12-21,SALE054991,Completed
CLM008362,2025-02-14,SALE054995,Warranty Void
CLM008363,2021-12-26,SALE055014,Replaced
CLM008364,2024-01-16,SALE055021,Paid Repaired
CLM008365,2025-11-27,SALE055029,Completed
CLM008366,2021-11-04,SALE055030,Paid Repaired
CLM008367,2025-05-29,SALE055032,Pending
CLM008368,2021-05-17,SALE055034,Replaced
CLM008369,2025-12-31,SALE055044,Paid Repaired
CLM008370,2025-02-25,SALE055052,Replaced
CLM008371,2022-01-31,SALE055075,Completed
CLM008372,2025-09-28,SALE055082,Paid Repaired
CLM008373,2023-03-10,SALE055092,Completed
CLM008374,2021-09-12,SALE055098,Completed
CLM008375,2025-03-27,SALE055103,Completed
CLM008376,2025-04-23,SALE055104,Completed
CLM008377,2024-01-14,SALE055107,Paid Repaired
CLM008378,2025-12-31,SALE055117,Completed
CLM008379,2024-01-04,SALE055121,Completed
CLM008380,2021-08-02,SALE055123,Pending
CLM008381,2025-12-31,SALE055137,Replaced
CLM008382,2024-09-01,SALE055140,Completed
CLM008383,2023-02-20,SALE055141,Completed
CLM008384,2025-12-31,SALE055142,Completed
CLM008385,2025-04-07,SALE055143,Pending
CLM008386,2022-06-11,SALE055150,Completed
CLM008387,2025-10-14,SALE055168,Paid Repaired
CLM008388,2024-08-13,SALE055176,Completed
CLM008389,2021-06-25,SALE055177,Completed
CLM008390,2021-12-05,SALE055182,Paid Repaired
CLM008391,2022-05-03,SALE055189,Completed
CLM008392,2023-06-25,SALE055196,Pending
CLM008393,2024-03-06,SALE055197,Paid Repaired
CLM008394,2023-10-09,SALE055208,Warranty Void
CLM008395,2024-02-27,SALE055211,Completed
CLM008396,2024-10-07,SALE055214,Completed
CLM008397,2024-03-13,SALE055224,Completed
CLM008398,2023-11-15,SALE055256,Completed
CLM008399,2025-12-31,SALE055259,Paid Repaired
CLM008400,2023-02-14,SALE055260,Replaced
CLM008401,2022-03-04,SALE055275,Replaced
CLM008402,2023-08-10,SALE055277,Completed
CLM008403,2025-11-24,SALE055281,Replaced
CLM008404,2022-03-17,SALE055284,Replaced
CLM008405,2021-03-30,SALE055285,Replaced
CLM008406,2022-07-01,SALE055293,Pending
CLM008407,2021-09-05,SALE055303,Rejected
CLM008408,2025-12-24,SALE055308,Paid Repaired
CLM008409,2022-06-20,SALE055309,Replaced
CLM008410,2025-08-28,SALE055323,Replaced
CLM008411,2023-10-30,SALE055325,Completed
CLM008412,2021-07-30,SALE055333,Replaced
CLM008413,2024-10-06,SALE055341,Replaced
CLM008414,2024-03-23,SALE055353,Completed
CLM008415,2023-06-02,SALE055356,Pending
CLM008416,2021-05-15,SALE055357,Completed
CLM008417,2023-04-23,SALE055363,Warranty Void
CLM008418,2024-01-01,SALE055369,Completed
CLM008419,2025-05-10,SALE055387,Completed
CLM008420,2025-12-17,SALE055399,Rejected
CLM008421,2021-07-14,SALE055404,Completed
CLM008422,2025-05-13,SALE055410,Paid Repaired
CLM008423,2022-03-12,SALE055416,Completed
CLM008424,2021-03-01,SALE055419,Pending
CLM008425,2022-09-03,SALE055429,Completed
CLM008426,2022-05-21,SALE055431,Pending
CLM008427,2021-02-26,SALE055436,Completed
CLM008428,2024-08-21,SALE055449,Replaced
CLM008429,2023-04-23,SALE055450,Completed
CLM008430,2025-03-30,SALE055458,Replaced
CLM008431,2025-01-20,SALE055477,Completed
CLM008432,2025-06-18,SALE055479,Completed
CLM008433,2022-07-03,SALE055485,Replaced
CLM008434,2025-12-31,SALE055492,Paid Repaired
CLM008435,2025-12-31,SALE055503,Paid Repaired
CLM008436,2021-10-06,SALE055506,Completed
CLM008437,2023-07-29,SALE055509,Completed
CLM008438,2025-04-22,SALE055514,Completed
CLM008439,2020-12-01,SALE055518,Warranty Void
CLM008440,2022-05-05,SALE055520,Completed
CLM008441,2020-11-10,SALE055528,Paid Repaired
CLM008442,2025-12-31,SALE055530,Completed
CLM008443,2024-05-08,SALE055538,Replaced
CLM008444,2022-06-17,SALE055541,Replaced
CLM008445,2023-05-22,SALE055545,Completed
CLM008446,2022-11-23,SALE055552,Completed
CLM008447,2025-05-10,SALE055561,Completed
CLM008448,2023-10-06,SALE055577,Completed
CLM008449,2025-04-12,SALE055580,Replaced
CLM008450,2023-06-02,SALE055581,Pending
CLM008451,2023-10-12,SALE055582,Completed
CLM008452,2025-11-23,SALE055583,Paid Repaired
CLM008453,2024-02-15,SALE055591,Paid Repaired
CLM008454,2024-03-08,SALE055610,Replaced
CLM008455,2025-10-06,SALE055632,Replaced
CLM008456,2021-03-15,SALE055639,Replaced
CLM008457,2025-10-12,SALE055641,Completed
CLM008458,2022-03-07,SALE055662,Completed
CLM008459,2024-07-29,SALE055663,Completed
CLM008460,2025-12-31,SALE055679,Completed
CLM008461,2022-12-09,SALE055691,Completed
CLM008462,2021-01-09,SALE055693,Completed
CLM008463,2022-05-09,SALE055694,Completed
CLM008464,2024-10-05,SALE055695,Replaced
CLM008465,2022-03-29,SALE055697,Completed
CLM008466,2022-01-22,SALE055700,Completed
CLM008467,2022-03-19,SALE055701,Completed
CLM008468,2024-07-31,SALE055705,Completed
CLM008469,2020-11-09,SALE055706,Warranty Void
CLM008470,2023-09-12,SALE055707,Completed
CLM008471,2023-11-04,SALE055717,Paid Repaired
CLM008472,2023-06-11,SALE055720,Pending
CLM008473,2024-02-07,SALE055721,Completed
CLM008474,2025-06-20,SALE055735,Completed
CLM008475,2021-07-11,SALE055745,Completed
CLM008476,2023-10-24,SALE055757,Paid Repaired
CLM008477,2025-12-31,SALE055765,Replaced
CLM008478,2024-07-19,SALE055770,Paid Repaired
CLM008479,2023-05-29,SALE055771,Completed
CLM008480,2021-06-19,SALE055773,Replaced
CLM008481,2024-02-02,SALE055774,Completed
CLM008482,2021-08-04,SALE055776,Rejected
CLM008483,2022-08-07,SALE055786,Replaced
CLM008484,2021-04-06,SALE055795,Warranty Void
CLM008485,2021-12-17,SALE055796,Warranty Void
CLM008486,2024-07-16,SALE055797,Paid Repaired
CLM008487,2020-12-15,SALE055798,Completed
CLM008488,2022-06-03,SALE055808,Rejected
CLM008489,2024-10-23,SALE055815,Replaced
CLM008490,2024-12-23,SALE055832,Replaced
CLM008491,2023-07-10,SALE055834,Warranty Void
CLM008492,2025-12-31,SALE055841,Paid Repaired
CLM008493,2024-08-31,SALE055842,Completed
CLM008494,2024-06-26,SALE055848,Completed
CLM008495,2025-12-31,SALE055858,Paid Repaired
CLM008496,2021-10-10,SALE055878,Completed
CLM008497,2021-12-30,SALE055882,Replaced
CLM008498,2023-10-10,SALE055883,Completed
CLM008499,2021-12-14,SALE055888,Completed
CLM008500,2023-09-29,SALE055889,Completed
CLM008501,2024-12-21,SALE055916,Pending
CLM008502,2024-07-21,SALE055918,Replaced
CLM008503,2025-09-13,SALE055935,Replaced
CLM008504,2022-08-20,SALE055938,Warranty Void
CLM008505,2023-06-17,SALE055942,Replaced
CLM008506,2024-10-22,SALE055943,Paid Repaired
CLM008507,2025-07-04,SALE055951,Warranty Void
CLM008508,2025-12-31,SALE055956,Paid Repaired
CLM008509,2024-01-21,SALE055971,Replaced
CLM008510,2021-09-15,SALE055976,Completed
CLM008511,2022-11-28,SALE055989,Completed
CLM008512,2020-10-02,SALE055991,Completed
CLM008513,2025-07-30,SALE055998,Completed
CLM008514,2024-05-04,SALE056015,Completed
CLM008515,2022-07-06,SALE056016,Completed
CLM008516,2024-08-31,SALE056039,Replaced
CLM008517,2021-08-28,SALE056071,Warranty Void
CLM008518,2022-04-13,SALE056074,Warranty Void
CLM008519,2025-07-08,SALE056076,Warranty Void
CLM008520,2025-03-13,SALE056084,Completed
CLM008521,2024-09-15,SALE056085,Completed
CLM008522,2021-05-21,SALE056088,Replaced
CLM008523,2023-01-16,SALE056091,Replaced
CLM008524,2023-01-25,SALE056106,Pending
CLM008525,2021-10-10,SALE056113,Completed
CLM008526,2024-04-09,SALE056115,Replaced
CLM008527,2020-04-21,SALE056120,Pending
CLM008528,2021-10-09,SALE056123,Paid Repaired
CLM008529,2022-09-11,SALE056133,Replaced
CLM008530,2022-06-19,SALE056135,Completed
CLM008531,2023-08-19,SALE056141,Completed
CLM008532,2025-12-31,SALE056143,Warranty Void
CLM008533,2024-04-16,SALE056152,Replaced
CLM008534,2024-09-14,SALE056156,Completed
CLM008535,2021-10-07,SALE056158,Paid Repaired
CLM008536,2020-12-23,SALE056178,Paid Repaired
CLM008537,2024-01-22,SALE056181,Completed
CLM008538,2023-01-12,SALE056183,Completed
CLM008539,2025-12-31,SALE056186,Completed
CLM008540,2025-12-31,SALE056187,Paid Repaired
CLM008541,2023-03-27,SALE056188,Completed
CLM008542,2021-07-31,SALE056189,Pending
CLM008543,2025-05-05,SALE056191,Paid Repaired
CLM008544,2025-07-08,SALE056199,Rejected
CLM008545,2023-03-22,SALE056202,Paid Repaired
CLM008546,2025-09-09,SALE056203,Completed
CLM008547,2021-12-15,SALE056215,Paid Repaired
CLM008548,2023-03-19,SALE056227,Warranty Void
CLM008549,2022-08-27,SALE056232,Replaced
CLM008550,2025-12-31,SALE056244,Replaced
CLM008551,2021-07-28,SALE056249,Warranty Void
CLM008552,2024-05-30,SALE056250,Paid Repaired
CLM008553,2025-07-01,SALE056256,Paid Repaired
CLM008554,2025-02-19,SALE056257,Paid Repaired
CLM008555,2025-11-20,SALE056259,Replaced
CLM008556,2023-04-10,SALE056261,Completed
CLM008557,2022-08-21,SALE056264,Warranty Void
CLM008558,2020-09-18,SALE056273,Pending
CLM008559,2024-08-22,SALE056279,Pending
CLM008560,2022-11-29,SALE056293,Pending
CLM008561,2025-12-31,SALE056302,Completed
CLM008562,2025-03-15,SALE056318,Replaced
CLM008563,2021-07-30,SALE056338,Completed
CLM008564,2021-12-23,SALE056347,Completed
CLM008565,2022-02-12,SALE056351,Replaced
CLM008566,2021-02-19,SALE056356,Rejected
CLM008567,2021-12-27,SALE056359,Completed
CLM008568,2025-12-31,SALE056361,Paid Repaired
CLM008569,2021-12-15,SALE056366,Completed
CLM008570,2022-01-20,SALE056367,Completed
CLM008571,2020-10-22,SALE056376,Completed
CLM008572,2023-04-17,SALE056384,Completed
CLM008573,2025-12-31,SALE056390,Pending
CLM008574,2021-05-31,SALE056403,Completed
CLM008575,2021-01-08,SALE056409,Completed
CLM008576,2022-07-02,SALE056420,Completed
CLM008577,2025-04-30,SALE056427,Pending
CLM008578,2021-02-07,SALE056434,Completed
CLM008579,2025-04-08,SALE056445,Pending
CLM008580,2023-01-31,SALE056446,Pending
CLM008581,2025-07-20,SALE056453,Completed
CLM008582,2021-07-26,SALE056456,Warranty Void
CLM008583,2024-01-10,SALE056463,Pending
CLM008584,2023-07-18,SALE056472,Replaced
CLM008585,2023-02-18,SALE056485,Replaced
CLM008586,2024-07-27,SALE056486,Replaced
CLM008587,2024-10-31,SALE056489,Paid Repaired
CLM008588,2023-11-30,SALE056490,Warranty Void
CLM008589,2024-11-22,SALE056505,Completed
CLM008590,2025-12-31,SALE056507,Paid Repaired
CLM008591,2023-04-25,SALE056517,Pending
CLM008592,2025-11-22,SALE056525,Paid Repaired
CLM008593,2020-12-10,SALE056532,Pending
CLM008594,2024-01-09,SALE056535,Completed
CLM008595,2023-03-22,SALE056536,Replaced
CLM008596,2022-01-05,SALE056542,Pending
CLM008597,2021-12-30,SALE056543,Completed
CLM008598,2025-01-25,SALE056544,Completed
CLM008599,2025-12-23,SALE056555,Completed
CLM008600,2020-12-02,SALE056567,Completed
CLM008601,2022-07-26,SALE056569,Replaced
CLM008602,2024-05-07,SALE056571,Pending
CLM008603,2023-10-20,SALE056581,Replaced
CLM008604,2023-06-17,SALE056601,Completed
CLM008605,2024-05-02,SALE056624,Completed
CLM008606,2023-02-06,SALE056626,Replaced
CLM008607,2025-10-12,SALE056633,Replaced
CLM008608,2024-01-25,SALE056634,Pending
CLM008609,2025-12-31,SALE056638,Completed
CLM008610,2025-02-02,SALE056646,Pending
CLM008611,2023-11-19,SALE056650,Completed
CLM008612,2025-05-02,SALE056660,Completed
CLM008613,2024-02-28,SALE056668,Completed
CLM008614,2025-11-06,SALE056669,Replaced
CLM008615,2023-08-06,SALE056681,Replaced
CLM008616,2024-02-10,SALE056682,Completed
CLM008617,2021-08-10,SALE056685,Replaced
CLM008618,2024-05-29,SALE056697,Pending
CLM008619,2022-08-13,SALE056702,Pending
CLM008620,2024-09-20,SALE056705,Pending
CLM008621,2025-06-28,SALE056709,Paid Repaired
CLM008622,2022-08-06,SALE056713,Completed
CLM008623,2022-10-15,SALE056715,Replaced
CLM008624,2024-01-11,SALE056716,Completed
CLM008625,2024-05-28,SALE056719,Completed
CLM008626,2021-01-28,SALE056730,Replaced
CLM008627,2024-03-20,SALE056736,Pending
CLM008628,2025-10-20,SALE056743,Completed
CLM008629,2023-01-28,SALE056751,Completed
CLM008630,2025-12-31,SALE056754,Paid Repaired
CLM008631,2020-12-03,SALE056759,Completed
CLM008632,2025-12-31,SALE056762,Completed
CLM008633,2023-02-14,SALE056765,Completed
CLM008634,2024-03-31,SALE056777,Replaced
CLM008635,2024-03-02,SALE056782,Rejected
CLM008636,2023-07-05,SALE056792,Completed
CLM008637,2020-12-01,SALE056803,Replaced
CLM008638,2021-07-16,SALE056808,Completed
CLM008639,2022-03-05,SALE056820,Replaced
CLM008640,2022-06-19,SALE056829,Paid Repaired
CLM008641,2025-09-09,SALE056830,Completed
CLM008642,2023-09-26,SALE056839,Rejected
CLM008643,2020-11-07,SALE056852,Paid Repaired
CLM008644,2025-12-31,SALE056861,Completed
CLM008645,2024-08-01,SALE056862,Completed
CLM008646,2025-12-31,SALE056866,Rejected
CLM008647,2021-12-17,SALE056884,Completed
CLM008648,2021-06-18,SALE056897,Completed
CLM008649,2021-01-16,SALE056904,Warranty Void
CLM008650,2022-12-19,SALE056916,Replaced
CLM008651,2024-05-02,SALE056917,Completed
CLM008652,2025-01-20,SALE056922,Paid Repaired
CLM008653,2021-03-20,SALE056925,Completed
CLM008654,2025-06-04,SALE056928,Pending
CLM008655,2025-12-27,SALE056943,Completed
CLM008656,2023-02-15,SALE056947,Completed
CLM008657,2022-01-17,SALE056952,Rejected
CLM008658,2023-11-23,SALE056953,Completed
CLM008659,2023-01-09,SALE056972,Completed
CLM008660,2023-07-22,SALE056991,Completed
CLM008661,2021-01-25,SALE056992,Completed
CLM008662,2025-02-06,SALE056995,Completed
CLM008663,2021-11-05,SALE056997,Paid Repaired
CLM008664,2021-06-30,SALE057001,Replaced
CLM008665,2021-04-13,SALE057016,Warranty Void
CLM008666,2022-01-03,SALE057018,Completed
CLM008667,2024-10-10,SALE057026,Replaced
CLM008668,2023-09-04,SALE057030,Completed
CLM008669,2025-09-07,SALE057033,Completed
CLM008670,2021-05-16,SALE057043,Completed
CLM008671,2024-12-31,SALE057049,Completed
CLM008672,2023-12-11,SALE057054,Warranty Void
CLM008673,2023-06-26,SALE057077,Completed
CLM008674,2025-12-31,SALE057086,Completed
CLM008675,2024-10-07,SALE057088,Completed
CLM008676,2023-06-08,SALE057089,Completed
CLM008677,2023-01-12,SALE057090,Completed
CLM008678,2021-11-20,SALE057098,Warranty Void
CLM008679,2025-12-10,SALE057113,Completed
CLM008680,2022-07-29,SALE057117,Pending
CLM008681,2022-11-22,SALE057126,Completed
CLM008682,2023-09-28,SALE057128,Paid Repaired
CLM008683,2024-01-15,SALE057147,Paid Repaired
CLM008684,2025-01-27,SALE057162,Warranty Void
CLM008685,2022-11-28,SALE057171,Completed
CLM008686,2024-11-11,SALE057174,Replaced
CLM008687,2024-01-08,SALE057175,Pending
CLM008688,2021-11-27,SALE057178,Warranty Void
CLM008689,2023-05-22,SALE057180,Pending
CLM008690,2025-03-02,SALE057203,Rejected
CLM008691,2025-06-24,SALE057205,Completed
CLM008692,2021-05-05,SALE057207,Completed
CLM008693,2024-11-16,SALE057208,Completed
CLM008694,2025-12-31,SALE057218,Paid Repaired
CLM008695,2022-09-27,SALE057219,Completed
CLM008696,2024-04-14,SALE057222,Completed
CLM008697,2022-02-27,SALE057223,Replaced
CLM008698,2022-01-16,SALE057224,Paid Repaired
CLM008699,2025-05-09,SALE057226,Pending
CLM008700,2025-11-05,SALE057227,Paid Repaired
CLM008701,2022-04-28,SALE057232,Completed
CLM008702,2025-11-26,SALE057233,Completed
CLM008703,2023-07-05,SALE057237,Completed
CLM008704,2022-02-03,SALE057238,Completed
CLM008705,2021-01-03,SALE057240,Paid Repaired
CLM008706,2021-07-28,SALE057247,Completed
CLM008707,2022-01-21,SALE057250,Pending
CLM008708,2024-06-24,SALE057257,Completed
CLM008709,2021-08-25,SALE057262,Completed
CLM008710,2022-07-08,SALE057275,Completed
CLM008711,2021-02-17,SALE057277,Warranty Void
CLM008712,2025-12-31,SALE057292,Pending
CLM008713,2024-10-14,SALE057293,Replaced
CLM008714,2025-09-27,SALE057295,Completed
CLM008715,2021-11-15,SALE057306,Warranty Void
CLM008716,2022-05-13,SALE057315,Paid Repaired
CLM008717,2021-02-13,SALE057327,Replaced
CLM008718,2023-02-23,SALE057338,Completed
CLM008719,2023-02-19,SALE057355,Replaced
CLM008720,2020-08-04,SALE057359,Paid Repaired
CLM008721,2025-10-06,SALE057365,Replaced
CLM008722,2024-06-02,SALE057370,Replaced
CLM008723,2025-12-31,SALE057376,Completed
CLM008724,2025-04-25,SALE057381,Completed
CLM008725,2022-07-04,SALE057382,Completed
CLM008726,2022-10-13,SALE057386,Paid Repaired
CLM008727,2023-01-25,SALE057393,Completed
CLM008728,2023-12-27,SALE057394,Replaced
CLM008729,2025-12-31,SALE057402,Pending
CLM008730,2025-12-31,SALE057405,Replaced
CLM008731,2022-07-29,SALE057409,Completed
CLM008732,2021-07-08,SALE057413,Replaced
CLM008733,2024-06-28,SALE057420,Paid Repaired
CLM008734,2024-09-16,SALE057426,Completed
CLM008735,2023-07-04,SALE057428,Paid Repaired
CLM008736,2025-03-05,SALE057430,Completed
CLM008737,2024-09-13,SALE057432,Paid Repaired
CLM008738,2024-06-07,SALE057446,Completed
CLM008739,2023-01-07,SALE057452,Pending
CLM008740,2021-08-29,SALE057457,Replaced
CLM008741,2020-11-09,SALE057471,Replaced
CLM008742,2025-04-12,SALE057476,Completed
CLM008743,2025-08-26,SALE057481,Completed
CLM008744,2020-09-09,SALE057485,Pending
CLM008745,2023-09-19,SALE057488,Pending
CLM008746,2023-02-07,SALE057490,Paid Repaired
CLM008747,2025-06-19,SALE057506,Completed
CLM008748,2025-05-10,SALE057518,Replaced
CLM008749,2022-04-17,SALE057528,Completed
CLM008750,2025-12-19,SALE057531,Completed
CLM008751,2025-09-27,SALE057539,Completed
CLM008752,2025-12-31,SALE057540,Paid Repaired
CLM008753,2025-11-07,SALE057543,Completed
CLM008754,2025-03-26,SALE057556,Completed
CLM008755,2023-08-30,SALE057560,Pending
CLM008756,2024-05-21,SALE057561,Completed
CLM008757,2024-02-26,SALE057570,Pending
CLM008758,2025-08-18,SALE057581,Warranty Void
CLM008759,2023-11-11,SALE057583,Completed
CLM008760,2022-10-21,SALE057601,Replaced
CLM008761,2024-09-02,SALE057624,Replaced
CLM008762,2025-12-31,SALE057628,Replaced
CLM008763,2023-06-10,SALE057629,Rejected
CLM008764,2022-03-19,SALE057637,Pending
CLM008765,2024-03-23,SALE057641,Completed
CLM008766,2024-02-05,SALE057645,Replaced
CLM008767,2024-04-13,SALE057653,Completed
CLM008768,2024-01-11,SALE057658,Warranty Void
CLM008769,2025-01-16,SALE057662,Completed
CLM008770,2023-11-20,SALE057663,Completed
CLM008771,2020-09-14,SALE057664,Warranty Void
CLM008772,2025-11-05,SALE057665,Completed
CLM008773,2023-11-07,SALE057673,Completed
CLM008774,2021-08-08,SALE057676,Replaced
CLM008775,2024-10-05,SALE057679,Paid Repaired
CLM008776,2025-03-23,SALE057683,Completed
CLM008777,2023-01-02,SALE057692,Paid Repaired
CLM008778,2023-05-09,SALE057693,Completed
CLM008779,2021-07-05,SALE057702,Completed
CLM008780,2022-08-13,SALE057710,Replaced
CLM008781,2024-09-08,SALE057716,Completed
CLM008782,2023-11-29,SALE057722,Pending
CLM008783,2023-08-16,SALE057725,Paid Repaired
CLM008784,2023-04-23,SALE057727,Paid Repaired
CLM008785,2024-04-23,SALE057730,Warranty Void
CLM008786,2021-09-04,SALE057734,Pending
CLM008787,2023-04-28,SALE057738,Completed
CLM008788,2020-04-28,SALE057739,Rejected
CLM008789,2022-03-27,SALE057741,Warranty Void
CLM008790,2022-07-15,SALE057742,Paid Repaired
CLM008791,2021-11-03,SALE057744,Warranty Void
CLM008792,2025-12-31,SALE057756,Completed
CLM008793,2025-03-07,SALE057757,Completed
CLM008794,2021-01-04,SALE057759,Replaced
CLM008795,2025-12-31,SALE057802,Completed
CLM008796,2022-03-20,SALE057804,Warranty Void
CLM008797,2025-06-28,SALE057805,Completed
CLM008798,2024-08-24,SALE057808,Paid Repaired
CLM008799,2025-02-07,SALE057819,Completed
CLM008800,2021-08-31,SALE057830,Replaced
CLM008801,2023-04-02,SALE057831,Pending
CLM008802,2023-12-05,SALE057837,Paid Repaired
CLM008803,2021-12-17,SALE057858,Paid Repaired
CLM008804,2022-08-25,SALE057859,Warranty Void
CLM008805,2025-03-16,SALE057862,Rejected
CLM008806,2021-09-17,SALE057863,Rejected
CLM008807,2025-09-01,SALE057873,Pending
CLM008808,2024-04-07,SALE057886,Replaced
CLM008809,2025-12-31,SALE057893,Replaced
CLM008810,2024-04-20,SALE057898,Completed
CLM008811,2024-11-26,SALE057899,Replaced
CLM008812,2022-02-15,SALE057903,Replaced
CLM008813,2023-09-16,SALE057904,Completed
CLM008814,2023-04-14,SALE057908,Completed
CLM008815,2024-07-31,SALE057909,Completed
CLM008816,2022-06-05,SALE057912,Completed
CLM008817,2024-08-01,SALE057915,Paid Repaired
CLM008818,2024-07-02,SALE057924,Replaced
CLM008819,2020-05-20,SALE057935,Completed
CLM008820,2021-10-09,SALE057938,Replaced
CLM008821,2025-08-19,SALE057939,Replaced
CLM008822,2022-07-19,SALE057941,Completed
CLM008823,2024-10-20,SALE057942,Paid Repaired
CLM008824,2022-06-14,SALE057944,Completed
CLM008825,2022-10-03,SALE057946,Rejected
CLM008826,2024-11-10,SALE057949,Completed
CLM008827,2025-09-04,SALE057950,Completed
CLM008828,2024-04-12,SALE057974,Completed
CLM008829,2025-01-13,SALE057976,Completed
CLM008830,2024-11-07,SALE057979,Pending
CLM008831,2024-09-04,SALE057980,Completed
CLM008832,2021-07-27,SALE057984,Completed
CLM008833,2022-04-20,SALE057994,Completed
CLM008834,2023-08-01,SALE058000,Rejected
CLM008835,2021-09-17,SALE058010,Completed
CLM008836,2024-07-24,SALE058019,Completed
CLM008837,2024-09-28,SALE058020,Replaced
CLM008838,2021-10-24,SALE058030,Completed
CLM008839,2021-02-15,SALE058049,Completed
CLM008840,2025-06-26,SALE058051,Replaced
CLM008841,2025-07-05,SALE058053,Completed
CLM008842,2024-06-13,SALE058056,Replaced
CLM008843,2022-06-17,SALE058057,Pending
CLM008844,2021-09-19,SALE058061,Completed
CLM008845,2024-05-28,SALE058064,Replaced
CLM008846,2023-05-23,SALE058067,Warranty Void
CLM008847,2025-12-31,SALE058074,Pending
CLM008848,2021-12-29,SALE058091,Completed
CLM008849,2022-06-30,SALE058092,Replaced
CLM008850,2020-11-25,SALE058097,Replaced
CLM008851,2021-12-17,SALE058102,Completed
CLM008852,2022-01-22,SALE058108,Paid Repaired
CLM008853,2023-05-18,SALE058111,Completed
CLM008854,2024-04-26,SALE058116,Completed
CLM008855,2024-01-17,SALE058118,Warranty Void
CLM008856,2023-08-23,SALE058119,Warranty Void
CLM008857,2021-07-13,SALE058121,Pending
CLM008858,2024-07-14,SALE058124,Replaced
CLM008859,2021-10-19,SALE058127,Completed
CLM008860,2025-12-31,SALE058146,Paid Repaired
CLM008861,2024-12-17,SALE058148,Warranty Void
CLM008862,2022-05-13,SALE058149,Completed
CLM008863,2025-06-07,SALE058161,Warranty Void
CLM008864,2024-05-13,SALE058165,Completed
CLM008865,2023-06-14,SALE058169,Pending
CLM008866,2025-12-31,SALE058172,Paid Repaired
CLM008867,2021-06-24,SALE058175,Completed
CLM008868,2022-05-12,SALE058178,Completed
CLM008869,2025-08-23,SALE058182,Warranty Void
CLM008870,2024-09-15,SALE058187,Paid Repaired
CLM008871,2020-10-02,SALE058201,Completed
CLM008872,2024-11-03,SALE058203,Replaced
CLM008873,2025-07-30,SALE058204,Rejected
CLM008874,2021-08-30,SALE058212,Completed
CLM008875,2025-06-22,SALE058216,Warranty Void
CLM008876,2025-02-09,SALE058221,Completed
CLM008877,2024-07-19,SALE058228,Pending
CLM008878,2024-01-28,SALE058234,Pending
CLM008879,2024-06-01,SALE058239,Paid Repaired
CLM008880,2021-02-26,SALE058242,Replaced
CLM008881,2024-04-01,SALE058246,Completed
CLM008882,2023-05-07,SALE058250,Paid Repaired
CLM008883,2022-01-03,SALE058271,Completed
CLM008884,2025-12-31,SALE058309,Completed
CLM008885,2021-04-17,SALE058330,Warranty Void
CLM008886,2023-02-27,SALE058331,Completed
CLM008887,2024-09-28,SALE058334,Completed
CLM008888,2020-11-28,SALE058338,Completed
CLM008889,2023-02-16,SALE058340,Paid Repaired
CLM008890,2025-04-18,SALE058348,Replaced
CLM008891,2020-10-05,SALE058353,Rejected
CLM008892,2022-04-23,SALE058361,Warranty Void
CLM008893,2025-05-27,SALE058363,Completed
CLM008894,2021-08-01,SALE058364,Completed
CLM008895,2024-07-28,SALE058369,Replaced
CLM008896,2025-11-14,SALE058370,Completed
CLM008897,2025-06-21,SALE058378,Pending
CLM008898,2023-09-10,SALE058384,Completed
CLM008899,2025-12-31,SALE058386,Rejected
CLM008900,2023-07-24,SALE058394,Warranty Void
CLM008901,2024-08-03,SALE058403,Paid Repaired
CLM008902,2024-06-12,SALE058405,Replaced
CLM008903,2023-05-29,SALE058418,Completed
CLM008904,2023-08-17,SALE058426,Paid Repaired
CLM008905,2023-09-12,SALE058427,Completed
CLM008906,2023-01-31,SALE058428,Replaced
CLM008907,2021-03-22,SALE058437,Completed
CLM008908,2025-12-31,SALE058440,Paid Repaired
CLM008909,2022-08-02,SALE058444,Completed
CLM008910,2024-07-05,SALE058445,Pending
CLM008911,2023-04-24,SALE058448,Pending
CLM008912,2021-12-12,SALE058461,Completed
CLM008913,2021-12-03,SALE058473,Warranty Void
CLM008914,2021-05-30,SALE058475,Completed
CLM008915,2024-03-17,SALE058480,Completed
CLM008916,2024-03-14,SALE058484,Paid Repaired
CLM008917,2024-07-29,SALE058491,Completed
CLM008918,2024-07-16,SALE058498,Rejected
CLM008919,2021-11-11,SALE058507,Paid Repaired
CLM008920,2024-08-04,SALE058511,Paid Repaired
CLM008921,2022-11-20,SALE058529,Completed
CLM008922,2024-12-26,SALE058530,Completed
CLM008923,2021-10-21,SALE058531,Warranty Void
CLM008924,2024-04-13,SALE058539,Replaced
CLM008925,2024-12-13,SALE058542,Replaced
CLM008926,2024-06-01,SALE058547,Paid Repaired
CLM008927,2021-05-19,SALE058551,Completed
CLM008928,2021-07-10,SALE058553,Completed
CLM008929,2021-06-07,SALE058564,Replaced
CLM008930,2025-01-21,SALE058570,Replaced
CLM008931,2025-01-21,SALE058576,Paid Repaired
CLM008932,2022-10-24,SALE058577,Completed
CLM008933,2024-01-11,SALE058580,Pending
CLM008934,2024-01-04,SALE058585,Replaced
CLM008935,2023-01-02,SALE058590,Completed
CLM008936,2025-12-31,SALE058596,Paid Repaired
CLM008937,2023-01-28,SALE058597,Replaced
CLM008938,2025-08-16,SALE058602,Completed
CLM008939,2022-03-19,SALE058605,Completed
CLM008940,2022-05-05,SALE058606,Completed
CLM008941,2023-07-19,SALE058608,Completed
CLM008942,2025-08-31,SALE058615,Completed
CLM008943,2025-06-16,SALE058627,Replaced
CLM008944,2025-02-05,SALE058639,Completed
CLM008945,2024-06-28,SALE058641,Replaced
CLM008946,2023-11-14,SALE058648,Paid Repaired
CLM008947,2024-09-25,SALE058649,Completed
CLM008948,2023-02-25,SALE058656,Completed
CLM008949,2025-03-08,SALE058662,Completed
CLM008950,2024-10-14,SALE058669,Replaced
CLM008951,2025-07-03,SALE058673,Warranty Void
CLM008952,2022-01-03,SALE058678,Completed
CLM008953,2022-07-18,SALE058681,Warranty Void
CLM008954,2024-04-19,SALE058689,Replaced
CLM008955,2024-09-06,SALE058690,Replaced
CLM008956,2023-08-03,SALE058701,Completed
CLM008957,2024-05-10,SALE058712,Completed
CLM008958,2025-05-07,SALE058721,Completed
CLM008959,2024-09-11,SALE058727,Completed
CLM008960,2024-08-14,SALE058728,Warranty Void
CLM008961,2024-07-21,SALE058731,Completed
CLM008962,2025-12-31,SALE058741,Replaced
CLM008963,2023-08-20,SALE058742,Pending
CLM008964,2020-11-13,SALE058747,Paid Repaired
CLM008965,2023-08-19,SALE058752,Replaced
CLM008966,2022-11-07,SALE058770,Completed
CLM008967,2024-05-08,SALE058771,Completed
CLM008968,2022-07-08,SALE058779,Completed
CLM008969,2021-01-22,SALE058781,Warranty Void
CLM008970,2021-02-09,SALE058794,Replaced
CLM008971,2020-10-09,SALE058795,Completed
CLM008972,2020-08-22,SALE058809,Completed
CLM008973,2023-09-21,SALE058810,Completed
CLM008974,2024-05-17,SALE058817,Paid Repaired
CLM008975,2023-07-24,SALE058822,Completed
CLM008976,2025-10-15,SALE058824,Rejected
CLM008977,2024-09-17,SALE058829,Completed
CLM008978,2024-01-25,SALE058842,Completed
CLM008979,2022-09-30,SALE058854,Pending
CLM008980,2022-04-28,SALE058858,Warranty Void
CLM008981,2024-11-27,SALE058861,Completed
CLM008982,2022-03-04,SALE058863,Completed
CLM008983,2024-09-30,SALE058864,Paid Repaired
CLM008984,2025-01-01,SALE058874,Pending
CLM008985,2023-02-10,SALE058882,Completed
CLM008986,2022-04-23,SALE058883,Replaced
CLM008987,2025-05-30,SALE058890,Replaced
CLM008988,2021-12-07,SALE058901,Replaced
CLM008989,2025-12-31,SALE058908,Completed
CLM008990,2025-07-23,SALE058910,Pending
CLM008991,2023-07-21,SALE058913,Replaced
CLM008992,2025-01-12,SALE058915,Pending
CLM008993,2021-01-14,SALE058918,Replaced
CLM008994,2024-01-14,SALE058921,Completed
CLM008995,2021-04-10,SALE058925,Completed
CLM008996,2025-12-31,SALE058932,Completed
CLM008997,2023-02-09,SALE058935,Pending
CLM008998,2023-04-08,SALE058937,Completed
CLM008999,2021-10-21,SALE058945,Warranty Void
CLM009000,2020-07-26,SALE058946,Completed
CLM009001,2022-12-29,SALE058951,Warranty Void
CLM009002,2024-11-01,SALE058954,Completed
CLM009003,2025-04-27,SALE059004,Paid Repaired
CLM009004,2022-01-27,SALE059006,Paid Repaired
CLM009005,2021-12-20,SALE059010,Completed
CLM009006,2024-07-09,SALE059012,Completed
CLM009007,2021-01-06,SALE059014,Completed
CLM009008,2023-04-19,SALE059016,Paid Repaired
CLM009009,2023-10-10,SALE059018,Completed
CLM009010,2024-01-11,SALE059027,Completed
CLM009011,2022-08-20,SALE059040,Pending
CLM009012,2023-02-09,SALE059041,Completed
CLM009013,2022-03-02,SALE059046,Completed
CLM009014,2023-12-06,SALE059049,Warranty Void
CLM009015,2023-09-18,SALE059072,Replaced
CLM009016,2023-03-20,SALE059090,Completed
CLM009017,2024-12-23,SALE059093,Rejected
CLM009018,2025-09-22,SALE059113,Completed
CLM009019,2022-01-27,SALE059140,Pending
CLM009020,2024-09-12,SALE059144,Completed
CLM009021,2020-11-28,SALE059145,Completed
CLM009022,2024-02-12,SALE059154,Replaced
CLM009023,2024-03-06,SALE059156,Completed
CLM009024,2023-08-11,SALE059163,Replaced
CLM009025,2021-08-13,SALE059169,Replaced
CLM009026,2024-09-16,SALE059173,Paid Repaired
CLM009027,2025-08-31,SALE059193,Completed
CLM009028,2021-08-17,SALE059204,Completed
CLM009029,2024-09-10,SALE059207,Completed
CLM009030,2024-05-06,SALE059209,Completed
CLM009031,2022-05-29,SALE059216,Completed
CLM009032,2023-01-08,SALE059217,Paid Repaired
CLM009033,2023-03-03,SALE059220,Paid Repaired
CLM009034,2023-10-17,SALE059222,Completed
CLM009035,2021-02-15,SALE059223,Completed
CLM009036,2021-03-20,SALE059243,Replaced
CLM009037,2021-09-04,SALE059248,Completed
CLM009038,2023-04-21,SALE059249,Rejected
CLM009039,2024-04-10,SALE059252,Completed
CLM009040,2022-02-22,SALE059254,Completed
CLM009041,2025-03-23,SALE059255,Paid Repaired
CLM009042,2022-09-22,SALE059256,Completed
CLM009043,2020-12-23,SALE059269,Paid Repaired
CLM009044,2025-11-11,SALE059278,Replaced
CLM009045,2020-05-27,SALE059280,Completed
CLM009046,2022-05-30,SALE059284,Pending
CLM009047,2024-06-06,SALE059291,Completed
CLM009048,2023-08-20,SALE059292,Completed
CLM009049,2024-09-22,SALE059299,Completed
CLM009050,2020-07-15,SALE059300,Completed
CLM009051,2024-11-02,SALE059307,Replaced
CLM009052,2022-08-06,SALE059309,Completed
CLM009053,2024-04-16,SALE059310,Warranty Void
CLM009054,2020-06-03,SALE059312,Completed
CLM009055,2024-05-06,SALE059316,Replaced
CLM009056,2023-05-14,SALE059320,Completed
CLM009057,2023-02-10,SALE059321,Completed
CLM009058,2025-10-02,SALE059324,Completed
CLM009059,2025-12-31,SALE059327,Replaced
CLM009060,2021-05-04,SALE059342,Completed
CLM009061,2025-12-31,SALE059343,Replaced
CLM009062,2022-03-06,SALE059351,Replaced
CLM009063,2024-01-10,SALE059357,Replaced
CLM009064,2025-03-31,SALE059360,Warranty Void
CLM009065,2023-07-11,SALE059364,Completed
CLM009066,2024-02-07,SALE059376,Completed
CLM009067,2022-01-20,SALE059378,Completed
CLM009068,2025-04-12,SALE059384,Rejected
CLM009069,2025-12-01,SALE059393,Replaced
CLM009070,2025-01-07,SALE059395,Completed
CLM009071,2022-10-09,SALE059406,Paid Repaired
CLM009072,2023-12-13,SALE059412,Replaced
CLM009073,2025-12-31,SALE059413,Completed
CLM009074,2020-06-24,SALE059414,Replaced
CLM009075,2022-07-21,SALE059421,Completed
CLM009076,2023-03-18,SALE059422,Pending
CLM009077,2024-03-06,SALE059426,Completed
CLM009078,2025-07-31,SALE059428,Warranty Void
CLM009079,2023-03-18,SALE059441,Completed
CLM009080,2025-12-31,SALE059446,Completed
CLM009081,2022-12-02,SALE059449,Replaced
CLM009082,2025-12-31,SALE059454,Completed
CLM009083,2021-03-13,SALE059458,Pending
CLM009084,2024-09-22,SALE059459,Completed
CLM009085,2025-12-31,SALE059461,Warranty Void
CLM009086,2022-08-17,SALE059468,Paid Repaired
CLM009087,2024-10-13,SALE059475,Replaced
CLM009088,2023-03-23,SALE059479,Rejected
CLM009089,2024-07-29,SALE059486,Completed
CLM009090,2024-10-24,SALE059491,Completed
CLM009091,2023-06-19,SALE059497,Completed
CLM009092,2022-05-27,SALE059505,Rejected
CLM009093,2024-12-20,SALE059511,Pending
CLM009094,2025-12-31,SALE059512,Completed
CLM009095,2023-02-21,SALE059523,Completed
CLM009096,2025-12-31,SALE059529,Completed
CLM009097,2023-05-09,SALE059534,Paid Repaired
CLM009098,2022-05-12,SALE059539,Pending
CLM009099,2025-03-04,SALE059544,Replaced
CLM009100,2025-08-20,SALE059546,Warranty Void
CLM009101,2021-03-10,SALE059548,Completed
CLM009102,2022-10-17,SALE059563,Replaced
CLM009103,2025-03-27,SALE059568,Pending
CLM009104,2022-04-17,SALE059569,Completed
CLM009105,2021-01-24,SALE059573,Replaced
CLM009106,2024-10-23,SALE059582,Pending
CLM009107,2023-10-24,SALE059595,Completed
CLM009108,2023-04-16,SALE059611,Paid Repaired
CLM009109,2023-10-12,SALE059618,Completed
CLM009110,2023-11-03,SALE059620,Rejected
CLM009111,2023-05-12,SALE059625,Paid Repaired
CLM009112,2021-09-27,SALE059628,Completed
CLM009113,2023-10-05,SALE059637,Replaced
CLM009114,2025-06-26,SALE059638,Pending
CLM009115,2023-04-23,SALE059643,Completed
CLM009116,2025-12-31,SALE059656,Pending
CLM009117,2023-04-12,SALE059658,Completed
CLM009118,2025-02-24,SALE059659,Pending
CLM009119,2024-03-08,SALE059660,Paid Repaired
CLM009120,2023-03-27,SALE059668,Completed
CLM009121,2022-01-16,SALE059680,Completed
CLM009122,2023-12-16,SALE059682,Completed
CLM009123,2021-12-08,SALE059690,Completed
CLM009124,2024-09-23,SALE059693,Completed
CLM009125,2021-05-15,SALE059694,Pending
CLM009126,2024-10-26,SALE059732,Replaced
CLM009127,2022-08-03,SALE059733,Pending
CLM009128,2024-03-29,SALE059738,Completed
CLM009129,2022-09-14,SALE059739,Completed
CLM009130,2021-02-10,SALE059750,Completed
CLM009131,2021-08-06,SALE059751,Replaced
CLM009132,2024-07-15,SALE059757,Pending
CLM009133,2025-04-04,SALE059762,Completed
CLM009134,2022-01-26,SALE059767,Completed
CLM009135,2020-09-20,SALE059776,Pending
CLM009136,2024-03-24,SALE059781,Completed
CLM009137,2022-10-17,SALE059794,Replaced
CLM009138,2024-07-18,SALE059797,Pending
CLM009139,2024-04-18,SALE059799,Paid Repaired
CLM009140,2025-04-26,SALE059802,Completed
CLM009141,2024-05-22,SALE059809,Paid Repaired
CLM009142,2023-03-17,SALE059823,Completed
CLM009143,2021-09-10,SALE059825,Paid Repaired
CLM009144,2021-11-04,SALE059834,Replaced
CLM009145,2025-06-03,SALE059849,Replaced
CLM009146,2025-10-28,SALE059852,Pending
CLM009147,2022-08-03,SALE059862,Paid Repaired
CLM009148,2024-12-26,SALE059884,Completed
CLM009149,2024-10-22,SALE059894,Completed
CLM009150,2022-02-27,SALE059895,Completed
CLM009151,2024-03-10,SALE059907,Completed
CLM009152,2022-01-17,SALE059909,Rejected
CLM009153,2022-01-23,SALE059913,Completed
CLM009154,2025-03-25,SALE059918,Paid Repaired
CLM009155,2023-12-16,SALE059919,Completed
CLM009156,2025-07-06,SALE059922,Pending
CLM009157,2023-06-22,SALE059923,Pending
CLM009158,2023-04-06,SALE059926,Replaced
CLM009159,2021-11-29,SALE059931,Completed
CLM009160,2025-06-11,SALE059935,Pending
CLM009161,2024-07-28,SALE059942,Rejected
CLM009162,2023-12-05,SALE059953,Completed
CLM009163,2023-04-03,SALE059969,Completed
CLM009164,2021-07-02,SALE059974,Pending
CLM009165,2022-07-22,SALE059975,Replaced
CLM009166,2021-08-20,SALE059976,Replaced
CLM009167,2024-01-12,SALE059978,Completed
CLM009168,2025-04-28,SALE059983,Completed
CLM009169,2025-11-10,SALE059987,Completed
CLM009170,2024-11-16,SALE060003,Replaced
CLM009171,2022-03-25,SALE060005,Warranty Void
CLM009172,2023-09-29,SALE060030,Replaced
CLM009173,2020-12-04,SALE060039,Completed
CLM009174,2023-08-24,SALE060058,Completed
CLM009175,2023-02-13,SALE060064,Warranty Void
CLM009176,2022-06-29,SALE060070,Completed
CLM009177,2023-09-01,SALE060072,Warranty Void
CLM009178,2021-08-16,SALE060073,Completed
CLM009179,2025-12-31,SALE060078,Replaced
CLM009180,2024-12-14,SALE060080,Completed
CLM009181,2024-12-31,SALE060096,Completed
CLM009182,2020-11-30,SALE060099,Replaced
CLM009183,2024-03-06,SALE060106,Paid Repaired
CLM009184,2024-06-25,SALE060110,Completed
CLM009185,2024-06-28,SALE060111,Completed
CLM009186,2024-04-28,SALE060121,Pending
CLM009187,2021-12-04,SALE060125,Replaced
CLM009188,2025-08-27,SALE060131,Completed
CLM009189,2024-04-26,SALE060132,Pending
CLM009190,2024-05-04,SALE060136,Completed
CLM009191,2023-04-18,SALE060139,Completed
CLM009192,2024-07-16,SALE060140,Completed
CLM009193,2021-08-17,SALE060151,Completed
CLM009194,2023-05-07,SALE060159,Completed
CLM009195,2023-08-31,SALE060171,Completed
CLM009196,2024-08-09,SALE060172,Completed
CLM009197,2022-12-17,SALE060175,Completed
CLM009198,2024-11-20,SALE060182,Completed
CLM009199,2021-01-12,SALE060185,Completed
CLM009200,2025-03-21,SALE060186,Completed
CLM009201,2024-05-04,SALE060194,Completed
CLM009202,2023-12-16,SALE060203,Completed
CLM009203,2024-12-08,SALE060204,Completed
CLM009204,2023-12-29,SALE060206,Completed
CLM009205,2021-08-26,SALE060209,Replaced
CLM009206,2023-08-07,SALE060222,Replaced
CLM009207,2020-11-23,SALE060235,Replaced
CLM009208,2025-05-08,SALE060247,Replaced
CLM009209,2023-06-11,SALE060248,Paid Repaired
CLM009210,2025-09-02,SALE060253,Rejected
CLM009211,2021-12-28,SALE060258,Completed
CLM009212,2023-07-17,SALE060261,Warranty Void
CLM009213,2020-08-13,SALE060265,Completed
CLM009214,2021-06-19,SALE060266,Completed
CLM009215,2022-10-12,SALE060275,Paid Repaired
CLM009216,2021-03-04,SALE060278,Completed
CLM009217,2024-12-31,SALE060291,Replaced
CLM009218,2023-11-03,SALE060298,Completed
CLM009219,2024-12-31,SALE060304,Pending
CLM009220,2021-05-30,SALE060307,Completed
CLM009221,2025-12-15,SALE060312,Paid Repaired
CLM009222,2024-05-27,SALE060315,Rejected
CLM009223,2024-05-16,SALE060338,Completed
CLM009224,2025-11-13,SALE060339,Completed
CLM009225,2025-01-25,SALE060340,Paid Repaired
CLM009226,2022-10-26,SALE060342,Rejected
CLM009227,2023-05-07,SALE060352,Completed
CLM009228,2025-05-15,SALE060360,Completed
CLM009229,2021-09-06,SALE060367,Completed
CLM009230,2021-05-22,SALE060373,Paid Repaired
CLM009231,2024-01-02,SALE060381,Replaced
CLM009232,2025-12-31,SALE060383,Paid Repaired
CLM009233,2025-12-31,SALE060390,Replaced
CLM009234,2023-01-04,SALE060393,Completed
CLM009235,2021-06-18,SALE060401,Rejected
CLM009236,2025-12-31,SALE060409,Rejected
CLM009237,2025-03-12,SALE060411,Pending
CLM009238,2023-07-01,SALE060419,Completed
CLM009239,2024-11-27,SALE060420,Completed
CLM009240,2023-12-22,SALE060422,Replaced
CLM009241,2023-07-30,SALE060430,Completed
CLM009242,2022-04-07,SALE060437,Completed
CLM009243,2025-12-31,SALE060445,Paid Repaired
CLM009244,2023-10-04,SALE060447,Paid Repaired
CLM009245,2021-08-19,SALE060449,Completed
CLM009246,2023-01-11,SALE060467,Completed
CLM009247,2023-03-31,SALE060472,Replaced
CLM009248,2022-05-27,SALE060477,Completed
CLM009249,2023-02-21,SALE060482,Paid Repaired
CLM009250,2022-05-24,SALE060484,Completed
CLM009251,2021-12-03,SALE060490,Rejected
CLM009252,2021-08-10,SALE060493,Paid Repaired
CLM009253,2021-03-01,SALE060494,Completed
CLM009254,2021-10-13,SALE060506,Pending
CLM009255,2021-07-23,SALE060511,Pending
CLM009256,2024-10-05,SALE060514,Pending
CLM009257,2024-01-03,SALE060522,Warranty Void
CLM009258,2025-06-25,SALE060527,Paid Repaired
CLM009259,2024-05-23,SALE060530,Replaced
CLM009260,2024-09-23,SALE060532,Paid Repaired
CLM009261,2021-06-27,SALE060535,Pending
CLM009262,2021-01-22,SALE060536,Paid Repaired
CLM009263,2024-07-04,SALE060538,Completed
CLM009264,2022-05-25,SALE060539,Warranty Void
CLM009265,2024-01-18,SALE060541,Pending
CLM009266,2022-04-17,SALE060553,Completed
CLM009267,2022-09-07,SALE060557,Warranty Void
CLM009268,2024-08-11,SALE060563,Rejected
CLM009269,2021-08-01,SALE060564,Completed
CLM009270,2020-12-06,SALE060571,Completed
CLM009271,2022-01-13,SALE060577,Completed
CLM009272,2023-06-23,SALE060579,Completed
CLM009273,2023-05-29,SALE060587,Replaced
CLM009274,2023-02-15,SALE060592,Completed
CLM009275,2020-12-21,SALE060594,Pending
CLM009276,2021-05-19,SALE060596,Replaced
CLM009277,2025-12-31,SALE060601,Completed
CLM009278,2024-05-01,SALE060606,Replaced
CLM009279,2023-12-06,SALE060609,Replaced
CLM009280,2023-09-07,SALE060618,Completed
CLM009281,2023-07-05,SALE060636,Warranty Void
CLM009282,2020-11-18,SALE060642,Pending
CLM009283,2023-09-21,SALE060646,Paid Repaired
CLM009284,2023-03-24,SALE060656,Completed
CLM009285,2024-02-09,SALE060663,Replaced
CLM009286,2024-12-20,SALE060665,Rejected
CLM009287,2023-09-19,SALE060667,Replaced
CLM009288,2023-03-21,SALE060668,Replaced
CLM009289,2025-12-31,SALE060672,Completed
CLM009290,2020-11-08,SALE060673,Completed
CLM009291,2021-10-03,SALE060676,Completed
CLM009292,2022-12-25,SALE060679,Pending
CLM009293,2021-04-10,SALE060680,Paid Repaired
CLM009294,2024-02-14,SALE060684,Completed
CLM009295,2022-09-23,SALE060700,Rejected
CLM009296,2020-04-21,SALE060706,Pending
CLM009297,2025-11-10,SALE060717,Pending
CLM009298,2021-08-29,SALE060723,Completed
CLM009299,2022-09-11,SALE060743,Paid Repaired
CLM009300,2020-09-24,SALE060754,Completed
CLM009301,2024-07-26,SALE060761,Paid Repaired
CLM009302,2025-12-31,SALE060775,Completed
CLM009303,2024-05-13,SALE060781,Completed
CLM009304,2023-04-06,SALE060783,Rejected
CLM009305,2025-03-12,SALE060786,Replaced
CLM009306,2020-08-02,SALE060793,Replaced
CLM009307,2021-11-02,SALE060804,Warranty Void
CLM009308,2022-09-25,SALE060813,Completed
CLM009309,2021-07-25,SALE060814,Completed
CLM009310,2023-08-29,SALE060817,Pending
CLM009311,2021-06-09,SALE060821,Replaced
CLM009312,2025-06-30,SALE060827,Completed
CLM009313,2023-10-20,SALE060829,Completed
CLM009314,2023-11-05,SALE060831,Pending
CLM009315,2025-06-05,SALE060841,Paid Repaired
CLM009316,2021-10-29,SALE060860,Completed
CLM009317,2024-07-25,SALE060862,Completed
CLM009318,2023-12-17,SALE060873,Replaced
CLM009319,2025-02-26,SALE060877,Paid Repaired
CLM009320,2023-02-16,SALE060880,Completed
CLM009321,2022-09-18,SALE060882,Paid Repaired
CLM009322,2024-01-18,SALE060885,Replaced
CLM009323,2024-01-13,SALE060898,Replaced
CLM009324,2023-02-23,SALE060908,Completed
CLM009325,2024-07-16,SALE060913,Paid Repaired
CLM009326,2021-11-18,SALE060928,Paid Repaired
CLM009327,2023-06-03,SALE060929,Replaced
CLM009328,2022-08-28,SALE060932,Paid Repaired
CLM009329,2025-12-31,SALE060939,Paid Repaired
CLM009330,2025-12-31,SALE060940,Completed
CLM009331,2024-09-09,SALE060945,Completed
CLM009332,2025-01-05,SALE060947,Completed
CLM009333,2024-07-09,SALE060951,Replaced
CLM009334,2023-02-08,SALE060953,Completed
CLM009335,2025-04-27,SALE060956,Completed
CLM009336,2025-12-31,SALE060971,Replaced
CLM009337,2023-03-16,SALE060977,Pending
CLM009338,2023-06-26,SALE061003,Warranty Void
CLM009339,2023-09-11,SALE061009,Completed
CLM009340,2021-12-21,SALE061018,Completed
CLM009341,2025-12-31,SALE061020,Warranty Void
CLM009342,2021-05-26,SALE061024,Completed
CLM009343,2022-09-14,SALE061025,Completed
CLM009344,2022-04-21,SALE061035,Replaced
CLM009345,2022-04-16,SALE061044,Paid Repaired
CLM009346,2025-11-02,SALE061046,Completed
CLM009347,2022-09-21,SALE061055,Completed
CLM009348,2021-10-22,SALE061057,Replaced
CLM009349,2025-12-31,SALE061061,Completed
CLM009350,2024-08-10,SALE061066,Paid Repaired
CLM009351,2022-02-10,SALE061089,Paid Repaired
CLM009352,2025-02-09,SALE061091,Rejected
CLM009353,2023-10-28,SALE061092,Paid Repaired
CLM009354,2024-02-21,SALE061096,Completed
CLM009355,2021-02-09,SALE061104,Completed
CLM009356,2025-06-13,SALE061110,Warranty Void
CLM009357,2025-06-08,SALE061116,Completed
CLM009358,2025-01-21,SALE061117,Completed
CLM009359,2025-04-24,SALE061119,Completed
CLM009360,2024-10-03,SALE061123,Paid Repaired
CLM009361,2025-07-05,SALE061133,Completed
CLM009362,2021-07-02,SALE061146,Completed
CLM009363,2021-06-24,SALE061150,Pending
CLM009364,2025-07-08,SALE061162,Replaced
CLM009365,2021-05-28,SALE061164,Completed
CLM009366,2025-02-23,SALE061170,Paid Repaired
CLM009367,2022-12-03,SALE061179,Completed
CLM009368,2025-12-31,SALE061203,Pending
CLM009369,2025-03-11,SALE061223,Completed
CLM009370,2024-07-21,SALE061229,Completed
CLM009371,2024-07-08,SALE061232,Paid Repaired
CLM009372,2022-01-07,SALE061234,Replaced
CLM009373,2021-09-25,SALE061243,Completed
CLM009374,2024-04-24,SALE061251,Completed
CLM009375,2023-07-29,SALE061254,Replaced
CLM009376,2021-05-26,SALE061263,Completed
CLM009377,2023-05-25,SALE061273,Completed
CLM009378,2025-04-03,SALE061283,Completed
CLM009379,2024-08-07,SALE061284,Pending
CLM009380,2024-01-01,SALE061288,Completed
CLM009381,2023-08-02,SALE061289,Completed
CLM009382,2024-11-27,SALE061292,Paid Repaired
CLM009383,2024-11-22,SALE061300,Replaced
CLM009384,2022-02-09,SALE061322,Completed
CLM009385,2020-09-13,SALE061323,Rejected
CLM009386,2024-08-12,SALE061325,Completed
CLM009387,2020-08-11,SALE061326,Completed
CLM009388,2024-11-30,SALE061328,Completed
CLM009389,2023-05-05,SALE061331,Replaced
CLM009390,2023-05-14,SALE061351,Rejected
CLM009391,2022-10-14,SALE061352,Completed
CLM009392,2022-06-29,SALE061361,Rejected
CLM009393,2025-12-31,SALE061363,Replaced
CLM009394,2020-03-25,SALE061364,Completed
CLM009395,2025-12-31,SALE061366,Pending
CLM009396,2024-12-14,SALE061368,Completed
CLM009397,2023-01-13,SALE061388,Rejected
CLM009398,2025-12-31,SALE061396,Completed
CLM009399,2025-02-27,SALE061405,Pending
CLM009400,2022-02-09,SALE061411,Replaced
CLM009401,2025-10-03,SALE061412,Completed
CLM009402,2022-07-31,SALE061417,Completed
CLM009403,2024-10-24,SALE061430,Replaced
CLM009404,2025-12-31,SALE061432,Completed
CLM009405,2024-09-08,SALE061433,Pending
CLM009406,2025-09-06,SALE061434,Completed
CLM009407,2024-09-01,SALE061438,Replaced
CLM009408,2022-11-08,SALE061441,Replaced
CLM009409,2023-10-01,SALE061449,Paid Repaired
CLM009410,2021-03-07,SALE061450,Completed
CLM009411,2024-02-04,SALE061451,Completed
CLM009412,2021-10-15,SALE061452,Completed
CLM009413,2023-07-15,SALE061453,Completed
CLM009414,2025-12-31,SALE061455,Completed
CLM009415,2021-10-27,SALE061458,Completed
CLM009416,2023-12-16,SALE061464,Completed
CLM009417,2025-08-06,SALE061476,Pending
CLM009418,2021-04-08,SALE061479,Replaced
CLM009419,2022-10-29,SALE061487,Completed
CLM009420,2021-08-28,SALE061489,Completed
CLM009421,2025-02-05,SALE061491,Paid Repaired
CLM009422,2023-07-16,SALE061495,Warranty Void
CLM009423,2022-11-02,SALE061496,Completed
CLM009424,2022-05-24,SALE061497,Warranty Void
CLM009425,2020-08-03,SALE061502,Completed
CLM009426,2022-07-14,SALE061503,Replaced
CLM009427,2025-02-18,SALE061509,Paid Repaired
CLM009428,2024-08-20,SALE061527,Paid Repaired
CLM009429,2023-01-10,SALE061536,Completed
CLM009430,2021-04-17,SALE061538,Completed
CLM009431,2024-01-27,SALE061545,Completed
CLM009432,2021-01-18,SALE061548,Completed
CLM009433,2025-03-15,SALE061549,Completed
CLM009434,2021-04-24,SALE061550,Replaced
CLM009435,2023-04-14,SALE061558,Replaced
CLM009436,2023-02-13,SALE061559,Pending
CLM009437,2024-12-26,SALE061563,Replaced
CLM009438,2021-08-15,SALE061569,Replaced
CLM009439,2022-09-08,SALE061584,Completed
CLM009440,2024-07-23,SALE061588,Completed
CLM009441,2024-11-30,SALE061589,Pending
CLM009442,2024-01-31,SALE061605,Completed
CLM009443,2025-12-31,SALE061611,Replaced
CLM009444,2025-11-04,SALE061614,Completed
CLM009445,2025-12-31,SALE061627,Completed
CLM009446,2025-05-26,SALE061636,Pending
CLM009447,2025-12-31,SALE061638,Warranty Void
CLM009448,2023-02-11,SALE061640,Replaced
CLM009449,2021-08-10,SALE061648,Completed
CLM009450,2020-10-08,SALE061655,Warranty Void
CLM009451,2021-02-07,SALE061657,Replaced
CLM009452,2022-11-11,SALE061661,Warranty Void
CLM009453,2021-06-12,SALE061663,Completed
CLM009454,2024-02-27,SALE061665,Replaced
CLM009455,2025-12-31,SALE061669,Replaced
CLM009456,2022-11-14,SALE061675,Completed
CLM009457,2021-09-12,SALE061679,Replaced
CLM009458,2024-04-18,SALE061683,Warranty Void
CLM009459,2025-06-12,SALE061685,Completed
CLM009460,2023-08-21,SALE061689,Paid Repaired
CLM009461,2025-06-19,SALE061693,Replaced
CLM009462,2023-05-06,SALE061700,Replaced
CLM009463,2023-12-20,SALE061709,Replaced
CLM009464,2023-02-09,SALE061729,Pending
CLM009465,2020-08-10,SALE061756,Completed
CLM009466,2023-04-30,SALE061760,Warranty Void
CLM009467,2022-12-19,SALE061779,Pending
CLM009468,2025-12-31,SALE061783,Replaced
CLM009469,2023-05-15,SALE061786,Rejected
CLM009470,2025-03-10,SALE061799,Completed
CLM009471,2024-03-14,SALE061802,Paid Repaired
CLM009472,2021-11-11,SALE061809,Warranty Void
CLM009473,2021-04-02,SALE061812,Completed
CLM009474,2023-07-12,SALE061817,Completed
CLM009475,2024-08-04,SALE061834,Completed
CLM009476,2021-01-17,SALE061841,Replaced
CLM009477,2024-11-25,SALE061842,Completed
CLM009478,2024-01-26,SALE061849,Completed
CLM009479,2023-09-01,SALE061857,Replaced
CLM009480,2023-03-19,SALE061858,Completed
CLM009481,2022-12-02,SALE061862,Completed
CLM009482,2024-11-29,SALE061866,Replaced
CLM009483,2024-05-24,SALE061870,Paid Repaired
CLM009484,2025-12-31,SALE061880,Replaced
CLM009485,2023-09-26,SALE061891,Replaced
CLM009486,2022-08-20,SALE061892,Pending
CLM009487,2022-02-05,SALE061895,Replaced
CLM009488,2021-03-12,SALE061913,Replaced
CLM009489,2022-11-27,SALE061914,Completed
CLM009490,2025-09-12,SALE061920,Rejected
CLM009491,2022-05-31,SALE061947,Paid Repaired
CLM009492,2025-12-31,SALE061951,Warranty Void
CLM009493,2023-05-09,SALE061960,Replaced
CLM009494,2021-09-14,SALE061963,Completed
CLM009495,2024-04-25,SALE061964,Completed
CLM009496,2024-12-04,SALE061991,Pending
CLM009497,2025-12-31,SALE061999,Rejected
CLM009498,2022-07-29,SALE062010,Completed
CLM009499,2021-08-21,SALE062015,Pending
CLM009500,2025-07-29,SALE062016,Pending
CLM009501,2023-10-04,SALE062018,Paid Repaired
CLM009502,2022-05-01,SALE062042,Pending
CLM009503,2025-12-31,SALE062045,Completed
CLM009504,2023-07-26,SALE062046,Pending
CLM009505,2025-03-23,SALE062047,Replaced
CLM009506,2022-09-07,SALE062063,Completed
CLM009507,2025-07-07,SALE062068,Completed
CLM009508,2024-03-04,SALE062079,Completed
CLM009509,2024-05-19,SALE062083,Warranty Void
CLM009510,2023-03-13,SALE062084,Warranty Void
CLM009511,2024-10-19,SALE062086,Completed
CLM009512,2025-10-02,SALE062091,Pending
CLM009513,2022-06-28,SALE062112,Warranty Void
CLM009514,2024-09-24,SALE062122,Completed
CLM009515,2022-11-22,SALE062124,Paid Repaired
CLM009516,2023-05-06,SALE062148,Paid Repaired
CLM009517,2022-05-28,SALE062174,Completed
CLM009518,2023-03-18,SALE062189,Completed
CLM009519,2025-02-14,SALE062195,Pending
CLM009520,2022-07-11,SALE062202,Completed
CLM009521,2021-01-23,SALE062212,Paid Repaired
CLM009522,2024-12-28,SALE062223,Completed
CLM009523,2025-07-01,SALE062224,Completed
CLM009524,2023-05-13,SALE062249,Completed
CLM009525,2024-02-27,SALE062250,Rejected
CLM009526,2020-10-06,SALE062254,Completed
CLM009527,2025-12-31,SALE062255,Completed
CLM009528,2025-04-19,SALE062257,Completed
CLM009529,2024-10-12,SALE062259,Replaced
CLM009530,2025-05-10,SALE062262,Completed
CLM009531,2025-12-31,SALE062280,Rejected
CLM009532,2023-02-02,SALE062282,Rejected
CLM009533,2024-10-13,SALE062285,Pending
CLM009534,2022-05-06,SALE062293,Paid Repaired
CLM009535,2023-06-20,SALE062297,Completed
CLM009536,2025-12-23,SALE062305,Replaced
CLM009537,2024-10-20,SALE062312,Paid Repaired
CLM009538,2023-03-11,SALE062321,Paid Repaired
CLM009539,2023-07-13,SALE062324,Replaced
CLM009540,2022-04-24,SALE062325,Replaced
CLM009541,2022-03-23,SALE062327,Pending
CLM009542,2022-03-16,SALE062332,Completed
CLM009543,2021-12-28,SALE062334,Paid Repaired
CLM009544,2025-12-31,SALE062339,Paid Repaired
CLM009545,2023-11-17,SALE062341,Paid Repaired
CLM009546,2024-09-05,SALE062343,Completed
CLM009547,2020-10-08,SALE062351,Completed
CLM009548,2023-01-16,SALE062356,Completed
CLM009549,2024-11-24,SALE062364,Completed
CLM009550,2025-12-31,SALE062368,Pending
CLM009551,2025-04-08,SALE062370,Replaced
CLM009552,2023-11-21,SALE062375,Pending
CLM009553,2022-09-21,SALE062378,Completed
CLM009554,2023-01-10,SALE062380,Paid Repaired
CLM009555,2025-07-12,SALE062384,Replaced
CLM009556,2023-10-18,SALE062396,Completed
CLM009557,2022-11-20,SALE062402,Replaced
CLM009558,2024-11-23,SALE062403,Completed
CLM009559,2022-06-11,SALE062408,Pending
CLM009560,2022-04-11,SALE062409,Completed
CLM009561,2020-08-11,SALE062410,Pending
CLM009562,2022-08-08,SALE062417,Paid Repaired
CLM009563,2024-01-21,SALE062420,Replaced
CLM009564,2021-01-04,SALE062434,Completed
CLM009565,2022-01-10,SALE062442,Completed
CLM009566,2024-10-02,SALE062452,Completed
CLM009567,2023-07-27,SALE062463,Pending
CLM009568,2025-03-11,SALE062470,Completed
CLM009569,2021-11-11,SALE062474,Paid Repaired
CLM009570,2023-04-23,SALE062492,Completed
CLM009571,2025-12-31,SALE062495,Paid Repaired
CLM009572,2025-03-02,SALE062498,Completed
CLM009573,2024-01-24,SALE062501,Pending
CLM009574,2023-11-16,SALE062502,Completed
CLM009575,2025-02-21,SALE062507,Warranty Void
CLM009576,2025-12-31,SALE062509,Completed
CLM009577,2023-03-29,SALE062511,Completed
CLM009578,2025-12-31,SALE062515,Rejected
CLM009579,2024-06-13,SALE062517,Replaced
CLM009580,2022-09-30,SALE062536,Completed
CLM009581,2024-03-26,SALE062547,Completed
CLM009582,2024-12-31,SALE062562,Completed
CLM009583,2024-09-06,SALE062563,Completed
CLM009584,2025-12-31,SALE062570,Replaced
CLM009585,2021-01-25,SALE062572,Completed
CLM009586,2020-07-08,SALE062585,Paid Repaired
CLM009587,2022-10-15,SALE062587,Completed
CLM009588,2021-08-09,SALE062594,Completed
CLM009589,2023-02-09,SALE062612,Completed
CLM009590,2021-11-06,SALE062623,Completed
CLM009591,2025-04-05,SALE062627,Pending
CLM009592,2023-02-16,SALE062629,Pending
CLM009593,2024-05-25,SALE062631,Replaced
CLM009594,2022-10-14,SALE062652,Replaced
CLM009595,2020-07-18,SALE062671,Completed
CLM009596,2021-03-17,SALE062676,Pending
CLM009597,2023-01-30,SALE062681,Completed
CLM009598,2025-03-30,SALE062685,Completed
CLM009599,2023-10-13,SALE062694,Completed
CLM009600,2021-06-20,SALE062708,Completed
CLM009601,2021-12-18,SALE062714,Paid Repaired
CLM009602,2022-03-04,SALE062722,Pending
CLM009603,2025-03-20,SALE062726,Rejected
CLM009604,2022-09-04,SALE062740,Rejected
CLM009605,2024-07-06,SALE062743,Paid Repaired
CLM009606,2023-02-26,SALE062748,Completed
CLM009607,2023-05-27,SALE062752,Replaced
CLM009608,2023-09-17,SALE062764,Replaced
CLM009609,2023-06-21,SALE062766,Paid Repaired
CLM009610,2022-03-04,SALE062771,Paid Repaired
CLM009611,2025-05-13,SALE062781,Rejected
CLM009612,2020-07-15,SALE062787,Pending
CLM009613,2025-12-31,SALE062799,Replaced
CLM009614,2022-02-20,SALE062812,Completed
CLM009615,2020-10-26,SALE062816,Warranty Void
CLM009616,2024-06-25,SALE062826,Completed
CLM009617,2020-12-01,SALE062842,Completed
CLM009618,2025-12-31,SALE062845,Completed
CLM009619,2022-01-22,SALE062851,Completed
CLM009620,2025-12-31,SALE062853,Completed
CLM009621,2025-06-07,SALE062854,Rejected
CLM009622,2025-01-04,SALE062861,Completed
CLM009623,2022-01-06,SALE062863,Paid Repaired
CLM009624,2025-10-05,SALE062865,Pending
CLM009625,2022-10-24,SALE062868,Replaced
CLM009626,2022-07-02,SALE062869,Completed
CLM009627,2023-08-30,SALE062875,Pending
CLM009628,2024-02-04,SALE062883,Completed
CLM009629,2022-05-27,SALE062887,Warranty Void
CLM009630,2023-04-08,SALE062893,Completed
CLM009631,2023-10-08,SALE062894,Paid Repaired
CLM009632,2025-12-31,SALE062902,Replaced
CLM009633,2024-07-13,SALE062904,Rejected
CLM009634,2024-08-17,SALE062912,Replaced
CLM009635,2022-01-25,SALE062914,Completed
CLM009636,2023-04-08,SALE062917,Completed
CLM009637,2022-07-16,SALE062918,Replaced
CLM009638,2022-08-23,SALE062921,Completed
CLM009639,2025-07-28,SALE062925,Paid Repaired
CLM009640,2025-12-31,SALE062930,Completed
CLM009641,2023-06-04,SALE062935,Completed
CLM009642,2022-04-11,SALE062936,Completed
CLM009643,2022-12-19,SALE062942,Completed
CLM009644,2021-11-12,SALE062944,Paid Repaired
CLM009645,2025-02-19,SALE062946,Replaced
CLM009646,2023-01-24,SALE062947,Completed
CLM009647,2022-12-10,SALE062967,Completed
CLM009648,2024-04-11,SALE062968,Paid Repaired
CLM009649,2021-12-27,SALE062973,Completed
CLM009650,2022-12-22,SALE062975,Completed
CLM009651,2023-10-03,SALE062980,Completed
CLM009652,2022-04-25,SALE062983,Completed
CLM009653,2021-10-27,SALE062984,Completed
CLM009654,2025-10-10,SALE062990,Paid Repaired
CLM009655,2024-07-26,SALE062993,Completed
CLM009656,2023-06-17,SALE062995,Paid Repaired
CLM009657,2022-06-17,SALE063015,Completed
CLM009658,2022-01-16,SALE063031,Completed
CLM009659,2023-09-16,SALE063037,Paid Repaired
CLM009660,2024-09-14,SALE063041,Completed
CLM009661,2024-02-24,SALE063044,Pending
CLM009662,2022-01-03,SALE063048,Pending
CLM009663,2024-03-26,SALE063053,Completed
CLM009664,2024-05-17,SALE063054,Completed
CLM009665,2021-05-29,SALE063060,Replaced
CLM009666,2021-12-15,SALE063069,Completed
CLM009667,2022-12-30,SALE063071,Replaced
CLM009668,2022-08-25,SALE063080,Completed
CLM009669,2023-02-28,SALE063085,Replaced
CLM009670,2022-04-16,SALE063093,Paid Repaired
CLM009671,2022-12-13,SALE063109,Completed
CLM009672,2025-12-26,SALE063112,Rejected
CLM009673,2023-02-21,SALE063113,Completed
CLM009674,2022-09-06,SALE063114,Completed
CLM009675,2023-08-05,SALE063116,Replaced
CLM009676,2025-06-14,SALE063119,Rejected
CLM009677,2024-08-24,SALE063135,Replaced
CLM009678,2025-06-15,SALE063148,Completed
CLM009679,2023-11-14,SALE063157,Completed
CLM009680,2023-01-29,SALE063180,Completed
CLM009681,2025-12-31,SALE063192,Replaced
CLM009682,2023-11-08,SALE063206,Completed
CLM009683,2023-09-27,SALE063224,Rejected
CLM009684,2021-11-26,SALE063228,Paid Repaired
CLM009685,2023-11-10,SALE063232,Replaced
CLM009686,2025-07-20,SALE063243,Pending
CLM009687,2024-07-31,SALE063253,Completed
CLM009688,2021-07-23,SALE063254,Pending
CLM009689,2022-12-18,SALE063255,Completed
CLM009690,2022-04-26,SALE063265,Paid Repaired
CLM009691,2022-01-21,SALE063284,Completed
CLM009692,2023-03-14,SALE063285,Completed
CLM009693,2023-02-27,SALE063288,Paid Repaired
CLM009694,2022-07-30,SALE063291,Warranty Void
CLM009695,2025-12-25,SALE063294,Completed
CLM009696,2021-04-04,SALE063295,Completed
CLM009697,2024-01-20,SALE063302,Completed
CLM009698,2023-09-17,SALE063304,Completed
CLM009699,2022-07-28,SALE063316,Completed
CLM009700,2025-07-23,SALE063317,Paid Repaired
CLM009701,2021-04-03,SALE063326,Pending
CLM009702,2021-09-23,SALE063335,Rejected
CLM009703,2022-10-10,SALE063337,Paid Repaired
CLM009704,2021-06-17,SALE063339,Completed
CLM009705,2025-05-14,SALE063340,Completed
CLM009706,2022-03-21,SALE063343,Replaced
CLM009707,2024-07-09,SALE063344,Pending
CLM009708,2021-01-15,SALE063349,Completed
CLM009709,2023-06-23,SALE063353,Completed
CLM009710,2023-12-30,SALE063361,Replaced
CLM009711,2025-03-01,SALE063365,Paid Repaired
CLM009712,2024-06-30,SALE063367,Completed
CLM009713,2025-02-23,SALE063368,Replaced
CLM009714,2023-04-28,SALE063371,Paid Repaired
CLM009715,2023-02-07,SALE063384,Completed
CLM009716,2023-12-16,SALE063402,Completed
CLM009717,2022-07-29,SALE063403,Paid Repaired
CLM009718,2022-09-21,SALE063406,Completed
CLM009719,2025-10-10,SALE063414,Paid Repaired
CLM009720,2020-10-23,SALE063429,Replaced
CLM009721,2022-12-18,SALE063434,Completed
CLM009722,2022-09-17,SALE063435,Completed
CLM009723,2022-03-14,SALE063439,Completed
CLM009724,2021-07-19,SALE063441,Completed
CLM009725,2021-06-20,SALE063445,Completed
CLM009726,2025-09-26,SALE063446,Completed
CLM009727,2024-10-19,SALE063449,Warranty Void
CLM009728,2021-08-14,SALE063451,Completed
CLM009729,2025-04-30,SALE063453,Completed
CLM009730,2021-06-18,SALE063455,Completed
CLM009731,2022-06-09,SALE063459,Completed
CLM009732,2023-07-03,SALE063461,Pending
CLM009733,2022-06-29,SALE063465,Pending
CLM009734,2023-02-15,SALE063466,Warranty Void
CLM009735,2022-03-14,SALE063477,Warranty Void
CLM009736,2025-01-26,SALE063486,Completed
CLM009737,2020-05-30,SALE063499,Completed
CLM009738,2024-07-15,SALE063500,Completed
CLM009739,2023-01-03,SALE063507,Replaced
CLM009740,2025-12-31,SALE063509,Rejected
CLM009741,2024-06-21,SALE063514,Completed
CLM009742,2022-06-04,SALE063519,Completed
CLM009743,2022-09-14,SALE063535,Rejected
CLM009744,2021-12-03,SALE063541,Replaced
CLM009745,2023-03-07,SALE063546,Rejected
CLM009746,2021-03-20,SALE063552,Paid Repaired
CLM009747,2022-06-07,SALE063553,Completed
CLM009748,2025-12-16,SALE063556,Completed
CLM009749,2024-01-06,SALE063564,Completed
CLM009750,2024-04-27,SALE063578,Rejected
CLM009751,2020-05-03,SALE063582,Paid Repaired
CLM009752,2024-11-15,SALE063585,Completed
CLM009753,2022-11-24,SALE063587,Rejected
CLM009754,2025-01-23,SALE063590,Paid Repaired
CLM009755,2023-03-03,SALE063594,Pending
CLM009756,2023-07-31,SALE063601,Replaced
CLM009757,2023-07-08,SALE063602,Pending
CLM009758,2023-07-14,SALE063609,Replaced
CLM009759,2023-04-07,SALE063610,Completed
CLM009760,2021-01-26,SALE063613,Warranty Void
CLM009761,2024-03-01,SALE063623,Warranty Void
CLM009762,2025-12-31,SALE063627,Paid Repaired
CLM009763,2023-09-30,SALE063638,Completed
CLM009764,2022-01-02,SALE063639,Completed
CLM009765,2021-07-04,SALE063643,Pending
CLM009766,2022-04-24,SALE063645,Paid Repaired
CLM009767,2025-12-31,SALE063647,Completed
CLM009768,2021-01-09,SALE063659,Completed
CLM009769,2024-04-21,SALE063662,Completed
CLM009770,2025-02-20,SALE063668,Completed
CLM009771,2023-09-03,SALE063671,Completed
CLM009772,2024-01-11,SALE063674,Completed
CLM009773,2025-06-14,SALE063677,Paid Repaired
CLM009774,2022-08-21,SALE063685,Replaced
CLM009775,2025-05-24,SALE063692,Warranty Void
CLM009776,2023-04-17,SALE063697,Completed
CLM009777,2021-05-18,SALE063701,Paid Repaired
CLM009778,2024-03-09,SALE063702,Completed
CLM009779,2023-07-14,SALE063705,Completed
CLM009780,2021-01-10,SALE063713,Completed
CLM009781,2024-11-16,SALE063720,Paid Repaired
CLM009782,2025-05-25,SALE063724,Pending
CLM009783,2022-10-08,SALE063737,Replaced
CLM009784,2024-10-16,SALE063738,Pending
CLM009785,2021-03-21,SALE063740,Completed
CLM009786,2022-04-14,SALE063742,Paid Repaired
CLM009787,2021-10-13,SALE063747,Completed
CLM009788,2024-01-23,SALE063748,Replaced
CLM009789,2023-11-23,SALE063749,Paid Repaired
CLM009790,2025-12-31,SALE063754,Completed
CLM009791,2025-07-22,SALE063764,Paid Repaired
CLM009792,2021-06-28,SALE063765,Replaced
CLM009793,2022-05-07,SALE063769,Warranty Void
CLM009794,2022-09-06,SALE063772,Completed
CLM009795,2024-08-03,SALE063801,Completed
CLM009796,2025-12-31,SALE063803,Completed
CLM009797,2025-05-09,SALE063804,Completed
CLM009798,2023-07-09,SALE063805,Pending
CLM009799,2025-03-14,SALE063811,Replaced
CLM009800,2023-09-29,SALE063815,Pending
CLM009801,2023-12-14,SALE063819,Completed
CLM009802,2022-02-26,SALE063822,Replaced
CLM009803,2024-02-01,SALE063833,Completed
CLM009804,2025-05-17,SALE063842,Completed
CLM009805,2022-01-28,SALE063849,Completed
CLM009806,2023-01-02,SALE063857,Completed
CLM009807,2025-02-09,SALE063863,Replaced
CLM009808,2022-05-12,SALE063871,Completed
CLM009809,2025-12-31,SALE063877,Paid Repaired
CLM009810,2022-05-16,SALE063879,Paid Repaired
CLM009811,2023-07-05,SALE063880,Replaced
CLM009812,2025-04-10,SALE063881,Warranty Void
CLM009813,2021-02-25,SALE063882,Completed
CLM009814,2025-12-31,SALE063883,Replaced
CLM009815,2024-08-22,SALE063884,Completed
CLM009816,2021-09-03,SALE063895,Replaced
CLM009817,2021-04-15,SALE063901,Rejected
CLM009818,2021-11-04,SALE063902,Paid Repaired
CLM009819,2021-03-22,SALE063913,Pending
CLM009820,2024-10-01,SALE063920,Completed
CLM009821,2023-07-17,SALE063921,Completed
CLM009822,2025-03-20,SALE063939,Completed
CLM009823,2021-07-19,SALE063940,Pending
CLM009824,2025-01-12,SALE063955,Completed
CLM009825,2023-04-26,SALE063960,Replaced
CLM009826,2021-08-24,SALE063963,Completed
CLM009827,2023-06-27,SALE063968,Completed
CLM009828,2022-03-24,SALE063969,Replaced
CLM009829,2025-09-18,SALE063970,Replaced
CLM009830,2024-04-10,SALE063972,Completed
CLM009831,2023-05-04,SALE063975,Warranty Void
CLM009832,2025-11-20,SALE063984,Completed
CLM009833,2025-08-16,SALE063995,Replaced
CLM009834,2023-01-17,SALE064003,Paid Repaired
CLM009835,2024-09-29,SALE064011,Pending
CLM009836,2025-03-15,SALE064013,Completed
CLM009837,2021-04-13,SALE064018,Replaced
CLM009838,2023-08-11,SALE064020,Completed
CLM009839,2023-03-10,SALE064022,Completed
CLM009840,2023-04-12,SALE064025,Pending
CLM009841,2023-11-22,SALE064030,Completed
CLM009842,2025-10-08,SALE064032,Completed
CLM009843,2025-11-22,SALE064034,Completed
CLM009844,2025-06-08,SALE064038,Completed
CLM009845,2025-12-31,SALE064044,Pending
CLM009846,2022-11-20,SALE064046,Completed
CLM009847,2022-09-21,SALE064048,Completed
CLM009848,2023-06-08,SALE064056,Completed
CLM009849,2024-11-14,SALE064074,Completed
CLM009850,2021-04-09,SALE064078,Completed
CLM009851,2022-07-29,SALE064088,Replaced
CLM009852,2021-10-24,SALE064093,Completed
CLM009853,2022-01-03,SALE064098,Pending
CLM009854,2023-07-22,SALE064102,Completed
CLM009855,2020-11-12,SALE064107,Warranty Void
CLM009856,2023-10-07,SALE064122,Replaced
CLM009857,2023-12-01,SALE064128,Completed
CLM009858,2025-12-31,SALE064130,Replaced
CLM009859,2022-08-30,SALE064149,Completed
CLM009860,2022-09-15,SALE064151,Completed
CLM009861,2020-05-28,SALE064153,Paid Repaired
CLM009862,2021-11-07,SALE064154,Completed
CLM009863,2022-07-31,SALE064163,Pending
CLM009864,2022-07-18,SALE064166,Pending
CLM009865,2023-11-11,SALE064170,Pending
CLM009866,2021-10-25,SALE064182,Paid Repaired
CLM009867,2020-05-14,SALE064186,Replaced
CLM009868,2020-05-14,SALE064187,Completed
CLM009869,2025-05-12,SALE064191,Replaced
CLM009870,2025-08-12,SALE064192,Rejected
CLM009871,2024-07-25,SALE064193,Replaced
CLM009872,2023-10-31,SALE064198,Completed
CLM009873,2023-02-12,SALE064231,Replaced
CLM009874,2020-09-02,SALE064244,Replaced
CLM009875,2024-02-27,SALE064251,Paid Repaired
CLM009876,2024-12-10,SALE064255,Completed
CLM009877,2024-08-21,SALE064265,Replaced
CLM009878,2023-11-12,SALE064266,Completed
CLM009879,2024-09-08,SALE064267,Completed
CLM009880,2025-04-20,SALE064270,Completed
CLM009881,2025-11-06,SALE064278,Completed
CLM009882,2025-07-10,SALE064280,Completed
CLM009883,2022-10-17,SALE064286,Replaced
CLM009884,2024-04-16,SALE064289,Pending
CLM009885,2024-10-11,SALE064296,Completed
CLM009886,2023-07-22,SALE064304,Completed
CLM009887,2021-01-07,SALE064314,Completed
CLM009888,2025-10-17,SALE064316,Pending
CLM009889,2025-03-12,SALE064324,Replaced
CLM009890,2021-10-15,SALE064332,Completed
CLM009891,2025-12-31,SALE064333,Warranty Void
CLM009892,2022-11-06,SALE064348,Paid Repaired
CLM009893,2024-11-19,SALE064349,Completed
CLM009894,2024-12-19,SALE064358,Paid Repaired
CLM009895,2023-07-26,SALE064366,Warranty Void
CLM009896,2020-12-17,SALE064389,Rejected
CLM009897,2024-10-12,SALE064394,Pending
CLM009898,2025-10-29,SALE064402,Warranty Void
CLM009899,2022-05-07,SALE064416,Pending
CLM009900,2025-05-28,SALE064423,Completed
CLM009901,2025-04-13,SALE064426,Warranty Void
CLM009902,2025-12-31,SALE064439,Replaced
CLM009903,2020-11-03,SALE064445,Paid Repaired
CLM009904,2024-09-08,SALE064446,Completed
CLM009905,2022-03-20,SALE064463,Pending
CLM009906,2023-10-17,SALE064465,Warranty Void
CLM009907,2022-06-19,SALE064477,Completed
CLM009908,2024-12-10,SALE064479,Completed
CLM009909,2022-11-18,SALE064488,Completed
CLM009910,2025-04-04,SALE064489,Completed
CLM009911,2022-11-28,SALE064492,Completed
CLM009912,2021-12-18,SALE064497,Warranty Void
CLM009913,2025-01-12,SALE064499,Paid Repaired
CLM009914,2025-12-31,SALE064504,Completed
CLM009915,2021-07-18,SALE064517,Paid Repaired
CLM009916,2023-04-02,SALE064520,Completed
CLM009917,2023-03-22,SALE064522,Pending
CLM009918,2021-05-07,SALE064526,Completed
CLM009919,2020-12-26,SALE064529,Replaced
CLM009920,2024-10-06,SALE064538,Paid Repaired
CLM009921,2024-10-07,SALE064539,Completed
CLM009922,2024-10-13,SALE064540,Completed
CLM009923,2024-11-01,SALE064545,Replaced
CLM009924,2022-09-10,SALE064548,Paid Repaired
CLM009925,2025-12-22,SALE064558,Paid Repaired
CLM009926,2022-07-25,SALE064560,Warranty Void
CLM009927,2021-01-21,SALE064580,Rejected
CLM009928,2024-06-02,SALE064590,Pending
CLM009929,2023-08-31,SALE064597,Pending
CLM009930,2023-09-20,SALE064600,Completed
CLM009931,2022-12-18,SALE064605,Completed
CLM009932,2025-12-31,SALE064606,Completed
CLM009933,2024-10-20,SALE064612,Completed
CLM009934,2022-05-16,SALE064618,Warranty Void
CLM009935,2023-08-29,SALE064626,Completed
CLM009936,2023-11-13,SALE064630,Pending
CLM009937,2022-12-16,SALE064631,Completed
CLM009938,2025-10-22,SALE064641,Completed
CLM009939,2022-04-23,SALE064642,Completed
CLM009940,2025-12-04,SALE064643,Replaced
CLM009941,2023-03-26,SALE064648,Completed
CLM009942,2023-05-27,SALE064651,Paid Repaired
CLM009943,2023-06-04,SALE064655,Rejected
CLM009944,2023-05-12,SALE064657,Replaced
CLM009945,2025-08-19,SALE064666,Completed
CLM009946,2022-12-09,SALE064669,Completed
CLM009947,2022-02-07,SALE064670,Paid Repaired
CLM009948,2022-02-01,SALE064678,Paid Repaired
CLM009949,2022-12-21,SALE064682,Pending
CLM009950,2022-06-01,SALE064683,Replaced
CLM009951,2025-09-10,SALE064686,Replaced
CLM009952,2025-12-31,SALE064702,Completed
CLM009953,2022-09-01,SALE064704,Completed
CLM009954,2024-05-02,SALE064706,Pending
CLM009955,2025-06-12,SALE064731,Completed
CLM009956,2025-07-13,SALE064734,Pending
CLM009957,2025-06-19,SALE064743,Pending
CLM009958,2021-09-28,SALE064745,Completed
CLM009959,2025-12-31,SALE064759,Paid Repaired
CLM009960,2021-02-09,SALE064766,Completed
CLM009961,2021-06-09,SALE064771,Paid Repaired
CLM009962,2023-07-22,SALE064772,Completed
CLM009963,2023-12-09,SALE064774,Completed
CLM009964,2025-02-20,SALE064780,Completed
CLM009965,2022-09-26,SALE064784,Pending
CLM009966,2021-12-23,SALE064786,Paid Repaired
CLM009967,2021-12-22,SALE064787,Completed
CLM009968,2021-10-01,SALE064798,Warranty Void
CLM009969,2022-09-14,SALE064813,Warranty Void
CLM009970,2022-01-10,SALE064815,Completed
CLM009971,2021-01-04,SALE064822,Pending
CLM009972,2024-05-08,SALE064823,Completed
CLM009973,2022-10-28,SALE064832,Completed
CLM009974,2025-12-31,SALE064840,Rejected
CLM009975,2024-06-26,SALE064848,Completed
CLM009976,2022-05-24,SALE064853,Replaced
CLM009977,2021-03-28,SALE064855,Completed
CLM009978,2024-08-23,SALE064859,Completed
CLM009979,2023-08-09,SALE064860,Completed
CLM009980,2025-12-31,SALE064863,Paid Repaired
CLM009981,2023-02-02,SALE064908,Completed
CLM009982,2022-08-12,SALE064912,Pending
CLM009983,2020-12-24,SALE064915,Completed
CLM009984,2021-06-27,SALE064920,Completed
CLM009985,2024-07-01,SALE064929,Completed
CLM009986,2023-12-16,SALE064931,Completed
CLM009987,2022-02-08,SALE064935,Replaced
CLM009988,2021-11-10,SALE064936,Completed
CLM009989,2021-08-05,SALE064937,Rejected
CLM009990,2022-02-16,SALE064938,Paid Repaired
CLM009991,2022-07-06,SALE064942,Pending
CLM009992,2023-10-26,SALE064957,Warranty Void
CLM009993,2022-08-14,SALE064958,Pending
CLM009994,2021-08-29,SALE064959,Pending
CLM009995,2025-04-01,SALE064972,Replaced
CLM009996,2025-12-31,SALE064987,Paid Repaired
CLM009997,2025-12-02,SALE064996,Completed
CLM009998,2024-02-23,SALE065004,Paid Repaired
CLM009999,2022-09-22,SALE065006,Paid Repaired
CLM010000,2023-05-20,SALE065012,Rejected
CLM010001,2025-03-22,SALE065028,Completed
CLM010002,2025-12-31,SALE065029,Replaced
CLM010003,2023-03-25,SALE065036,Paid Repaired
CLM010004,2021-02-14,SALE065039,Replaced
CLM010005,2020-06-03,SALE065049,Completed
CLM010006,2025-02-17,SALE065071,Warranty Void
CLM010007,2022-09-08,SALE065084,Rejected
CLM010008,2024-06-01,SALE065097,Completed
CLM010009,2025-05-13,SALE065100,Paid Repaired
CLM010010,2025-12-31,SALE065112,Completed
CLM010011,2024-10-06,SALE065123,Completed
CLM010012,2020-11-01,SALE065133,Completed
CLM010013,2024-09-28,SALE065134,Completed
CLM010014,2023-07-28,SALE065142,Pending
CLM010015,2023-04-19,SALE065146,Completed
CLM010016,2023-08-12,SALE065147,Paid Repaired
CLM010017,2022-05-20,SALE065162,Replaced
CLM010018,2021-03-16,SALE065178,Completed
CLM010019,2020-06-17,SALE065187,Paid Repaired
CLM010020,2021-03-09,SALE065191,Paid Repaired
CLM010021,2024-07-08,SALE065195,Paid Repaired
CLM010022,2021-10-12,SALE065202,Completed
CLM010023,2023-04-06,SALE065214,Replaced
CLM010024,2025-11-05,SALE065217,Replaced
CLM010025,2025-05-03,SALE065222,Paid Repaired
CLM010026,2021-09-29,SALE065226,Paid Repaired
CLM010027,2024-09-07,SALE065228,Rejected
CLM010028,2021-01-11,SALE065230,Completed
CLM010029,2025-01-20,SALE065242,Completed
CLM010030,2024-11-11,SALE065243,Replaced
CLM010031,2025-12-31,SALE065249,Replaced
CLM010032,2021-02-18,SALE065262,Paid Repaired
CLM010033,2023-05-01,SALE065263,Replaced
CLM010034,2021-10-05,SALE065267,Pending
CLM010035,2022-07-31,SALE065279,Completed
CLM010036,2023-02-21,SALE065291,Completed
CLM010037,2024-02-10,SALE065307,Warranty Void
CLM010038,2023-02-27,SALE065313,Pending
CLM010039,2021-12-20,SALE065315,Completed
CLM010040,2024-06-21,SALE065317,Pending
CLM010041,2022-09-18,SALE065318,Completed
CLM010042,2024-02-15,SALE065337,Completed
CLM010043,2024-06-19,SALE065345,Replaced
CLM010044,2023-12-25,SALE065346,Completed
CLM010045,2025-12-31,SALE065349,Replaced
CLM010046,2021-12-28,SALE065363,Pending
CLM010047,2023-05-22,SALE065366,Completed
CLM010048,2023-03-22,SALE065375,Paid Repaired
CLM010049,2023-05-17,SALE065384,Rejected
CLM010050,2025-08-13,SALE065387,Paid Repaired
CLM010051,2021-10-14,SALE065399,Replaced
CLM010052,2020-04-21,SALE065402,Paid Repaired
CLM010053,2024-04-17,SALE065418,Warranty Void
CLM010054,2021-06-05,SALE065419,Pending
CLM010055,2025-12-02,SALE065422,Pending
CLM010056,2025-11-05,SALE065425,Pending
CLM010057,2024-05-21,SALE065430,Replaced
CLM010058,2021-04-07,SALE065443,Pending
CLM010059,2020-12-19,SALE065466,Completed
CLM010060,2025-12-10,SALE065474,Replaced
CLM010061,2020-09-08,SALE065475,Completed
CLM010062,2024-03-27,SALE065483,Replaced
CLM010063,2025-06-26,SALE065495,Paid Repaired
CLM010064,2024-07-17,SALE065498,Warranty Void
CLM010065,2022-01-03,SALE065539,Rejected
CLM010066,2022-04-27,SALE065552,Paid Repaired
CLM010067,2021-12-08,SALE065558,Paid Repaired
CLM010068,2022-04-12,SALE065572,Pending
CLM010069,2025-12-31,SALE065577,Completed
CLM010070,2022-01-28,SALE065579,Completed
CLM010071,2020-09-15,SALE065581,Completed
CLM010072,2023-03-20,SALE065599,Pending
CLM010073,2021-04-24,SALE065603,Pending
CLM010074,2023-04-12,SALE065606,Pending
CLM010075,2022-10-12,SALE065615,Completed
CLM010076,2022-06-18,SALE065638,Warranty Void
CLM010077,2021-10-28,SALE065653,Rejected
CLM010078,2025-12-31,SALE065655,Completed
CLM010079,2021-05-03,SALE065660,Paid Repaired
CLM010080,2021-08-24,SALE065661,Completed
CLM010081,2025-04-27,SALE065665,Completed
CLM010082,2024-03-01,SALE065680,Paid Repaired
CLM010083,2022-04-27,SALE065696,Completed
CLM010084,2023-09-08,SALE065720,Paid Repaired
CLM010085,2024-04-12,SALE065724,Completed
CLM010086,2024-08-27,SALE065726,Pending
CLM010087,2023-01-14,SALE065729,Completed
CLM010088,2025-12-31,SALE065733,Replaced
CLM010089,2025-12-16,SALE065734,Completed
CLM010090,2024-08-26,SALE065741,Completed
CLM010091,2025-09-15,SALE065742,Paid Repaired
CLM010092,2024-05-30,SALE065748,Paid Repaired
CLM010093,2021-10-22,SALE065759,Completed
CLM010094,2020-10-20,SALE065761,Paid Repaired
CLM010095,2022-06-28,SALE065773,Replaced
CLM010096,2025-06-22,SALE065776,Replaced
CLM010097,2023-09-11,SALE065779,Completed
CLM010098,2024-03-01,SALE065783,Replaced
CLM010099,2023-11-27,SALE065784,Pending
CLM010100,2022-08-16,SALE065786,Completed
CLM010101,2025-01-18,SALE065795,Rejected
CLM010102,2022-12-30,SALE065807,Pending
CLM010103,2023-05-19,SALE065810,Completed
CLM010104,2024-12-04,SALE065813,Rejected
CLM010105,2021-09-05,SALE065815,Replaced
CLM010106,2022-12-31,SALE065816,Completed
CLM010107,2023-12-14,SALE065819,Completed
CLM010108,2024-05-24,SALE065825,Pending
CLM010109,2024-01-04,SALE065828,Completed
CLM010110,2021-02-21,SALE065830,Pending
CLM010111,2024-05-15,SALE065840,Replaced
CLM010112,2022-04-07,SALE065846,Completed
CLM010113,2023-02-13,SALE065850,Pending
CLM010114,2022-01-22,SALE065856,Completed
CLM010115,2023-10-26,SALE065862,Paid Repaired
CLM010116,2025-01-23,SALE065865,Warranty Void
CLM010117,2021-08-21,SALE065866,Replaced
CLM010118,2025-10-24,SALE065879,Completed
CLM010119,2023-03-09,SALE065885,Replaced
CLM010120,2023-10-23,SALE065889,Completed
CLM010121,2020-05-23,SALE065900,Paid Repaired
CLM010122,2022-12-27,SALE065907,Completed
CLM010123,2021-06-18,SALE065911,Replaced
CLM010124,2022-09-14,SALE065921,Completed
CLM010125,2021-11-18,SALE065932,Replaced
CLM010126,2021-01-02,SALE065940,Completed
CLM010127,2025-12-31,SALE065953,Paid Repaired
CLM010128,2023-01-15,SALE065956,Replaced
CLM010129,2023-10-29,SALE065958,Paid Repaired
CLM010130,2025-06-22,SALE065965,Replaced
CLM010131,2023-06-25,SALE065969,Completed
CLM010132,2023-05-15,SALE065974,Completed
CLM010133,2025-12-31,SALE065978,Completed
CLM010134,2020-08-26,SALE065991,Completed
CLM010135,2023-08-25,SALE065995,Replaced
CLM010136,2022-09-06,SALE065998,Rejected
CLM010137,2024-10-05,SALE066010,Paid Repaired
CLM010138,2025-04-03,SALE066011,Warranty Void
CLM010139,2023-07-17,SALE066013,Rejected
CLM010140,2021-04-12,SALE066027,Completed
CLM010141,2025-12-31,SALE066036,Paid Repaired
CLM010142,2023-06-12,SALE066039,Completed
CLM010143,2025-08-31,SALE066040,Paid Repaired
CLM010144,2021-09-21,SALE066042,Replaced
CLM010145,2021-07-18,SALE066054,Completed
CLM010146,2025-05-06,SALE066055,Completed
CLM010147,2025-06-25,SALE066056,Completed
CLM010148,2023-01-31,SALE066063,Completed
CLM010149,2024-08-10,SALE066065,Completed
CLM010150,2022-02-02,SALE066071,Replaced
CLM010151,2024-11-20,SALE066081,Rejected
CLM010152,2024-08-26,SALE066087,Completed
CLM010153,2024-06-05,SALE066089,Completed
CLM010154,2025-08-10,SALE066092,Replaced
CLM010155,2024-01-22,SALE066099,Paid Repaired
CLM010156,2023-03-23,SALE066100,Replaced
CLM010157,2023-12-04,SALE066101,Completed
CLM010158,2021-03-08,SALE066102,Completed
CLM010159,2022-10-15,SALE066108,Completed
CLM010160,2024-07-04,SALE066116,Paid Repaired
CLM010161,2022-04-08,SALE066124,Completed
CLM010162,2021-02-07,SALE066128,Completed
CLM010163,2022-09-16,SALE066143,Paid Repaired
CLM010164,2024-03-18,SALE066144,Replaced
CLM010165,2024-04-28,SALE066161,Completed
CLM010166,2025-08-10,SALE066173,Completed
CLM010167,2022-04-08,SALE066177,Completed
CLM010168,2023-05-17,SALE066179,Completed
CLM010169,2025-03-16,SALE066193,Pending
CLM010170,2023-02-27,SALE066196,Replaced
CLM010171,2021-06-28,SALE066197,Warranty Void
CLM010172,2023-11-07,SALE066199,Completed
CLM010173,2023-09-13,SALE066217,Completed
CLM010174,2025-12-31,SALE066223,Completed
CLM010175,2024-12-14,SALE066243,Pending
CLM010176,2024-11-08,SALE066248,Completed
CLM010177,2021-03-31,SALE066250,Pending
CLM010178,2025-02-12,SALE066251,Replaced
CLM010179,2023-02-06,SALE066253,Completed
CLM010180,2024-01-04,SALE066254,Paid Repaired
CLM010181,2025-11-14,SALE066257,Paid Repaired
CLM010182,2024-06-19,SALE066268,Rejected
CLM010183,2025-01-27,SALE066273,Replaced
CLM010184,2024-06-18,SALE066279,Completed
CLM010185,2024-06-09,SALE066299,Paid Repaired
CLM010186,2023-03-11,SALE066305,Completed
CLM010187,2022-02-09,SALE066310,Rejected
CLM010188,2025-04-21,SALE066316,Pending
CLM010189,2022-04-29,SALE066318,Completed
CLM010190,2023-04-06,SALE066324,Completed
CLM010191,2024-11-11,SALE066327,Replaced
CLM010192,2025-04-02,SALE066328,Completed
CLM010193,2024-10-28,SALE066333,Completed
CLM010194,2025-12-31,SALE066335,Completed
CLM010195,2024-04-09,SALE066338,Replaced
CLM010196,2022-02-11,SALE066355,Paid Repaired
CLM010197,2023-02-20,SALE066356,Rejected
CLM010198,2022-11-12,SALE066359,Completed
CLM010199,2024-04-23,SALE066365,Rejected
CLM010200,2023-11-12,SALE066372,Replaced
CLM010201,2025-12-31,SALE066381,Completed
CLM010202,2021-10-20,SALE066382,Paid Repaired
CLM010203,2023-12-17,SALE066408,Completed
CLM010204,2025-12-31,SALE066409,Completed
CLM010205,2025-12-08,SALE066417,Rejected
CLM010206,2022-11-01,SALE066427,Replaced
CLM010207,2022-04-25,SALE066428,Completed
CLM010208,2021-08-14,SALE066431,Completed
CLM010209,2022-06-15,SALE066434,Completed
CLM010210,2020-05-29,SALE066439,Pending
CLM010211,2022-10-13,SALE066442,Replaced
CLM010212,2024-07-05,SALE066446,Completed
CLM010213,2023-09-22,SALE066450,Pending
CLM010214,2023-01-21,SALE066461,Completed
CLM010215,2021-07-07,SALE066465,Completed
CLM010216,2024-09-19,SALE066494,Replaced
CLM010217,2025-06-14,SALE066495,Warranty Void
CLM010218,2024-04-22,SALE066503,Completed
CLM010219,2024-09-05,SALE066509,Completed
CLM010220,2022-01-14,SALE066512,Completed
CLM010221,2025-09-28,SALE066516,Replaced
CLM010222,2025-09-20,SALE066522,Paid Repaired
CLM010223,2024-08-20,SALE066530,Completed
CLM010224,2023-03-07,SALE066535,Replaced
CLM010225,2021-08-20,SALE066536,Paid Repaired
CLM010226,2024-11-10,SALE066561,Completed
CLM010227,2021-03-04,SALE066564,Completed
CLM010228,2021-09-17,SALE066572,Completed
CLM010229,2020-11-27,SALE066580,Completed
CLM010230,2020-12-24,SALE066593,Paid Repaired
CLM010231,2023-05-31,SALE066601,Pending
CLM010232,2025-12-31,SALE066608,Completed
CLM010233,2025-12-31,SALE066614,Completed
CLM010234,2021-09-23,SALE066615,Completed
CLM010235,2025-09-20,SALE066616,Replaced
CLM010236,2024-06-13,SALE066623,Pending
CLM010237,2021-10-10,SALE066632,Completed
CLM010238,2022-03-13,SALE066652,Completed
CLM010239,2023-02-17,SALE066656,Completed
CLM010240,2023-10-24,SALE066662,Paid Repaired
CLM010241,2024-07-10,SALE066669,Completed
CLM010242,2023-07-28,SALE066680,Replaced
CLM010243,2025-12-31,SALE066686,Replaced
CLM010244,2025-12-26,SALE066694,Paid Repaired
CLM010245,2025-05-22,SALE066699,Completed
CLM010246,2025-03-23,SALE066711,Rejected
CLM010247,2022-02-22,SALE066717,Pending
CLM010248,2025-12-31,SALE066722,Warranty Void
CLM010249,2025-11-05,SALE066725,Completed
CLM010250,2023-10-14,SALE066732,Completed
CLM010251,2025-12-31,SALE066734,Completed
CLM010252,2022-08-02,SALE066737,Rejected
CLM010253,2023-08-24,SALE066738,Completed
CLM010254,2024-02-07,SALE066741,Pending
CLM010255,2022-01-14,SALE066750,Warranty Void
CLM010256,2021-02-10,SALE066752,Paid Repaired
CLM010257,2022-06-04,SALE066757,Pending
CLM010258,2024-01-26,SALE066769,Completed
CLM010259,2023-07-31,SALE066770,Warranty Void
CLM010260,2022-08-08,SALE066778,Completed
CLM010261,2025-12-31,SALE066783,Replaced
CLM010262,2021-05-06,SALE066788,Replaced
CLM010263,2021-04-14,SALE066792,Completed
CLM010264,2025-12-09,SALE066804,Completed
CLM010265,2023-05-02,SALE066809,Warranty Void
CLM010266,2023-02-28,SALE066827,Replaced
CLM010267,2025-11-10,SALE066828,Completed
CLM010268,2021-11-30,SALE066833,Replaced
CLM010269,2023-12-01,SALE066851,Completed
CLM010270,2021-03-16,SALE066861,Warranty Void
CLM010271,2024-09-13,SALE066867,Warranty Void
CLM010272,2021-03-19,SALE066877,Completed
CLM010273,2023-08-31,SALE066885,Replaced
CLM010274,2021-05-11,SALE066891,Pending
CLM010275,2021-01-06,SALE066894,Completed
CLM010276,2025-06-02,SALE066912,Replaced
CLM010277,2024-01-22,SALE066914,Replaced
CLM010278,2023-07-11,SALE066917,Completed
CLM010279,2025-12-31,SALE066921,Warranty Void
CLM010280,2023-10-23,SALE066931,Paid Repaired
CLM010281,2022-11-27,SALE066941,Paid Repaired
CLM010282,2024-02-09,SALE066942,Completed
CLM010283,2021-10-21,SALE066945,Paid Repaired
CLM010284,2023-03-28,SALE066950,Completed
CLM010285,2024-11-13,SALE066967,Paid Repaired
CLM010286,2024-02-14,SALE066977,Completed
CLM010287,2021-10-24,SALE066987,Replaced
CLM010288,2025-03-10,SALE066993,Completed
CLM010289,2025-06-08,SALE067004,Replaced
CLM010290,2025-04-07,SALE067022,Replaced
CLM010291,2025-04-08,SALE067047,Replaced
CLM010292,2024-12-09,SALE067052,Replaced
CLM010293,2020-04-11,SALE067054,Completed
CLM010294,2025-12-31,SALE067063,Completed
CLM010295,2025-11-22,SALE067073,Replaced
CLM010296,2023-08-16,SALE067076,Completed
CLM010297,2025-11-20,SALE067078,Completed
CLM010298,2022-06-12,SALE067080,Replaced
CLM010299,2024-01-19,SALE067082,Replaced
CLM010300,2024-09-21,SALE067091,Warranty Void
CLM010301,2023-12-04,SALE067095,Replaced
CLM010302,2023-10-29,SALE067109,Paid Repaired
CLM010303,2021-02-16,SALE067110,Completed
CLM010304,2024-11-03,SALE067112,Paid Repaired
CLM010305,2020-08-20,SALE067113,Paid Repaired
CLM010306,2022-04-23,SALE067114,Paid Repaired
CLM010307,2021-06-17,SALE067119,Replaced
CLM010308,2023-02-27,SALE067120,Completed
CLM010309,2022-12-24,SALE067130,Completed
CLM010310,2021-07-25,SALE067142,Warranty Void
CLM010311,2022-10-23,SALE067143,Paid Repaired
CLM010312,2025-12-31,SALE067148,Completed
CLM010313,2023-04-16,SALE067149,Paid Repaired
CLM010314,2024-04-04,SALE067161,Warranty Void
CLM010315,2022-09-16,SALE067168,Completed
CLM010316,2022-09-04,SALE067178,Warranty Void
CLM010317,2021-05-28,SALE067181,Completed
CLM010318,2025-12-31,SALE067183,Warranty Void
CLM010319,2024-02-28,SALE067227,Replaced
CLM010320,2021-12-14,SALE067240,Pending
CLM010321,2023-01-08,SALE067242,Paid Repaired
CLM010322,2021-11-16,SALE067258,Completed
CLM010323,2023-02-24,SALE067259,Rejected
CLM010324,2022-12-25,SALE067269,Paid Repaired
CLM010325,2022-07-06,SALE067271,Completed
CLM010326,2025-12-31,SALE067282,Completed
CLM010327,2025-05-07,SALE067289,Warranty Void
CLM010328,2021-08-20,SALE067292,Completed
CLM010329,2020-08-16,SALE067293,Completed
CLM010330,2022-04-28,SALE067297,Paid Repaired
CLM010331,2024-07-24,SALE067298,Paid Repaired
CLM010332,2025-04-10,SALE067299,Completed
CLM010333,2025-12-31,SALE067301,Completed
CLM010334,2022-02-13,SALE067306,Paid Repaired
CLM010335,2022-08-02,SALE067310,Replaced
CLM010336,2023-02-22,SALE067318,Paid Repaired
CLM010337,2025-06-17,SALE067322,Pending
CLM010338,2023-03-04,SALE067332,Completed
CLM010339,2025-10-07,SALE067346,Rejected
CLM010340,2022-01-08,SALE067349,Paid Repaired
CLM010341,2020-09-24,SALE067351,Completed
CLM010342,2025-06-27,SALE067355,Paid Repaired
CLM010343,2025-07-29,SALE067368,Warranty Void
CLM010344,2024-09-26,SALE067372,Paid Repaired
CLM010345,2020-10-21,SALE067376,Completed
CLM010346,2022-09-20,SALE067380,Pending
CLM010347,2021-10-07,SALE067383,Completed
CLM010348,2021-04-16,SALE067386,Pending
CLM010349,2021-04-19,SALE067390,Completed
CLM010350,2024-12-17,SALE067408,Completed
CLM010351,2024-09-25,SALE067410,Warranty Void
CLM010352,2020-07-19,SALE067412,Completed
CLM010353,2024-03-27,SALE067413,Paid Repaired
CLM010354,2023-02-18,SALE067421,Pending
CLM010355,2024-03-14,SALE067423,Completed
CLM010356,2024-08-01,SALE067434,Completed
CLM010357,2021-10-28,SALE067440,Completed
CLM010358,2023-05-09,SALE067463,Completed
CLM010359,2023-05-03,SALE067472,Replaced
CLM010360,2023-03-02,SALE067474,Paid Repaired
CLM010361,2022-09-14,SALE067478,Rejected
CLM010362,2025-12-30,SALE067482,Completed
CLM010363,2025-03-26,SALE067484,Completed
CLM010364,2021-04-22,SALE067509,Warranty Void
CLM010365,2021-11-30,SALE067512,Completed
CLM010366,2021-07-07,SALE067517,Completed
CLM010367,2023-04-24,SALE067535,Replaced
CLM010368,2023-02-20,SALE067544,Paid Repaired
CLM010369,2021-04-30,SALE067545,Completed
CLM010370,2025-07-21,SALE067546,Paid Repaired
CLM010371,2023-11-07,SALE067549,Replaced
CLM010372,2025-06-24,SALE067569,Paid Repaired
CLM010373,2021-09-04,SALE067572,Warranty Void
CLM010374,2023-08-31,SALE067576,Replaced
CLM010375,2021-10-30,SALE067581,Completed
CLM010376,2025-01-02,SALE067585,Replaced
CLM010377,2024-01-28,SALE067594,Completed
CLM010378,2021-09-17,SALE067597,Paid Repaired
CLM010379,2021-03-29,SALE067602,Paid Repaired
CLM010380,2025-12-31,SALE067608,Completed
CLM010381,2023-01-18,SALE067609,Completed
CLM010382,2023-05-07,SALE067613,Replaced
CLM010383,2022-04-04,SALE067626,Completed
CLM010384,2020-03-03,SALE067628,Replaced
CLM010385,2023-10-17,SALE067635,Completed
CLM010386,2022-10-30,SALE067640,Paid Repaired
CLM010387,2025-10-12,SALE067644,Completed
CLM010388,2022-02-12,SALE067654,Completed
CLM010389,2022-08-08,SALE067657,Pending
CLM010390,2024-02-26,SALE067660,Completed
CLM010391,2023-05-17,SALE067665,Replaced
CLM010392,2024-07-27,SALE067668,Replaced
CLM010393,2025-12-03,SALE067673,Paid Repaired
CLM010394,2021-09-22,SALE067676,Paid Repaired
CLM010395,2025-01-17,SALE067693,Paid Repaired
CLM010396,2021-11-06,SALE067695,Completed
CLM010397,2021-06-28,SALE067718,Completed
CLM010398,2022-12-23,SALE067761,Completed
CLM010399,2023-08-23,SALE067771,Replaced
CLM010400,2022-12-29,SALE067773,Pending
CLM010401,2022-02-06,SALE067787,Replaced
CLM010402,2022-05-25,SALE067793,Completed
CLM010403,2025-07-23,SALE067794,Completed
CLM010404,2023-09-18,SALE067815,Paid Repaired
CLM010405,2021-01-18,SALE067817,Completed
CLM010406,2024-12-22,SALE067820,Completed
CLM010407,2024-05-24,SALE067847,Paid Repaired
CLM010408,2023-12-11,SALE067852,Paid Repaired
CLM010409,2020-12-30,SALE067855,Paid Repaired
CLM010410,2022-02-27,SALE067858,Replaced
CLM010411,2024-05-28,SALE067861,Completed
CLM010412,2023-06-18,SALE067862,Paid Repaired
CLM010413,2023-03-17,SALE067865,Replaced
CLM010414,2025-06-13,SALE067871,Paid Repaired
CLM010415,2021-05-23,SALE067872,Paid Repaired
CLM010416,2024-01-03,SALE067880,Completed
CLM010417,2020-10-04,SALE067883,Pending
CLM010418,2024-10-01,SALE067886,Completed
CLM010419,2023-05-13,SALE067888,Pending
CLM010420,2025-07-26,SALE067897,Replaced
CLM010421,2025-04-14,SALE067899,Paid Repaired
CLM010422,2021-11-17,SALE067902,Completed
CLM010423,2023-04-16,SALE067908,Completed
CLM010424,2024-04-17,SALE067919,Completed
CLM010425,2021-07-29,SALE067923,Paid Repaired
CLM010426,2021-08-04,SALE067930,Replaced
CLM010427,2025-05-07,SALE067932,Completed
CLM010428,2025-12-31,SALE067933,Replaced
CLM010429,2022-04-18,SALE067939,Completed
CLM010430,2025-05-13,SALE067945,Pending
CLM010431,2023-02-08,SALE067957,Pending
CLM010432,2025-05-25,SALE067964,Completed
CLM010433,2022-06-27,SALE067967,Completed
CLM010434,2021-08-31,SALE067979,Pending
CLM010435,2021-09-11,SALE067989,Completed
CLM010436,2022-08-28,SALE067992,Completed
CLM010437,2025-09-12,SALE068001,Paid Repaired
CLM010438,2022-05-30,SALE068004,Completed
CLM010439,2022-12-08,SALE068008,Completed
CLM010440,2024-07-21,SALE068009,Completed
CLM010441,2022-03-03,SALE068022,Completed
CLM010442,2021-02-11,SALE068027,Pending
CLM010443,2025-08-24,SALE068029,Pending
CLM010444,2023-10-04,SALE068038,Completed
CLM010445,2023-06-28,SALE068039,Warranty Void
CLM010446,2022-02-07,SALE068043,Completed
CLM010447,2024-10-03,SALE068048,Paid Repaired
CLM010448,2025-12-31,SALE068049,Completed
CLM010449,2025-01-19,SALE068052,Rejected
CLM010450,2024-08-22,SALE068055,Pending
CLM010451,2022-09-21,SALE068057,Completed
CLM010452,2022-10-06,SALE068059,Paid Repaired
CLM010453,2024-02-25,SALE068061,Replaced
CLM010454,2025-02-25,SALE068068,Warranty Void
CLM010455,2021-12-13,SALE068070,Replaced
CLM010456,2023-09-24,SALE068075,Pending
CLM010457,2021-04-15,SALE068081,Completed
CLM010458,2022-10-27,SALE068093,Replaced
CLM010459,2024-09-25,SALE068096,Completed
CLM010460,2025-07-09,SALE068097,Completed
CLM010461,2025-11-13,SALE068098,Completed
CLM010462,2022-03-18,SALE068099,Replaced
CLM010463,2024-03-21,SALE068103,Paid Repaired
CLM010464,2025-11-15,SALE068106,Completed
CLM010465,2024-08-10,SALE068115,Warranty Void
CLM010466,2022-10-10,SALE068124,Completed
CLM010467,2025-12-31,SALE068154,Paid Repaired
CLM010468,2022-09-19,SALE068155,Completed
CLM010469,2025-12-31,SALE068173,Completed
CLM010470,2025-08-19,SALE068177,Paid Repaired
CLM010471,2021-07-30,SALE068188,Paid Repaired
CLM010472,2022-06-27,SALE068193,Rejected
CLM010473,2022-10-22,SALE068203,Completed
CLM010474,2025-12-31,SALE068207,Paid Repaired
CLM010475,2022-07-03,SALE068228,Completed
CLM010476,2021-07-31,SALE068230,Paid Repaired
CLM010477,2024-09-30,SALE068237,Warranty Void
CLM010478,2022-07-30,SALE068246,Paid Repaired
CLM010479,2025-12-23,SALE068253,Completed
CLM010480,2022-05-27,SALE068260,Replaced
CLM010481,2021-09-08,SALE068261,Paid Repaired
CLM010482,2023-12-04,SALE068263,Warranty Void
CLM010483,2022-01-06,SALE068266,Completed
CLM010484,2022-07-30,SALE068269,Rejected
CLM010485,2023-01-06,SALE068272,Paid Repaired
CLM010486,2025-02-04,SALE068278,Completed
CLM010487,2023-07-20,SALE068289,Warranty Void
CLM010488,2021-10-10,SALE068294,Completed
CLM010489,2023-12-10,SALE068299,Completed
CLM010490,2023-11-20,SALE068300,Completed
CLM010491,2024-07-02,SALE068305,Pending
CLM010492,2021-03-15,SALE068306,Completed
CLM010493,2023-06-18,SALE068311,Completed
CLM010494,2021-08-01,SALE068315,Completed
CLM010495,2021-06-05,SALE068339,Paid Repaired
CLM010496,2025-12-31,SALE068341,Paid Repaired
CLM010497,2025-06-03,SALE068358,Paid Repaired
CLM010498,2023-05-08,SALE068367,Completed
CLM010499,2021-04-30,SALE068375,Completed
CLM010500,2022-10-21,SALE068382,Completed
CLM010501,2020-12-23,SALE068384,Completed
CLM010502,2023-10-06,SALE068386,Paid Repaired
CLM010503,2024-02-01,SALE068400,Completed
CLM010504,2020-11-10,SALE068403,Rejected
CLM010505,2021-10-23,SALE068423,Pending
CLM010506,2023-04-18,SALE068427,Completed
CLM010507,2021-02-01,SALE068430,Replaced
CLM010508,2021-08-08,SALE068435,Pending
CLM010509,2024-04-14,SALE068441,Replaced
CLM010510,2025-02-20,SALE068445,Completed
CLM010511,2025-04-05,SALE068448,Completed
CLM010512,2023-05-17,SALE068452,Completed
CLM010513,2024-07-31,SALE068460,Paid Repaired
CLM010514,2025-06-07,SALE068467,Completed
CLM010515,2025-02-09,SALE068469,Pending
CLM010516,2023-06-24,SALE068478,Completed
CLM010517,2021-09-08,SALE068504,Warranty Void
CLM010518,2025-11-14,SALE068505,Rejected
CLM010519,2021-08-03,SALE068506,Paid Repaired
CLM010520,2020-10-18,SALE068511,Warranty Void
CLM010521,2024-05-23,SALE068514,Warranty Void
CLM010522,2022-09-08,SALE068524,Completed
CLM010523,2022-06-14,SALE068529,Replaced
CLM010524,2025-12-31,SALE068535,Warranty Void
CLM010525,2025-03-22,SALE068539,Paid Repaired
CLM010526,2024-12-21,SALE068545,Warranty Void
CLM010527,2021-12-07,SALE068555,Replaced
CLM010528,2025-06-04,SALE068568,Replaced
CLM010529,2021-04-20,SALE068570,Pending
CLM010530,2024-06-07,SALE068587,Replaced
CLM010531,2025-02-19,SALE068588,Completed
CLM010532,2023-01-31,SALE068603,Completed
CLM010533,2024-10-22,SALE068624,Completed
CLM010534,2022-02-14,SALE068649,Completed
CLM010535,2024-09-08,SALE068652,Paid Repaired
CLM010536,2021-05-21,SALE068666,Paid Repaired
CLM010537,2025-12-24,SALE068679,Warranty Void
CLM010538,2024-09-08,SALE068688,Completed
CLM010539,2025-12-31,SALE068689,Replaced
CLM010540,2023-10-14,SALE068690,Replaced
CLM010541,2021-05-09,SALE068694,Completed
CLM010542,2024-09-07,SALE068712,Rejected
CLM010543,2022-05-25,SALE068720,Completed
CLM010544,2022-12-08,SALE068743,Replaced
CLM010545,2024-06-10,SALE068744,Replaced
CLM010546,2022-04-24,SALE068748,Completed
CLM010547,2020-12-03,SALE068753,Warranty Void
CLM010548,2021-10-27,SALE068758,Paid Repaired
CLM010549,2021-10-02,SALE068763,Paid Repaired
CLM010550,2024-08-05,SALE068775,Warranty Void
CLM010551,2023-08-27,SALE068783,Completed
CLM010552,2022-01-07,SALE068795,Rejected
CLM010553,2023-01-07,SALE068797,Completed
CLM010554,2021-05-26,SALE068800,Completed
CLM010555,2023-03-02,SALE068811,Paid Repaired
CLM010556,2021-07-23,SALE068818,Rejected
CLM010557,2022-12-29,SALE068819,Paid Repaired
CLM010558,2020-05-01,SALE068828,Pending
CLM010559,2023-05-19,SALE068829,Completed
CLM010560,2024-03-14,SALE068830,Replaced
CLM010561,2023-07-08,SALE068838,Completed
CLM010562,2022-04-04,SALE068840,Completed
CLM010563,2025-09-15,SALE068842,Paid Repaired
CLM010564,2023-04-28,SALE068860,Completed
CLM010565,2025-12-15,SALE068865,Replaced
CLM010566,2020-08-26,SALE068872,Completed
CLM010567,2022-07-05,SALE068873,Replaced
CLM010568,2021-03-04,SALE068876,Completed
CLM010569,2022-08-27,SALE068886,Pending
CLM010570,2021-09-28,SALE068894,Completed
CLM010571,2022-03-28,SALE068896,Pending
CLM010572,2023-01-21,SALE068909,Completed
CLM010573,2025-12-21,SALE068916,Completed
CLM010574,2025-06-01,SALE068923,Warranty Void
CLM010575,2024-10-27,SALE068937,Completed
CLM010576,2022-01-06,SALE068938,Warranty Void
CLM010577,2020-08-09,SALE068946,Completed
CLM010578,2025-04-06,SALE068980,Warranty Void
CLM010579,2024-05-21,SALE068982,Pending
CLM010580,2021-04-20,SALE068985,Completed
CLM010581,2025-07-29,SALE068993,Replaced
CLM010582,2021-02-02,SALE069001,Paid Repaired
CLM010583,2021-05-28,SALE069014,Completed
CLM010584,2025-04-14,SALE069022,Completed
CLM010585,2025-02-23,SALE069026,Completed
CLM010586,2020-04-27,SALE069029,Completed
CLM010587,2024-05-01,SALE069042,Completed
CLM010588,2025-10-17,SALE069043,Completed
CLM010589,2020-05-24,SALE069056,Completed
CLM010590,2023-02-21,SALE069064,Completed
CLM010591,2021-07-10,SALE069069,Completed
CLM010592,2025-02-28,SALE069081,Replaced
CLM010593,2025-03-01,SALE069085,Replaced
CLM010594,2024-12-22,SALE069089,Replaced
CLM010595,2021-01-25,SALE069090,Completed
CLM010596,2021-07-26,SALE069119,Paid Repaired
CLM010597,2025-02-15,SALE069129,Completed
CLM010598,2023-04-03,SALE069133,Completed
CLM010599,2025-07-28,SALE069140,Warranty Void
CLM010600,2024-05-23,SALE069151,Replaced
CLM010601,2022-01-29,SALE069164,Paid Repaired
CLM010602,2022-12-18,SALE069176,Completed
CLM010603,2024-09-04,SALE069179,Paid Repaired
CLM010604,2022-11-05,SALE069192,Completed
CLM010605,2023-03-28,SALE069195,Warranty Void
CLM010606,2023-02-08,SALE069196,Completed
CLM010607,2025-11-23,SALE069198,Completed
CLM010608,2021-09-11,SALE069200,Pending
CLM010609,2025-11-02,SALE069209,Paid Repaired
CLM010610,2025-10-12,SALE069210,Completed
CLM010611,2024-07-27,SALE069211,Warranty Void
CLM010612,2023-12-24,SALE069216,Paid Repaired
CLM010613,2025-05-11,SALE069220,Replaced
CLM010614,2022-04-05,SALE069225,Replaced
CLM010615,2024-01-08,SALE069234,Completed
CLM010616,2020-07-26,SALE069236,Completed
CLM010617,2023-02-22,SALE069237,Completed
CLM010618,2022-06-25,SALE069247,Completed
CLM010619,2022-07-01,SALE069249,Completed
CLM010620,2023-02-19,SALE069256,Pending
CLM010621,2020-10-31,SALE069260,Completed
CLM010622,2022-01-29,SALE069263,Completed
CLM010623,2024-05-16,SALE069272,Rejected
CLM010624,2023-05-12,SALE069274,Completed
CLM010625,2021-11-25,SALE069276,Completed
CLM010626,2024-03-28,SALE069279,Pending
CLM010627,2023-10-05,SALE069298,Completed
CLM010628,2022-07-17,SALE069299,Replaced
CLM010629,2023-03-24,SALE069311,Pending
CLM010630,2023-06-08,SALE069314,Replaced
CLM010631,2021-04-25,SALE069334,Paid Repaired
CLM010632,2024-11-10,SALE069352,Pending
CLM010633,2025-12-31,SALE069376,Completed
CLM010634,2023-02-27,SALE069386,Completed
CLM010635,2022-07-16,SALE069389,Replaced
CLM010636,2025-08-09,SALE069406,Paid Repaired
CLM010637,2024-01-25,SALE069412,Warranty Void
CLM010638,2022-09-01,SALE069416,Completed
CLM010639,2021-12-13,SALE069426,Completed
CLM010640,2025-01-25,SALE069427,Paid Repaired
CLM010641,2021-08-04,SALE069436,Paid Repaired
CLM010642,2021-06-13,SALE069440,Completed
CLM010643,2025-12-31,SALE069443,Completed
CLM010644,2023-10-24,SALE069447,Pending
CLM010645,2025-12-31,SALE069448,Completed
CLM010646,2025-12-31,SALE069450,Paid Repaired
CLM010647,2022-10-13,SALE069452,Completed
CLM010648,2025-12-31,SALE069458,Warranty Void
CLM010649,2023-03-28,SALE069461,Warranty Void
CLM010650,2025-03-04,SALE069472,Pending
CLM010651,2025-03-18,SALE069476,Warranty Void
CLM010652,2021-09-23,SALE069480,Paid Repaired
CLM010653,2023-12-25,SALE069481,Completed
CLM010654,2022-03-17,SALE069494,Paid Repaired
CLM010655,2023-03-24,SALE069496,Replaced
CLM010656,2024-11-27,SALE069497,Warranty Void
CLM010657,2025-03-21,SALE069498,Completed
CLM010658,2025-10-22,SALE069499,Completed
CLM010659,2023-08-12,SALE069501,Completed
CLM010660,2022-04-21,SALE069502,Completed
CLM010661,2025-06-15,SALE069504,Completed
CLM010662,2024-05-20,SALE069525,Replaced
CLM010663,2024-05-30,SALE069527,Paid Repaired
CLM010664,2024-12-27,SALE069534,Paid Repaired
CLM010665,2022-09-08,SALE069542,Replaced
CLM010666,2025-01-13,SALE069543,Completed
CLM010667,2020-07-06,SALE069549,Pending
CLM010668,2025-11-05,SALE069576,Completed
CLM010669,2025-01-14,SALE069587,Replaced
CLM010670,2021-10-18,SALE069588,Completed
CLM010671,2021-08-01,SALE069590,Completed
CLM010672,2022-08-30,SALE069594,Replaced
CLM010673,2021-02-10,SALE069597,Completed
CLM010674,2024-04-28,SALE069605,Completed
CLM010675,2025-01-21,SALE069620,Completed
CLM010676,2025-03-28,SALE069622,Completed
CLM010677,2020-07-02,SALE069623,Warranty Void
CLM010678,2024-06-01,SALE069639,Completed
CLM010679,2025-12-31,SALE069652,Replaced
CLM010680,2021-09-10,SALE069659,Pending
CLM010681,2025-08-19,SALE069663,Completed
CLM010682,2025-03-27,SALE069665,Completed
CLM010683,2022-01-25,SALE069666,Pending
CLM010684,2025-11-26,SALE069680,Completed
CLM010685,2024-07-14,SALE069691,Completed
CLM010686,2025-02-20,SALE069692,Paid Repaired
CLM010687,2023-09-18,SALE069693,Completed
CLM010688,2021-03-15,SALE069697,Completed
CLM010689,2024-05-25,SALE069702,Pending
CLM010690,2023-12-22,SALE069715,Completed
CLM010691,2021-07-09,SALE069716,Completed
CLM010692,2025-12-31,SALE069719,Completed
CLM010693,2024-09-26,SALE069729,Replaced
CLM010694,2021-10-30,SALE069731,Rejected
CLM010695,2025-01-11,SALE069733,Completed
CLM010696,2025-12-31,SALE069734,Paid Repaired
CLM010697,2021-01-13,SALE069739,Completed
CLM010698,2021-07-26,SALE069742,Completed
CLM010699,2021-02-12,SALE069746,Completed
CLM010700,2023-03-29,SALE069758,Completed
CLM010701,2023-01-17,SALE069772,Pending
CLM010702,2023-04-05,SALE069780,Completed
CLM010703,2025-03-15,SALE069788,Paid Repaired
CLM010704,2023-04-06,SALE069794,Warranty Void
CLM010705,2020-10-15,SALE069808,Completed
CLM010706,2023-03-31,SALE069814,Replaced
CLM010707,2025-12-28,SALE069820,Completed
CLM010708,2021-07-04,SALE069823,Completed
CLM010709,2021-10-08,SALE069827,Completed
CLM010710,2023-02-24,SALE069834,Completed
CLM010711,2023-06-22,SALE069839,Paid Repaired
CLM010712,2024-11-27,SALE069848,Completed
CLM010713,2022-02-10,SALE069851,Completed
CLM010714,2022-09-01,SALE069878,Completed
CLM010715,2023-06-07,SALE069880,Completed
CLM010716,2025-09-13,SALE069886,Replaced
CLM010717,2025-12-30,SALE069887,Completed
CLM010718,2022-01-31,SALE069892,Paid Repaired
CLM010719,2023-07-13,SALE069893,Completed
CLM010720,2022-01-02,SALE069896,Paid Repaired
CLM010721,2023-09-25,SALE069900,Completed
CLM010722,2021-08-08,SALE069901,Completed
CLM010723,2024-10-16,SALE069912,Warranty Void
CLM010724,2020-08-27,SALE069914,Warranty Void
CLM010725,2023-02-12,SALE069918,Rejected
CLM010726,2021-11-18,SALE069921,Completed
CLM010727,2022-02-13,SALE069926,Completed
CLM010728,2022-06-16,SALE069933,Completed
CLM010729,2020-10-06,SALE069940,Warranty Void
CLM010730,2024-03-08,SALE069946,Replaced
CLM010731,2025-03-11,SALE069950,Warranty Void
CLM010732,2024-01-05,SALE069951,Paid Repaired
CLM010733,2025-12-27,SALE069954,Completed
CLM010734,2021-01-30,SALE069962,Rejected
CLM010735,2021-09-01,SALE069974,Rejected
CLM010736,2021-08-02,SALE069975,Completed
CLM010737,2023-11-14,SALE069978,Replaced
CLM010738,2021-04-11,SALE069985,Replaced
CLM010739,2023-02-15,SALE069998,Paid Repaired
CLM010740,2024-02-11,SALE070012,Completed
CLM010741,2023-11-26,SALE070015,Completed
CLM010742,2021-10-26,SALE070022,Pending
CLM010743,2021-06-22,SALE070033,Paid Repaired
CLM010744,2021-10-24,SALE070054,Completed
CLM010745,2024-08-22,SALE070060,Warranty Void
CLM010746,2025-02-02,SALE070062,Completed
CLM010747,2022-11-06,SALE070065,Completed
CLM010748,2021-04-20,SALE070068,Pending
CLM010749,2025-12-31,SALE070072,Paid Repaired
CLM010750,2024-07-18,SALE070077,Paid Repaired
CLM010751,2022-06-09,SALE070080,Completed
CLM010752,2023-02-25,SALE070085,Completed
CLM010753,2025-04-10,SALE070093,Completed
CLM010754,2023-02-26,SALE070114,Replaced
CLM010755,2021-12-12,SALE070116,Pending
CLM010756,2025-01-02,SALE070129,Paid Repaired
CLM010757,2024-08-04,SALE070130,Paid Repaired
CLM010758,2024-12-27,SALE070133,Completed
CLM010759,2025-01-30,SALE070139,Replaced
CLM010760,2024-03-14,SALE070142,Replaced
CLM010761,2024-07-25,SALE070163,Completed
CLM010762,2024-02-27,SALE070168,Completed
CLM010763,2023-07-29,SALE070173,Replaced
CLM010764,2024-09-26,SALE070174,Replaced
CLM010765,2025-12-31,SALE070181,Paid Repaired
CLM010766,2025-06-07,SALE070190,Replaced
CLM010767,2021-04-24,SALE070195,Completed
CLM010768,2025-10-09,SALE070204,Replaced
CLM010769,2024-01-14,SALE070223,Pending
CLM010770,2021-10-30,SALE070225,Replaced
CLM010771,2024-02-23,SALE070226,Completed
CLM010772,2022-04-16,SALE070236,Replaced
CLM010773,2021-09-10,SALE070239,Pending
CLM010774,2023-12-01,SALE070251,Warranty Void
CLM010775,2021-06-11,SALE070252,Completed
CLM010776,2023-07-13,SALE070259,Replaced
CLM010777,2023-12-01,SALE070260,Replaced
CLM010778,2021-12-05,SALE070281,Replaced
CLM010779,2025-07-22,SALE070287,Completed
CLM010780,2025-12-31,SALE070288,Completed
CLM010781,2022-08-16,SALE070289,Rejected
CLM010782,2023-05-11,SALE070290,Replaced
CLM010783,2024-06-13,SALE070305,Completed
CLM010784,2023-06-09,SALE070310,Completed
CLM010785,2025-01-13,SALE070315,Pending
CLM010786,2022-09-18,SALE070318,Replaced
CLM010787,2023-10-04,SALE070326,Completed
CLM010788,2022-08-25,SALE070328,Completed
CLM010789,2025-08-04,SALE070329,Completed
CLM010790,2025-04-11,SALE070337,Completed
CLM010791,2023-08-20,SALE070343,Replaced
CLM010792,2024-03-01,SALE070346,Replaced
CLM010793,2023-02-22,SALE070352,Pending
CLM010794,2021-10-19,SALE070357,Completed
CLM010795,2023-01-29,SALE070358,Rejected
CLM010796,2022-06-06,SALE070362,Paid Repaired
CLM010797,2023-06-17,SALE070364,Completed
CLM010798,2022-12-28,SALE070365,Completed
CLM010799,2025-10-07,SALE070367,Completed
CLM010800,2025-09-02,SALE070369,Completed
CLM010801,2021-05-25,SALE070385,Paid Repaired
CLM010802,2023-05-07,SALE070388,Warranty Void
CLM010803,2023-04-24,SALE070397,Paid Repaired
CLM010804,2022-02-20,SALE070404,Paid Repaired
CLM010805,2023-10-03,SALE070407,Replaced
CLM010806,2025-04-15,SALE070411,Pending
CLM010807,2021-06-30,SALE070414,Completed
CLM010808,2024-08-14,SALE070419,Completed
CLM010809,2021-12-22,SALE070420,Completed
CLM010810,2024-03-27,SALE070435,Completed
CLM010811,2023-07-05,SALE070447,Completed
CLM010812,2023-08-27,SALE070457,Completed
CLM010813,2023-03-25,SALE070461,Paid Repaired
CLM010814,2025-12-31,SALE070467,Replaced
CLM010815,2025-12-31,SALE070468,Completed
CLM010816,2023-09-23,SALE070469,Completed
CLM010817,2021-03-28,SALE070476,Replaced
CLM010818,2022-04-20,SALE070500,Replaced
CLM010819,2024-07-29,SALE070502,Completed
CLM010820,2025-11-03,SALE070505,Replaced
CLM010821,2022-12-06,SALE070515,Paid Repaired
CLM010822,2021-03-16,SALE070520,Completed
CLM010823,2020-08-14,SALE070532,Completed
CLM010824,2025-07-02,SALE070535,Completed
CLM010825,2025-11-16,SALE070540,Paid Repaired
CLM010826,2025-01-27,SALE070541,Paid Repaired
CLM010827,2023-07-01,SALE070547,Completed
CLM010828,2023-07-16,SALE070550,Completed
CLM010829,2022-02-07,SALE070561,Paid Repaired
CLM010830,2023-06-01,SALE070569,Warranty Void
CLM010831,2025-12-31,SALE070587,Completed
CLM010832,2023-04-15,SALE070595,Replaced
CLM010833,2024-02-16,SALE070601,Completed
CLM010834,2025-06-16,SALE070605,Completed
CLM010835,2025-01-21,SALE070617,Completed
CLM010836,2021-11-17,SALE070622,Replaced
CLM010837,2020-10-15,SALE070624,Paid Repaired
CLM010838,2025-02-06,SALE070626,Completed
CLM010839,2024-02-04,SALE070633,Completed
CLM010840,2021-12-09,SALE070634,Completed
CLM010841,2022-06-01,SALE070635,Paid Repaired
CLM010842,2021-01-05,SALE070647,Pending
CLM010843,2025-09-06,SALE070648,Warranty Void
CLM010844,2021-04-02,SALE070650,Replaced
CLM010845,2025-12-16,SALE070656,Completed
CLM010846,2022-05-29,SALE070660,Warranty Void
CLM010847,2023-11-04,SALE070661,Pending
CLM010848,2022-02-25,SALE070667,Replaced
CLM010849,2024-06-01,SALE070669,Completed
CLM010850,2022-07-07,SALE070672,Paid Repaired
CLM010851,2025-07-19,SALE070684,Rejected
CLM010852,2022-02-05,SALE070694,Completed
CLM010853,2025-01-25,SALE070706,Paid Repaired
CLM010854,2024-01-18,SALE070709,Completed
CLM010855,2025-07-19,SALE070718,Paid Repaired
CLM010856,2022-10-17,SALE070728,Replaced
CLM010857,2025-09-02,SALE070739,Completed
CLM010858,2024-04-19,SALE070740,Warranty Void
CLM010859,2025-01-10,SALE070762,Completed
CLM010860,2021-05-06,SALE070763,Pending
CLM010861,2022-12-28,SALE070775,Paid Repaired
CLM010862,2025-06-18,SALE070777,Paid Repaired
CLM010863,2025-04-08,SALE070784,Completed
CLM010864,2022-01-15,SALE070787,Replaced
CLM010865,2023-12-13,SALE070799,Rejected
CLM010866,2025-08-21,SALE070811,Pending
CLM010867,2020-09-25,SALE070831,Completed
CLM010868,2024-02-20,SALE070856,Replaced
CLM010869,2025-04-18,SALE070860,Paid Repaired
CLM010870,2025-04-30,SALE070862,Paid Repaired
CLM010871,2022-03-08,SALE070864,Completed
CLM010872,2022-03-16,SALE070868,Replaced
CLM010873,2023-02-26,SALE070870,Completed
CLM010874,2025-01-24,SALE070876,Completed
CLM010875,2025-01-16,SALE070877,Completed
CLM010876,2022-06-25,SALE070881,Replaced
CLM010877,2022-08-18,SALE070885,Completed
CLM010878,2024-11-19,SALE070889,Completed
CLM010879,2021-10-29,SALE070892,Completed
CLM010880,2021-03-27,SALE070912,Completed
CLM010881,2021-04-23,SALE070917,Pending
CLM010882,2024-01-25,SALE070922,Replaced
CLM010883,2025-07-19,SALE070930,Pending
CLM010884,2025-10-25,SALE070932,Replaced
CLM010885,2021-09-12,SALE070933,Paid Repaired
CLM010886,2020-07-27,SALE070936,Paid Repaired
CLM010887,2022-09-11,SALE070941,Completed
CLM010888,2024-05-30,SALE070942,Pending
CLM010889,2023-12-27,SALE070947,Completed
CLM010890,2024-06-18,SALE070949,Warranty Void
CLM010891,2021-05-29,SALE070951,Completed
CLM010892,2024-12-08,SALE070964,Completed
CLM010893,2025-11-19,SALE070971,Replaced
CLM010894,2025-12-31,SALE070979,Completed
CLM010895,2021-06-30,SALE070988,Warranty Void
CLM010896,2024-12-09,SALE070998,Pending
CLM010897,2020-12-08,SALE071006,Replaced
CLM010898,2024-06-29,SALE071010,Completed
CLM010899,2020-10-25,SALE071016,Completed
CLM010900,2020-06-17,SALE071020,Completed
CLM010901,2023-04-20,SALE071032,Completed
CLM010902,2025-12-31,SALE071035,Paid Repaired
CLM010903,2024-07-14,SALE071039,Completed
CLM010904,2024-02-08,SALE071041,Replaced
CLM010905,2020-10-23,SALE071044,Paid Repaired
CLM010906,2025-02-14,SALE071057,Completed
CLM010907,2022-07-31,SALE071061,Pending
CLM010908,2022-04-20,SALE071063,Completed
CLM010909,2025-06-06,SALE071066,Paid Repaired
CLM010910,2021-10-09,SALE071072,Completed
CLM010911,2024-10-29,SALE071093,Rejected
CLM010912,2020-11-13,SALE071100,Replaced
CLM010913,2022-12-27,SALE071112,Paid Repaired
CLM010914,2024-01-01,SALE071136,Completed
CLM010915,2023-04-30,SALE071142,Completed
CLM010916,2024-08-12,SALE071149,Completed
CLM010917,2022-11-02,SALE071151,Completed
CLM010918,2020-08-24,SALE071154,Completed
CLM010919,2021-06-16,SALE071155,Paid Repaired
CLM010920,2024-12-07,SALE071157,Completed
CLM010921,2023-04-27,SALE071163,Rejected
CLM010922,2024-12-28,SALE071182,Pending
CLM010923,2022-07-31,SALE071186,Rejected
CLM010924,2022-05-08,SALE071188,Pending
CLM010925,2022-01-19,SALE071194,Completed
CLM010926,2025-01-23,SALE071199,Replaced
CLM010927,2022-04-02,SALE071201,Paid Repaired
CLM010928,2022-12-01,SALE071202,Completed
CLM010929,2022-01-20,SALE071203,Completed
CLM010930,2025-08-28,SALE071206,Completed
CLM010931,2025-03-15,SALE071208,Replaced
CLM010932,2023-03-27,SALE071221,Warranty Void
CLM010933,2025-12-31,SALE071228,Replaced
CLM010934,2024-06-17,SALE071231,Replaced
CLM010935,2024-01-11,SALE071233,Completed
CLM010936,2021-08-22,SALE071234,Pending
CLM010937,2024-07-06,SALE071237,Paid Repaired
CLM010938,2020-09-04,SALE071267,Completed
CLM010939,2022-06-27,SALE071269,Paid Repaired
CLM010940,2023-01-06,SALE071273,Completed
CLM010941,2025-01-10,SALE071278,Pending
CLM010942,2022-06-22,SALE071283,Rejected
CLM010943,2025-09-28,SALE071288,Completed
CLM010944,2022-01-06,SALE071290,Replaced
CLM010945,2022-08-15,SALE071291,Completed
CLM010946,2025-09-05,SALE071294,Replaced
CLM010947,2024-09-21,SALE071311,Completed
CLM010948,2025-12-31,SALE071318,Completed
CLM010949,2025-02-12,SALE071321,Rejected
CLM010950,2025-12-31,SALE071342,Rejected
CLM010951,2022-09-16,SALE071343,Completed
CLM010952,2021-08-14,SALE071344,Paid Repaired
CLM010953,2025-07-29,SALE071346,Completed
CLM010954,2023-12-29,SALE071347,Completed
CLM010955,2025-02-15,SALE071351,Replaced
CLM010956,2025-12-31,SALE071354,Pending
CLM010957,2021-11-24,SALE071355,Completed
CLM010958,2023-09-23,SALE071357,Pending
CLM010959,2024-10-26,SALE071358,Replaced
CLM010960,2025-12-31,SALE071365,Paid Repaired
CLM010961,2021-02-07,SALE071366,Replaced
CLM010962,2025-03-20,SALE071367,Pending
CLM010963,2025-06-12,SALE071369,Completed
CLM010964,2025-01-06,SALE071372,Replaced
CLM010965,2022-08-25,SALE071378,Paid Repaired
CLM010966,2021-12-22,SALE071382,Warranty Void
CLM010967,2025-09-11,SALE071412,Completed
CLM010968,2023-01-22,SALE071418,Pending
CLM010969,2023-04-18,SALE071429,Paid Repaired
CLM010970,2023-03-31,SALE071430,Replaced
CLM010971,2022-08-10,SALE071441,Replaced
CLM010972,2024-08-05,SALE071456,Completed
CLM010973,2022-07-07,SALE071460,Pending
CLM010974,2021-03-18,SALE071468,Completed
CLM010975,2024-10-03,SALE071473,Pending
CLM010976,2025-01-02,SALE071474,Replaced
CLM010977,2022-02-25,SALE071478,Completed
CLM010978,2022-12-31,SALE071483,Warranty Void
CLM010979,2022-03-05,SALE071494,Completed
CLM010980,2022-05-17,SALE071506,Replaced
CLM010981,2022-01-28,SALE071521,Completed
CLM010982,2024-08-13,SALE071528,Rejected
CLM010983,2021-03-21,SALE071530,Replaced
CLM010984,2021-06-05,SALE071532,Pending
CLM010985,2024-05-21,SALE071537,Completed
CLM010986,2021-08-30,SALE071563,Paid Repaired
CLM010987,2024-06-28,SALE071568,Replaced
CLM010988,2024-10-12,SALE071572,Replaced
CLM010989,2025-12-31,SALE071575,Warranty Void
CLM010990,2021-09-16,SALE071576,Completed
CLM010991,2020-12-04,SALE071580,Completed
CLM010992,2024-11-08,SALE071584,Warranty Void
CLM010993,2022-08-19,SALE071585,Completed
CLM010994,2025-11-11,SALE071593,Completed
CLM010995,2024-12-17,SALE071602,Completed
CLM010996,2023-09-12,SALE071607,Completed
CLM010997,2025-07-20,SALE071631,Completed
CLM010998,2023-05-23,SALE071639,Replaced
CLM010999,2020-08-01,SALE071643,Completed
CLM011000,2025-06-04,SALE071646,Completed
CLM011001,2025-09-29,SALE071648,Pending
CLM011002,2021-04-12,SALE071649,Replaced
CLM011003,2024-07-01,SALE071650,Replaced
CLM011004,2022-01-27,SALE071651,Replaced
CLM011005,2021-12-24,SALE071669,Completed
CLM011006,2025-05-27,SALE071675,Completed
CLM011007,2021-04-19,SALE071681,Completed
CLM011008,2025-12-07,SALE071683,Completed
CLM011009,2025-01-30,SALE071691,Warranty Void
CLM011010,2022-12-19,SALE071710,Completed
CLM011011,2024-09-11,SALE071712,Paid Repaired
CLM011012,2025-08-04,SALE071716,Completed
CLM011013,2021-06-11,SALE071732,Replaced
CLM011014,2020-05-23,SALE071734,Replaced
CLM011015,2021-02-09,SALE071767,Completed
CLM011016,2020-07-18,SALE071772,Replaced
CLM011017,2025-12-31,SALE071776,Completed
CLM011018,2024-12-26,SALE071777,Paid Repaired
CLM011019,2020-07-02,SALE071787,Completed
CLM011020,2023-11-09,SALE071791,Paid Repaired
CLM011021,2022-02-03,SALE071798,Replaced
CLM011022,2020-05-12,SALE071815,Paid Repaired
CLM011023,2024-01-07,SALE071819,Completed
CLM011024,2021-08-04,SALE071825,Rejected
CLM011025,2021-12-03,SALE071828,Rejected
CLM011026,2023-05-22,SALE071842,Pending
CLM011027,2024-03-27,SALE071845,Replaced
CLM011028,2022-05-18,SALE071857,Paid Repaired
CLM011029,2023-01-25,SALE071866,Pending
CLM011030,2023-02-20,SALE071869,Paid Repaired
CLM011031,2021-05-11,SALE071891,Replaced
CLM011032,2023-01-23,SALE071895,Replaced
CLM011033,2024-08-03,SALE071896,Rejected
CLM011034,2023-06-05,SALE071897,Pending
CLM011035,2021-05-25,SALE071914,Completed
CLM011036,2021-12-05,SALE071931,Replaced
CLM011037,2025-12-31,SALE071948,Warranty Void
CLM011038,2024-09-15,SALE071951,Completed
CLM011039,2025-03-06,SALE071954,Completed
CLM011040,2025-04-25,SALE071957,Paid Repaired
CLM011041,2025-04-13,SALE071967,Completed
CLM011042,2021-06-26,SALE071970,Paid Repaired
CLM011043,2024-06-01,SALE071973,Pending
CLM011044,2021-06-15,SALE071978,Completed
CLM011045,2020-07-29,SALE071982,Pending
CLM011046,2024-08-25,SALE071993,Completed
CLM011047,2025-01-05,SALE072002,Replaced
CLM011048,2023-11-23,SALE072011,Pending
CLM011049,2023-04-20,SALE072013,Completed
CLM011050,2023-10-08,SALE072019,Replaced
CLM011051,2021-02-13,SALE072026,Completed
CLM011052,2021-04-19,SALE072034,Rejected
CLM011053,2024-04-23,SALE072042,Paid Repaired
CLM011054,2023-10-27,SALE072048,Completed
CLM011055,2022-08-01,SALE072051,Pending
CLM011056,2024-12-15,SALE072061,Pending
CLM011057,2022-09-20,SALE072064,Completed
CLM011058,2024-03-18,SALE072069,Completed
CLM011059,2022-04-19,SALE072070,Paid Repaired
CLM011060,2023-10-31,SALE072072,Completed
CLM011061,2021-04-16,SALE072073,Completed
CLM011062,2020-11-17,SALE072074,Rejected
CLM011063,2024-10-14,SALE072077,Paid Repaired
CLM011064,2023-01-23,SALE072084,Paid Repaired
CLM011065,2021-10-08,SALE072085,Completed
CLM011066,2024-07-14,SALE072087,Warranty Void
CLM011067,2025-12-05,SALE072098,Pending
CLM011068,2024-12-13,SALE072100,Paid Repaired
CLM011069,2025-10-10,SALE072103,Completed
CLM011070,2025-12-31,SALE072107,Rejected
CLM011071,2024-04-22,SALE072128,Replaced
CLM011072,2025-10-13,SALE072129,Paid Repaired
CLM011073,2021-01-03,SALE072130,Replaced
CLM011074,2022-05-10,SALE072139,Completed
CLM011075,2022-11-01,SALE072140,Completed
CLM011076,2025-02-20,SALE072148,Pending
CLM011077,2022-08-04,SALE072153,Replaced
CLM011078,2024-12-15,SALE072159,Completed
CLM011079,2021-02-14,SALE072161,Paid Repaired
CLM011080,2022-11-05,SALE072168,Replaced
CLM011081,2025-11-13,SALE072171,Replaced
CLM011082,2023-05-28,SALE072188,Completed
CLM011083,2025-11-17,SALE072226,Completed
CLM011084,2021-12-31,SALE072229,Rejected
CLM011085,2022-02-15,SALE072236,Completed
CLM011086,2024-10-23,SALE072244,Paid Repaired
CLM011087,2023-12-18,SALE072253,Pending
CLM011088,2024-08-12,SALE072255,Completed
CLM011089,2021-05-23,SALE072262,Completed
CLM011090,2021-09-26,SALE072268,Warranty Void
CLM011091,2023-09-13,SALE072271,Replaced
CLM011092,2022-06-27,SALE072274,Completed
CLM011093,2021-06-18,SALE072277,Completed
CLM011094,2025-01-23,SALE072282,Replaced
CLM011095,2025-12-31,SALE072284,Paid Repaired
CLM011096,2024-09-22,SALE072305,Completed
CLM011097,2025-03-22,SALE072311,Warranty Void
CLM011098,2023-11-03,SALE072315,Completed
CLM011099,2022-02-20,SALE072316,Completed
CLM011100,2024-08-09,SALE072321,Completed
CLM011101,2023-09-15,SALE072326,Paid Repaired
CLM011102,2024-11-20,SALE072332,Completed
CLM011103,2020-10-23,SALE072340,Completed
CLM011104,2021-08-06,SALE072341,Warranty Void
CLM011105,2021-11-10,SALE072359,Pending
CLM011106,2021-02-25,SALE072374,Pending
CLM011107,2025-02-12,SALE072375,Completed
CLM011108,2025-05-07,SALE072386,Pending
CLM011109,2024-11-07,SALE072387,Pending
CLM011110,2023-04-02,SALE072391,Completed
CLM011111,2025-01-01,SALE072395,Replaced
CLM011112,2021-05-31,SALE072396,Completed
CLM011113,2024-08-20,SALE072416,Rejected
CLM011114,2022-11-24,SALE072420,Paid Repaired
CLM011115,2025-03-25,SALE072421,Paid Repaired
CLM011116,2022-10-26,SALE072422,Completed
CLM011117,2025-07-08,SALE072442,Pending
CLM011118,2022-11-07,SALE072448,Completed
CLM011119,2024-05-18,SALE072451,Completed
CLM011120,2025-12-31,SALE072456,Completed
CLM011121,2023-01-08,SALE072463,Completed
CLM011122,2025-12-31,SALE072470,Replaced
CLM011123,2022-05-06,SALE072474,Pending
CLM011124,2025-10-24,SALE072475,Completed
CLM011125,2021-10-09,SALE072476,Paid Repaired
CLM011126,2024-10-14,SALE072479,Completed
CLM011127,2021-06-18,SALE072480,Warranty Void
CLM011128,2021-08-18,SALE072481,Replaced
CLM011129,2025-11-03,SALE072487,Replaced
CLM011130,2025-12-03,SALE072503,Paid Repaired
CLM011131,2024-06-02,SALE072518,Replaced
CLM011132,2023-07-30,SALE072528,Completed
CLM011133,2022-03-02,SALE072532,Completed
CLM011134,2021-08-10,SALE072536,Rejected
CLM011135,2024-08-26,SALE072568,Completed
CLM011136,2023-06-03,SALE072571,Completed
CLM011137,2023-04-17,SALE072585,Completed
CLM011138,2021-05-25,SALE072597,Completed
CLM011139,2024-10-20,SALE072605,Completed
CLM011140,2025-09-05,SALE072620,Replaced
CLM011141,2023-03-18,SALE072621,Replaced
CLM011142,2021-10-23,SALE072626,Pending
CLM011143,2022-01-27,SALE072631,Completed
CLM011144,2025-01-15,SALE072633,Paid Repaired
CLM011145,2023-10-01,SALE072642,Paid Repaired
CLM011146,2025-04-26,SALE072644,Pending
CLM011147,2025-03-10,SALE072650,Pending
CLM011148,2023-10-06,SALE072666,Completed
CLM011149,2025-12-20,SALE072668,Completed
CLM011150,2025-09-30,SALE072706,Paid Repaired
CLM011151,2021-12-04,SALE072725,Replaced
CLM011152,2023-08-06,SALE072730,Rejected
CLM011153,2025-02-22,SALE072734,Completed
CLM011154,2023-04-04,SALE072735,Completed
CLM011155,2021-01-08,SALE072747,Completed
CLM011156,2021-12-21,SALE072750,Paid Repaired
CLM011157,2023-01-17,SALE072752,Paid Repaired
CLM011158,2023-01-12,SALE072755,Completed
CLM011159,2024-01-26,SALE072756,Warranty Void
CLM011160,2025-12-31,SALE072759,Completed
CLM011161,2022-09-01,SALE072770,Rejected
CLM011162,2023-03-28,SALE072773,Paid Repaired
CLM011163,2025-11-27,SALE072777,Completed
CLM011164,2024-09-15,SALE072778,Replaced
CLM011165,2023-02-03,SALE072790,Paid Repaired
CLM011166,2023-12-24,SALE072791,Warranty Void
CLM011167,2022-10-27,SALE072795,Pending
CLM011168,2025-08-23,SALE072796,Completed
CLM011169,2021-07-14,SALE072799,Warranty Void
CLM011170,2023-09-20,SALE072801,Warranty Void
CLM011171,2023-08-11,SALE072803,Replaced
CLM011172,2025-12-31,SALE072811,Completed
CLM011173,2024-04-08,SALE072813,Completed
CLM011174,2022-04-10,SALE072818,Completed
CLM011175,2022-02-04,SALE072821,Pending
CLM011176,2025-12-31,SALE072825,Completed
CLM011177,2022-08-20,SALE072845,Completed
CLM011178,2022-02-07,SALE072848,Paid Repaired
CLM011179,2022-08-31,SALE072861,Completed
CLM011180,2022-07-18,SALE072868,Paid Repaired
CLM011181,2025-12-31,SALE072879,Completed
CLM011182,2020-03-23,SALE072888,Completed
CLM011183,2022-11-07,SALE072900,Paid Repaired
CLM011184,2022-05-23,SALE072904,Replaced
CLM011185,2022-02-27,SALE072914,Replaced
CLM011186,2022-02-16,SALE072916,Completed
CLM011187,2020-08-23,SALE072917,Completed
CLM011188,2023-04-27,SALE072922,Warranty Void
CLM011189,2021-10-31,SALE072931,Completed
CLM011190,2024-01-07,SALE072932,Completed
CLM011191,2023-11-18,SALE072933,Completed
CLM011192,2024-03-19,SALE072934,Replaced
CLM011193,2023-08-14,SALE072938,Pending
CLM011194,2021-01-24,SALE072944,Warranty Void
CLM011195,2023-05-06,SALE072951,Replaced
CLM011196,2021-11-11,SALE072954,Completed
CLM011197,2025-12-31,SALE072956,Pending
CLM011198,2020-12-16,SALE072978,Completed
CLM011199,2023-02-08,SALE073017,Replaced
CLM011200,2025-09-15,SALE073035,Paid Repaired
CLM011201,2025-08-30,SALE073042,Completed
CLM011202,2025-06-22,SALE073046,Warranty Void
CLM011203,2025-12-31,SALE073048,Warranty Void
CLM011204,2024-08-25,SALE073052,Completed
CLM011205,2025-07-29,SALE073062,Replaced
CLM011206,2022-03-15,SALE073066,Replaced
CLM011207,2023-04-13,SALE073083,Replaced
CLM011208,2025-12-31,SALE073089,Warranty Void
CLM011209,2022-02-20,SALE073093,Replaced
CLM011210,2022-11-08,SALE073097,Pending
CLM011211,2022-01-10,SALE073099,Paid Repaired
CLM011212,2023-06-03,SALE073111,Completed
CLM011213,2025-11-15,SALE073113,Completed
CLM011214,2022-04-15,SALE073119,Replaced
CLM011215,2023-06-14,SALE073124,Warranty Void
CLM011216,2024-07-16,SALE073125,Completed
CLM011217,2020-12-04,SALE073130,Pending
CLM011218,2024-06-29,SALE073137,Completed
CLM011219,2025-11-07,SALE073142,Completed
CLM011220,2024-06-12,SALE073154,Completed
CLM011221,2025-08-05,SALE073162,Replaced
CLM011222,2025-08-10,SALE073165,Warranty Void
CLM011223,2025-12-31,SALE073166,Warranty Void
CLM011224,2021-01-15,SALE073168,Replaced
CLM011225,2021-10-17,SALE073169,Paid Repaired
CLM011226,2024-01-07,SALE073179,Completed
CLM011227,2023-12-29,SALE073180,Completed
CLM011228,2024-12-15,SALE073181,Completed
CLM011229,2024-05-14,SALE073187,Warranty Void
CLM011230,2022-09-16,SALE073188,Completed
CLM011231,2023-10-07,SALE073213,Pending
CLM011232,2022-06-05,SALE073218,Replaced
CLM011233,2025-12-31,SALE073221,Completed
CLM011234,2022-02-11,SALE073222,Paid Repaired
CLM011235,2023-08-30,SALE073229,Completed
CLM011236,2025-12-31,SALE073242,Replaced
CLM011237,2020-09-20,SALE073256,Completed
CLM011238,2021-09-19,SALE073259,Completed
CLM011239,2023-10-10,SALE073284,Replaced
CLM011240,2024-10-26,SALE073287,Completed
CLM011241,2025-08-03,SALE073291,Pending
CLM011242,2023-05-02,SALE073292,Completed
CLM011243,2025-01-24,SALE073296,Replaced
CLM011244,2025-05-28,SALE073298,Warranty Void
CLM011245,2024-05-19,SALE073306,Paid Repaired
CLM011246,2021-02-13,SALE073308,Completed
CLM011247,2022-12-29,SALE073312,Replaced
CLM011248,2022-12-26,SALE073317,Completed
CLM011249,2022-04-14,SALE073323,Warranty Void
CLM011250,2025-12-31,SALE073339,Replaced
CLM011251,2024-04-06,SALE073342,Replaced
CLM011252,2022-07-19,SALE073344,Completed
CLM011253,2023-10-07,SALE073358,Completed
CLM011254,2024-05-22,SALE073360,Pending
CLM011255,2021-04-13,SALE073370,Completed
CLM011256,2025-04-19,SALE073376,Paid Repaired
CLM011257,2020-07-26,SALE073378,Warranty Void
CLM011258,2023-02-16,SALE073379,Replaced
CLM011259,2022-04-20,SALE073380,Warranty Void
CLM011260,2023-07-10,SALE073381,Completed
CLM011261,2023-05-20,SALE073388,Completed
CLM011262,2025-11-05,SALE073391,Replaced
CLM011263,2021-08-26,SALE073392,Completed
CLM011264,2021-11-06,SALE073402,Completed
CLM011265,2021-01-08,SALE073415,Completed
CLM011266,2025-12-31,SALE073438,Completed
CLM011267,2021-07-18,SALE073441,Pending
CLM011268,2024-10-11,SALE073443,Completed
CLM011269,2025-07-12,SALE073448,Completed
CLM011270,2024-08-12,SALE073461,Paid Repaired
CLM011271,2021-05-23,SALE073465,Completed
CLM011272,2021-10-02,SALE073468,Pending
CLM011273,2023-05-23,SALE073469,Warranty Void
CLM011274,2022-03-26,SALE073488,Replaced
CLM011275,2025-06-18,SALE073489,Completed
CLM011276,2025-12-09,SALE073500,Paid Repaired
CLM011277,2025-10-25,SALE073504,Completed
CLM011278,2021-12-06,SALE073524,Paid Repaired
CLM011279,2025-08-03,SALE073529,Rejected
CLM011280,2022-08-31,SALE073533,Warranty Void
CLM011281,2024-12-06,SALE073543,Completed
CLM011282,2025-12-31,SALE073556,Completed
CLM011283,2020-10-12,SALE073557,Completed
CLM011284,2023-03-02,SALE073564,Replaced
CLM011285,2024-05-07,SALE073569,Completed
CLM011286,2021-04-17,SALE073571,Replaced
CLM011287,2025-12-25,SALE073592,Replaced
CLM011288,2021-11-06,SALE073597,Completed
CLM011289,2023-11-05,SALE073606,Paid Repaired
CLM011290,2025-06-26,SALE073616,Replaced
CLM011291,2022-02-09,SALE073618,Pending
CLM011292,2022-11-01,SALE073622,Completed
CLM011293,2022-04-03,SALE073627,Replaced
CLM011294,2024-03-13,SALE073633,Pending
CLM011295,2024-11-19,SALE073640,Replaced
CLM011296,2023-02-05,SALE073643,Completed
CLM011297,2025-09-01,SALE073649,Completed
CLM011298,2025-03-09,SALE073654,Pending
CLM011299,2022-04-06,SALE073658,Completed
CLM011300,2022-08-09,SALE073661,Paid Repaired
CLM011301,2021-07-19,SALE073663,Replaced
CLM011302,2022-07-07,SALE073669,Replaced
CLM011303,2021-11-18,SALE073675,Completed
CLM011304,2025-01-29,SALE073680,Completed
CLM011305,2022-11-26,SALE073683,Completed
CLM011306,2023-10-25,SALE073684,Completed
CLM011307,2025-01-12,SALE073691,Replaced
CLM011308,2021-05-06,SALE073704,Replaced
CLM011309,2023-09-17,SALE073716,Completed
CLM011310,2025-05-05,SALE073720,Completed
CLM011311,2025-06-02,SALE073721,Completed
CLM011312,2025-12-31,SALE073724,Replaced
CLM011313,2021-07-22,SALE073759,Replaced
CLM011314,2022-03-19,SALE073764,Completed
CLM011315,2025-04-20,SALE073766,Replaced
CLM011316,2025-03-09,SALE073772,Completed
CLM011317,2020-10-25,SALE073773,Replaced
CLM011318,2021-01-14,SALE073774,Completed
CLM011319,2025-12-31,SALE073776,Completed
CLM011320,2022-08-17,SALE073793,Pending
CLM011321,2025-08-01,SALE073796,Completed
CLM011322,2021-03-27,SALE073799,Completed
CLM011323,2022-08-04,SALE073800,Rejected
CLM011324,2025-04-10,SALE073801,Paid Repaired
CLM011325,2022-01-02,SALE073805,Paid Repaired
CLM011326,2023-01-25,SALE073808,Replaced
CLM011327,2021-11-23,SALE073813,Completed
CLM011328,2022-07-27,SALE073818,Paid Repaired
CLM011329,2020-12-10,SALE073819,Paid Repaired
CLM011330,2020-09-26,SALE073824,Replaced
CLM011331,2023-02-06,SALE073836,Completed
CLM011332,2024-09-29,SALE073839,Warranty Void
CLM011333,2023-01-20,SALE073846,Completed
CLM011334,2023-11-18,SALE073849,Completed
CLM011335,2022-03-24,SALE073855,Completed
CLM011336,2021-03-06,SALE073858,Completed
CLM011337,2024-08-28,SALE073862,Completed
CLM011338,2023-10-13,SALE073863,Completed
CLM011339,2021-06-14,SALE073864,Paid Repaired
CLM011340,2020-04-04,SALE073873,Completed
CLM011341,2024-11-12,SALE073883,Completed
CLM011342,2022-02-01,SALE073886,Pending
CLM011343,2022-03-24,SALE073888,Replaced
CLM011344,2023-04-08,SALE073892,Completed
CLM011345,2022-10-26,SALE073908,Completed
CLM011346,2022-12-05,SALE073916,Warranty Void
CLM011347,2023-02-06,SALE073917,Pending
CLM011348,2022-02-02,SALE073929,Completed
CLM011349,2021-03-20,SALE073935,Completed
CLM011350,2020-09-04,SALE073945,Completed
CLM011351,2023-01-17,SALE073946,Completed
CLM011352,2023-01-21,SALE073949,Paid Repaired
CLM011353,2023-10-15,SALE073955,Completed
CLM011354,2023-07-15,SALE073956,Completed
CLM011355,2021-09-20,SALE073957,Completed
CLM011356,2022-08-02,SALE073969,Replaced
CLM011357,2022-09-01,SALE073974,Paid Repaired
CLM011358,2025-03-15,SALE073975,Replaced
CLM011359,2024-08-26,SALE073981,Replaced
CLM011360,2021-10-05,SALE073983,Completed
CLM011361,2022-12-06,SALE073984,Paid Repaired
CLM011362,2022-03-24,SALE073986,Completed
CLM011363,2024-10-15,SALE073995,Completed
CLM011364,2024-09-16,SALE073999,Completed
CLM011365,2023-02-10,SALE074003,Completed
CLM011366,2023-08-12,SALE074013,Completed
CLM011367,2024-08-04,SALE074035,Completed
CLM011368,2022-12-16,SALE074039,Completed
CLM011369,2022-09-08,SALE074049,Pending
CLM011370,2024-07-10,SALE074052,Completed
CLM011371,2024-03-10,SALE074060,Completed
CLM011372,2023-11-07,SALE074062,Paid Repaired
CLM011373,2021-03-31,SALE074064,Paid Repaired
CLM011374,2025-12-31,SALE074075,Pending
CLM011375,2021-03-08,SALE074080,Paid Repaired
CLM011376,2024-10-24,SALE074081,Completed
CLM011377,2024-06-15,SALE074083,Completed
CLM011378,2022-10-28,SALE074084,Completed
CLM011379,2025-01-09,SALE074085,Completed
CLM011380,2025-07-03,SALE074091,Warranty Void
CLM011381,2025-12-31,SALE074101,Completed
CLM011382,2022-02-20,SALE074103,Warranty Void
CLM011383,2020-03-27,SALE074108,Replaced
CLM011384,2021-05-24,SALE074109,Pending
CLM011385,2022-02-15,SALE074118,Replaced
CLM011386,2021-11-12,SALE074123,Completed
CLM011387,2022-05-25,SALE074130,Replaced
CLM011388,2021-04-13,SALE074136,Warranty Void
CLM011389,2021-08-09,SALE074143,Completed
CLM011390,2024-01-30,SALE074144,Completed
CLM011391,2024-09-27,SALE074161,Paid Repaired
CLM011392,2021-08-19,SALE074163,Completed
CLM011393,2021-09-29,SALE074175,Replaced
CLM011394,2024-09-19,SALE074176,Completed
CLM011395,2025-12-31,SALE074177,Paid Repaired
CLM011396,2023-12-23,SALE074190,Pending
CLM011397,2024-01-21,SALE074191,Replaced
CLM011398,2025-07-11,SALE074204,Warranty Void
CLM011399,2023-07-22,SALE074218,Warranty Void
CLM011400,2023-12-15,SALE074225,Rejected
CLM011401,2022-03-12,SALE074227,Completed
CLM011402,2024-04-05,SALE074231,Completed
CLM011403,2022-04-18,SALE074232,Completed
CLM011404,2024-08-02,SALE074233,Completed
CLM011405,2023-10-21,SALE074236,Paid Repaired
CLM011406,2022-06-06,SALE074238,Completed
CLM011407,2025-11-05,SALE074255,Completed
CLM011408,2024-05-10,SALE074264,Rejected
CLM011409,2022-04-26,SALE074271,Pending
CLM011410,2025-12-31,SALE074279,Completed
CLM011411,2024-06-04,SALE074282,Completed
CLM011412,2023-08-02,SALE074283,Replaced
CLM011413,2024-10-28,SALE074285,Completed
CLM011414,2024-01-02,SALE074287,Paid Repaired
CLM011415,2023-09-26,SALE074291,Rejected
CLM011416,2022-06-08,SALE074300,Replaced
CLM011417,2021-06-08,SALE074301,Completed
CLM011418,2024-04-27,SALE074306,Completed
CLM011419,2021-09-12,SALE074307,Completed
CLM011420,2023-12-24,SALE074311,Rejected
CLM011421,2025-03-25,SALE074315,Completed
CLM011422,2020-03-26,SALE074322,Replaced
CLM011423,2023-05-08,SALE074329,Completed
CLM011424,2025-10-02,SALE074330,Completed
CLM011425,2025-10-28,SALE074337,Completed
CLM011426,2024-07-25,SALE074339,Paid Repaired
CLM011427,2025-09-07,SALE074340,Completed
CLM011428,2024-01-23,SALE074341,Replaced
CLM011429,2025-03-26,SALE074354,Paid Repaired
CLM011430,2024-11-11,SALE074359,Replaced
CLM011431,2021-06-17,SALE074361,Pending
CLM011432,2024-03-30,SALE074363,Completed
CLM011433,2023-02-08,SALE074369,Completed
CLM011434,2025-04-03,SALE074370,Completed
CLM011435,2022-07-25,SALE074379,Completed
CLM011436,2024-01-03,SALE074383,Replaced
CLM011437,2025-05-10,SALE074387,Completed
CLM011438,2023-10-23,SALE074392,Pending
CLM011439,2025-03-08,SALE074406,Paid Repaired
CLM011440,2021-10-23,SALE074409,Completed
CLM011441,2023-06-14,SALE074413,Pending
CLM011442,2023-01-31,SALE074422,Completed
CLM011443,2022-03-06,SALE074424,Completed
CLM011444,2025-02-17,SALE074434,Paid Repaired
CLM011445,2023-07-10,SALE074455,Completed
CLM011446,2025-12-31,SALE074467,Completed
CLM011447,2024-05-25,SALE074489,Completed
CLM011448,2025-06-19,SALE074491,Completed
CLM011449,2025-06-26,SALE074493,Warranty Void
CLM011450,2025-01-09,SALE074494,Replaced
CLM011451,2025-03-21,SALE074495,Completed
CLM011452,2024-01-09,SALE074509,Pending
CLM011453,2024-08-08,SALE074514,Replaced
CLM011454,2021-02-08,SALE074516,Completed
CLM011455,2023-10-02,SALE074521,Rejected
CLM011456,2021-12-17,SALE074530,Pending
CLM011457,2022-10-25,SALE074533,Rejected
CLM011458,2022-09-19,SALE074545,Completed
CLM011459,2023-08-11,SALE074547,Completed
CLM011460,2024-01-27,SALE074549,Completed
CLM011461,2025-06-20,SALE074556,Completed
CLM011462,2025-11-16,SALE074558,Rejected
CLM011463,2024-07-04,SALE074570,Replaced
CLM011464,2021-08-08,SALE074573,Pending
CLM011465,2023-08-19,SALE074581,Warranty Void
CLM011466,2021-08-06,SALE074588,Completed
CLM011467,2025-09-23,SALE074596,Completed
CLM011468,2025-12-31,SALE074601,Pending
CLM011469,2022-01-14,SALE074603,Paid Repaired
CLM011470,2024-11-23,SALE074623,Replaced
CLM011471,2023-07-17,SALE074627,Completed
CLM011472,2025-12-31,SALE074636,Replaced
CLM011473,2024-05-09,SALE074637,Rejected
CLM011474,2024-09-01,SALE074644,Completed
CLM011475,2021-07-02,SALE074647,Completed
CLM011476,2024-02-05,SALE074654,Completed
CLM011477,2025-10-11,SALE074671,Completed
CLM011478,2024-02-08,SALE074685,Completed
CLM011479,2021-06-12,SALE074692,Completed
CLM011480,2023-08-02,SALE074694,Completed
CLM011481,2021-11-19,SALE074699,Paid Repaired
CLM011482,2023-02-19,SALE074708,Warranty Void
CLM011483,2023-02-25,SALE074710,Paid Repaired
CLM011484,2022-10-29,SALE074714,Paid Repaired
CLM011485,2025-01-20,SALE074719,Pending
CLM011486,2025-07-03,SALE074732,Completed
CLM011487,2023-01-13,SALE074736,Rejected
CLM011488,2021-01-22,SALE074737,Completed
CLM011489,2022-07-08,SALE074740,Completed
CLM011490,2024-01-20,SALE074766,Pending
CLM011491,2025-12-31,SALE074778,Paid Repaired
CLM011492,2022-02-20,SALE074780,Completed
CLM011493,2021-05-28,SALE074783,Paid Repaired
CLM011494,2022-05-30,SALE074803,Completed
CLM011495,2024-11-01,SALE074810,Rejected
CLM011496,2021-07-29,SALE074815,Completed
CLM011497,2022-02-11,SALE074816,Completed
CLM011498,2023-05-15,SALE074819,Completed
CLM011499,2023-12-28,SALE074822,Completed
CLM011500,2022-04-13,SALE074829,Paid Repaired
CLM011501,2022-07-06,SALE074831,Completed
CLM011502,2021-06-20,SALE074832,Paid Repaired
CLM011503,2025-04-08,SALE074843,Completed
CLM011504,2024-09-22,SALE074853,Replaced
CLM011505,2021-10-03,SALE074860,Rejected
CLM011506,2024-06-05,SALE074874,Paid Repaired
CLM011507,2022-06-29,SALE074877,Completed
CLM011508,2021-08-04,SALE074883,Pending
CLM011509,2025-01-01,SALE074885,Rejected
CLM011510,2025-10-14,SALE074887,Paid Repaired
CLM011511,2022-12-13,SALE074898,Warranty Void
CLM011512,2022-03-22,SALE074905,Completed
CLM011513,2025-09-12,SALE074911,Rejected
CLM011514,2021-05-09,SALE074915,Replaced
CLM011515,2023-05-02,SALE074922,Paid Repaired
CLM011516,2021-06-15,SALE074931,Paid Repaired
CLM011517,2023-07-31,SALE074940,Rejected
CLM011518,2023-01-07,SALE074945,Completed
CLM011519,2022-07-30,SALE074949,Replaced
CLM011520,2021-05-13,SALE074966,Paid Repaired
CLM011521,2025-06-24,SALE074970,Completed
CLM011522,2024-05-01,SALE074974,Replaced
CLM011523,2025-08-21,SALE074990,Completed
CLM011524,2022-07-20,SALE074999,Completed
CLM011525,2025-07-25,SALE075004,Replaced
CLM011526,2023-05-10,SALE075007,Rejected
CLM011527,2023-03-06,SALE075009,Replaced
CLM011528,2021-05-15,SALE075013,Paid Repaired
CLM011529,2023-12-24,SALE075015,Paid Repaired
CLM011530,2021-04-28,SALE075017,Replaced
CLM011531,2022-04-21,SALE075029,Completed
CLM011532,2025-12-31,SALE075030,Pending
CLM011533,2025-06-16,SALE075043,Completed
CLM011534,2024-12-20,SALE075060,Completed
CLM011535,2022-11-28,SALE075061,Replaced
CLM011536,2021-11-29,SALE075071,Pending
CLM011537,2021-06-06,SALE075075,Completed
CLM011538,2024-06-16,SALE075086,Completed
CLM011539,2023-02-17,SALE075094,Completed
CLM011540,2022-02-25,SALE075101,Paid Repaired
CLM011541,2025-12-17,SALE075104,Completed
CLM011542,2025-03-31,SALE075118,Replaced
CLM011543,2020-11-11,SALE075126,Completed
CLM011544,2022-05-20,SALE075132,Paid Repaired
CLM011545,2025-08-11,SALE075144,Completed
CLM011546,2024-09-09,SALE075148,Completed
CLM011547,2024-06-25,SALE075157,Pending
CLM011548,2024-08-03,SALE075167,Replaced
CLM011549,2025-12-16,SALE075170,Completed
CLM011550,2024-08-04,SALE075172,Paid Repaired
CLM011551,2025-11-18,SALE075175,Paid Repaired
CLM011552,2024-07-08,SALE075176,Replaced
CLM011553,2021-12-22,SALE075182,Completed
CLM011554,2021-06-06,SALE075187,Warranty Void
CLM011555,2020-12-23,SALE075192,Completed
CLM011556,2025-05-23,SALE075201,Replaced
CLM011557,2023-10-29,SALE075213,Completed
CLM011558,2021-11-09,SALE075223,Completed
CLM011559,2023-06-17,SALE075240,Completed
CLM011560,2021-05-11,SALE075243,Paid Repaired
CLM011561,2022-12-09,SALE075255,Rejected
CLM011562,2023-12-28,SALE075264,Completed
CLM011563,2024-10-10,SALE075266,Pending
CLM011564,2022-11-24,SALE075277,Completed
CLM011565,2025-12-02,SALE075286,Replaced
CLM011566,2023-03-04,SALE075299,Warranty Void
CLM011567,2021-12-16,SALE075303,Replaced
CLM011568,2023-01-11,SALE075313,Pending
CLM011569,2021-11-04,SALE075321,Completed
CLM011570,2025-09-19,SALE075324,Warranty Void
CLM011571,2024-02-09,SALE075332,Replaced
CLM011572,2022-02-05,SALE075351,Rejected
CLM011573,2025-12-31,SALE075354,Replaced
CLM011574,2023-08-20,SALE075355,Completed
CLM011575,2025-07-09,SALE075360,Completed
CLM011576,2025-05-07,SALE075366,Completed
CLM011577,2025-04-04,SALE075367,Paid Repaired
CLM011578,2021-10-24,SALE075369,Replaced
CLM011579,2023-12-22,SALE075370,Completed
CLM011580,2022-01-26,SALE075375,Rejected
CLM011581,2025-12-31,SALE075378,Warranty Void
CLM011582,2025-06-20,SALE075382,Paid Repaired
CLM011583,2020-11-13,SALE075385,Completed
CLM011584,2024-04-23,SALE075391,Completed
CLM011585,2025-07-07,SALE075397,Completed
CLM011586,2024-02-25,SALE075409,Completed
CLM011587,2023-02-28,SALE075420,Completed
CLM011588,2022-02-16,SALE075425,Pending
CLM011589,2024-02-28,SALE075447,Replaced
CLM011590,2023-11-09,SALE075458,Completed
CLM011591,2025-04-08,SALE075459,Pending
CLM011592,2021-02-21,SALE075463,Replaced
CLM011593,2023-11-24,SALE075470,Paid Repaired
CLM011594,2023-06-13,SALE075479,Replaced
CLM011595,2024-09-09,SALE075509,Rejected
CLM011596,2021-05-06,SALE075514,Replaced
CLM011597,2021-05-10,SALE075524,Pending
CLM011598,2025-12-31,SALE075526,Rejected
CLM011599,2023-10-15,SALE075531,Pending
CLM011600,2025-12-31,SALE075533,Completed
CLM011601,2021-09-22,SALE075536,Completed
CLM011602,2023-09-06,SALE075537,Completed
CLM011603,2025-12-31,SALE075538,Pending
CLM011604,2023-04-01,SALE075557,Completed
CLM011605,2021-06-04,SALE075568,Paid Repaired
CLM011606,2023-02-13,SALE075571,Completed
CLM011607,2025-02-01,SALE075573,Rejected
CLM011608,2021-11-21,SALE075581,Paid Repaired
CLM011609,2022-11-01,SALE075590,Replaced
CLM011610,2021-12-09,SALE075592,Pending
CLM011611,2021-03-16,SALE075593,Replaced
CLM011612,2024-08-12,SALE075618,Pending
CLM011613,2023-10-18,SALE075623,Completed
CLM011614,2024-11-05,SALE075634,Completed
CLM011615,2022-08-27,SALE075638,Completed
CLM011616,2022-03-13,SALE075643,Replaced
CLM011617,2023-08-23,SALE075652,Paid Repaired
CLM011618,2025-12-31,SALE075653,Rejected
CLM011619,2024-04-24,SALE075656,Completed
CLM011620,2024-08-14,SALE075658,Paid Repaired
CLM011621,2025-12-31,SALE075659,Replaced
CLM011622,2025-01-30,SALE075673,Rejected
CLM011623,2022-01-11,SALE075676,Rejected
CLM011624,2025-04-20,SALE075678,Replaced
CLM011625,2021-06-06,SALE075681,Replaced
CLM011626,2025-05-02,SALE075688,Warranty Void
CLM011627,2025-06-18,SALE075689,Completed
CLM011628,2025-05-04,SALE075693,Rejected
CLM011629,2025-02-03,SALE075714,Completed
CLM011630,2025-12-31,SALE075719,Completed
CLM011631,2024-10-10,SALE075728,Replaced
CLM011632,2020-10-28,SALE075738,Completed
CLM011633,2025-07-19,SALE075741,Completed
CLM011634,2025-12-13,SALE075754,Replaced
CLM011635,2025-07-13,SALE075758,Completed
CLM011636,2024-12-22,SALE075764,Paid Repaired
CLM011637,2021-09-21,SALE075777,Rejected
CLM011638,2020-05-30,SALE075783,Completed
CLM011639,2021-11-12,SALE075789,Completed
CLM011640,2025-03-24,SALE075793,Paid Repaired
CLM011641,2023-04-25,SALE075796,Completed
CLM011642,2024-04-13,SALE075803,Pending
CLM011643,2022-06-14,SALE075808,Pending
CLM011644,2021-08-17,SALE075814,Completed
CLM011645,2021-12-09,SALE075840,Completed
CLM011646,2021-07-03,SALE075847,Completed
CLM011647,2023-09-04,SALE075853,Replaced
CLM011648,2022-08-05,SALE075865,Completed
CLM011649,2025-12-22,SALE075875,Paid Repaired
CLM011650,2025-07-30,SALE075885,Replaced
CLM011651,2024-04-25,SALE075886,Replaced
CLM011652,2023-10-12,SALE075887,Rejected
CLM011653,2022-10-09,SALE075891,Replaced
CLM011654,2023-11-13,SALE075913,Completed
CLM011655,2023-06-14,SALE075916,Completed
CLM011656,2023-11-15,SALE075923,Completed
CLM011657,2022-08-31,SALE075943,Completed
CLM011658,2024-03-26,SALE075946,Paid Repaired
CLM011659,2022-01-17,SALE075952,Rejected
CLM011660,2025-08-11,SALE075957,Paid Repaired
CLM011661,2020-10-23,SALE075964,Replaced
CLM011662,2023-08-29,SALE075965,Completed
CLM011663,2024-04-24,SALE075995,Completed
CLM011664,2025-02-25,SALE075998,Completed
CLM011665,2022-08-28,SALE076011,Completed
CLM011666,2025-11-16,SALE076013,Rejected
CLM011667,2023-03-04,SALE076014,Paid Repaired
CLM011668,2021-10-13,SALE076018,Replaced
CLM011669,2025-10-07,SALE076024,Completed
CLM011670,2025-12-17,SALE076025,Completed
CLM011671,2021-07-26,SALE076030,Rejected
CLM011672,2024-07-07,SALE076072,Completed
CLM011673,2022-07-06,SALE076074,Replaced
CLM011674,2020-07-16,SALE076076,Completed
CLM011675,2023-01-10,SALE076086,Warranty Void
CLM011676,2025-12-31,SALE076089,Paid Repaired
CLM011677,2025-03-02,SALE076096,Paid Repaired
CLM011678,2023-10-10,SALE076122,Replaced
CLM011679,2021-05-08,SALE076124,Replaced
CLM011680,2020-02-03,SALE076126,Completed
CLM011681,2024-10-31,SALE076129,Paid Repaired
CLM011682,2021-09-24,SALE076136,Pending
CLM011683,2023-03-27,SALE076141,Replaced
CLM011684,2022-12-13,SALE076147,Completed
CLM011685,2025-12-31,SALE076149,Completed
CLM011686,2024-04-04,SALE076152,Replaced
CLM011687,2024-05-18,SALE076153,Completed
CLM011688,2022-07-14,SALE076166,Paid Repaired
CLM011689,2025-04-22,SALE076177,Completed
CLM011690,2022-05-08,SALE076185,Paid Repaired
CLM011691,2025-02-07,SALE076188,Pending
CLM011692,2023-08-30,SALE076189,Completed
CLM011693,2023-03-11,SALE076190,Completed
CLM011694,2021-03-05,SALE076196,Completed
CLM011695,2020-07-20,SALE076200,Pending
CLM011696,2024-02-12,SALE076210,Completed
CLM011697,2025-12-31,SALE076214,Rejected
CLM011698,2023-03-23,SALE076218,Replaced
CLM011699,2022-02-22,SALE076226,Replaced
CLM011700,2024-02-03,SALE076230,Pending
CLM011701,2023-03-07,SALE076241,Paid Repaired
CLM011702,2025-11-28,SALE076244,Pending
CLM011703,2021-05-10,SALE076247,Pending
CLM011704,2025-05-03,SALE076250,Paid Repaired
CLM011705,2023-01-02,SALE076251,Completed
CLM011706,2022-03-20,SALE076263,Replaced
CLM011707,2024-09-04,SALE076270,Warranty Void
CLM011708,2023-11-21,SALE076271,Replaced
CLM011709,2021-02-06,SALE076288,Paid Repaired
CLM011710,2025-07-17,SALE076296,Paid Repaired
CLM011711,2025-11-18,SALE076299,Replaced
CLM011712,2025-09-27,SALE076311,Pending
CLM011713,2024-01-01,SALE076313,Replaced
CLM011714,2021-02-25,SALE076317,Paid Repaired
CLM011715,2025-03-30,SALE076321,Completed
CLM011716,2022-04-04,SALE076329,Completed
CLM011717,2023-04-18,SALE076330,Completed
CLM011718,2024-11-03,SALE076332,Completed
CLM011719,2024-12-15,SALE076351,Pending
CLM011720,2023-06-24,SALE076353,Completed
CLM011721,2023-06-28,SALE076354,Paid Repaired
CLM011722,2023-05-20,SALE076357,Paid Repaired
CLM011723,2021-09-17,SALE076360,Replaced
CLM011724,2025-02-06,SALE076365,Completed
CLM011725,2024-04-03,SALE076368,Paid Repaired
CLM011726,2021-06-20,SALE076370,Paid Repaired
CLM011727,2021-09-28,SALE076372,Replaced
CLM011728,2024-06-27,SALE076379,Completed
CLM011729,2022-10-02,SALE076382,Warranty Void
CLM011730,2021-09-01,SALE076409,Warranty Void
CLM011731,2023-04-05,SALE076425,Completed
CLM011732,2024-06-11,SALE076435,Replaced
CLM011733,2025-01-11,SALE076446,Rejected
CLM011734,2024-04-25,SALE076452,Rejected
CLM011735,2024-07-05,SALE076459,Completed
CLM011736,2020-08-04,SALE076470,Completed
CLM011737,2023-02-13,SALE076490,Completed
CLM011738,2021-09-22,SALE076500,Rejected
CLM011739,2024-09-18,SALE076502,Paid Repaired
CLM011740,2022-07-11,SALE076516,Pending
CLM011741,2025-02-24,SALE076517,Completed
CLM011742,2020-08-25,SALE076524,Completed
CLM011743,2023-08-08,SALE076527,Warranty Void
CLM011744,2022-08-01,SALE076538,Completed
CLM011745,2024-04-24,SALE076542,Paid Repaired
CLM011746,2024-01-26,SALE076549,Completed
CLM011747,2021-07-29,SALE076564,Paid Repaired
CLM011748,2025-03-08,SALE076567,Completed
CLM011749,2022-08-08,SALE076575,Completed
CLM011750,2023-06-15,SALE076580,Completed
CLM011751,2023-03-26,SALE076607,Pending
CLM011752,2025-03-24,SALE076610,Completed
CLM011753,2023-10-01,SALE076616,Completed
CLM011754,2024-04-20,SALE076635,Replaced
CLM011755,2024-06-25,SALE076639,Paid Repaired
CLM011756,2024-03-14,SALE076642,Completed
CLM011757,2025-02-02,SALE076645,Completed
CLM011758,2022-04-08,SALE076646,Completed
CLM011759,2023-04-05,SALE076648,Pending
CLM011760,2023-11-06,SALE076664,Completed
CLM011761,2023-08-29,SALE076670,Pending
CLM011762,2024-09-18,SALE076685,Completed
CLM011763,2020-11-29,SALE076705,Warranty Void
CLM011764,2021-07-02,SALE076710,Completed
CLM011765,2021-08-21,SALE076721,Paid Repaired
CLM011766,2021-07-26,SALE076722,Completed
CLM011767,2022-10-24,SALE076725,Rejected
CLM011768,2024-08-15,SALE076730,Warranty Void
CLM011769,2022-10-08,SALE076734,Completed
CLM011770,2023-03-08,SALE076737,Pending
CLM011771,2023-12-07,SALE076739,Completed
CLM011772,2024-06-12,SALE076747,Completed
CLM011773,2023-02-22,SALE076759,Warranty Void
CLM011774,2023-02-22,SALE076774,Completed
CLM011775,2025-07-26,SALE076778,Completed
CLM011776,2024-04-06,SALE076779,Completed
CLM011777,2025-09-20,SALE076780,Paid Repaired
CLM011778,2021-11-05,SALE076785,Completed
CLM011779,2025-01-01,SALE076799,Paid Repaired
CLM011780,2024-02-27,SALE076813,Completed
CLM011781,2024-02-08,SALE076814,Warranty Void
CLM011782,2022-05-03,SALE076818,Pending
CLM011783,2022-03-02,SALE076819,Warranty Void
CLM011784,2021-09-30,SALE076824,Completed
CLM011785,2022-02-01,SALE076834,Pending
CLM011786,2024-05-23,SALE076843,Replaced
CLM011787,2022-02-22,SALE076845,Completed
CLM011788,2024-07-26,SALE076849,Completed
CLM011789,2025-06-25,SALE076868,Completed
CLM011790,2025-06-27,SALE076869,Rejected
CLM011791,2021-06-12,SALE076882,Completed
CLM011792,2021-02-19,SALE076886,Pending
CLM011793,2023-08-26,SALE076887,Completed
CLM011794,2023-01-06,SALE076895,Completed
CLM011795,2025-12-31,SALE076908,Pending
CLM011796,2025-09-12,SALE076916,Warranty Void
CLM011797,2021-05-04,SALE076920,Completed
CLM011798,2020-09-21,SALE076922,Completed
CLM011799,2023-12-15,SALE076923,Completed
CLM011800,2023-04-26,SALE076931,Completed
CLM011801,2023-05-02,SALE076937,Completed
CLM011802,2024-10-18,SALE076945,Completed
CLM011803,2023-04-19,SALE076949,Replaced
CLM011804,2025-12-31,SALE076950,Rejected
CLM011805,2022-07-30,SALE076952,Replaced
CLM011806,2025-12-31,SALE076971,Pending
CLM011807,2025-07-30,SALE076975,Warranty Void
CLM011808,2020-10-27,SALE076990,Replaced
CLM011809,2025-02-03,SALE076991,Rejected
CLM011810,2024-03-30,SALE076997,Completed
CLM011811,2025-12-31,SALE077003,Rejected
CLM011812,2023-11-01,SALE077004,Paid Repaired
CLM011813,2021-03-28,SALE077009,Pending
CLM011814,2022-01-28,SALE077011,Completed
CLM011815,2025-12-31,SALE077020,Warranty Void
CLM011816,2022-11-08,SALE077022,Paid Repaired
CLM011817,2024-03-31,SALE077024,Completed
CLM011818,2021-10-16,SALE077028,Completed
CLM011819,2025-05-03,SALE077032,Pending
CLM011820,2022-06-14,SALE077041,Completed
CLM011821,2024-09-22,SALE077046,Paid Repaired
CLM011822,2021-06-25,SALE077049,Pending
CLM011823,2023-09-12,SALE077058,Warranty Void
CLM011824,2022-12-13,SALE077063,Warranty Void
CLM011825,2023-05-23,SALE077065,Warranty Void
CLM011826,2022-12-28,SALE077074,Completed
CLM011827,2024-03-15,SALE077086,Warranty Void
CLM011828,2021-07-01,SALE077088,Rejected
CLM011829,2021-07-04,SALE077090,Completed
CLM011830,2024-02-09,SALE077094,Completed
CLM011831,2025-03-01,SALE077099,Completed
CLM011832,2025-01-10,SALE077106,Replaced
CLM011833,2023-10-05,SALE077113,Replaced
CLM011834,2025-01-21,SALE077116,Completed
CLM011835,2023-01-10,SALE077120,Paid Repaired
CLM011836,2025-12-31,SALE077124,Pending
CLM011837,2020-11-20,SALE077134,Completed
CLM011838,2021-06-13,SALE077139,Completed
CLM011839,2023-05-13,SALE077141,Paid Repaired
CLM011840,2025-07-25,SALE077142,Paid Repaired
CLM011841,2022-04-14,SALE077148,Paid Repaired
CLM011842,2025-12-31,SALE077155,Warranty Void
CLM011843,2024-02-01,SALE077162,Replaced
CLM011844,2021-07-23,SALE077163,Completed
CLM011845,2024-04-01,SALE077168,Completed
CLM011846,2021-08-03,SALE077170,Completed
CLM011847,2022-06-30,SALE077173,Replaced
CLM011848,2021-12-12,SALE077178,Replaced
CLM011849,2024-11-18,SALE077181,Completed
CLM011850,2025-01-26,SALE077186,Rejected
CLM011851,2025-12-31,SALE077192,Paid Repaired
CLM011852,2021-12-21,SALE077193,Completed
CLM011853,2021-07-26,SALE077195,Completed
CLM011854,2023-12-16,SALE077198,Completed
CLM011855,2024-12-10,SALE077200,Replaced
CLM011856,2023-08-10,SALE077222,Completed
CLM011857,2025-07-09,SALE077228,Completed
CLM011858,2020-06-30,SALE077231,Replaced
CLM011859,2022-10-18,SALE077233,Paid Repaired
CLM011860,2020-11-16,SALE077248,Completed
CLM011861,2022-04-08,SALE077252,Replaced
CLM011862,2022-07-10,SALE077257,Pending
CLM011863,2025-04-27,SALE077261,Completed
CLM011864,2023-02-27,SALE077264,Paid Repaired
CLM011865,2024-02-22,SALE077265,Completed
CLM011866,2023-06-14,SALE077274,Completed
CLM011867,2022-10-27,SALE077277,Replaced
CLM011868,2023-02-05,SALE077278,Completed
CLM011869,2023-11-23,SALE077280,Warranty Void
CLM011870,2022-01-20,SALE077289,Completed
CLM011871,2021-07-09,SALE077292,Completed
CLM011872,2021-12-29,SALE077294,Paid Repaired
CLM011873,2024-06-21,SALE077300,Paid Repaired
CLM011874,2025-07-26,SALE077302,Completed
CLM011875,2023-12-16,SALE077308,Pending
CLM011876,2021-07-21,SALE077313,Completed
CLM011877,2023-04-30,SALE077320,Replaced
CLM011878,2023-08-19,SALE077323,Replaced
CLM011879,2021-11-04,SALE077325,Pending
CLM011880,2025-12-22,SALE077346,Rejected
CLM011881,2022-03-31,SALE077351,Paid Repaired
CLM011882,2025-05-01,SALE077352,Completed
CLM011883,2025-06-07,SALE077360,Pending
CLM011884,2025-04-26,SALE077361,Warranty Void
CLM011885,2025-11-24,SALE077369,Paid Repaired
CLM011886,2024-01-07,SALE077370,Completed
CLM011887,2024-09-03,SALE077381,Paid Repaired
CLM011888,2024-09-22,SALE077391,Completed
CLM011889,2024-12-20,SALE077392,Completed
CLM011890,2023-09-04,SALE077398,Completed
CLM011891,2023-07-07,SALE077405,Completed
CLM011892,2021-08-20,SALE077410,Completed
CLM011893,2023-02-08,SALE077413,Replaced
CLM011894,2024-07-22,SALE077423,Paid Repaired
CLM011895,2021-03-09,SALE077434,Rejected
CLM011896,2023-02-15,SALE077439,Completed
CLM011897,2025-04-25,SALE077441,Paid Repaired
CLM011898,2025-01-31,SALE077443,Completed
CLM011899,2021-10-08,SALE077451,Replaced
CLM011900,2022-02-16,SALE077459,Warranty Void
CLM011901,2021-03-10,SALE077467,Paid Repaired
CLM011902,2023-11-17,SALE077469,Pending
CLM011903,2025-04-29,SALE077473,Completed
CLM011904,2023-12-30,SALE077480,Pending
CLM011905,2025-07-03,SALE077484,Replaced
CLM011906,2025-12-31,SALE077493,Completed
CLM011907,2020-11-12,SALE077503,Replaced
CLM011908,2025-12-31,SALE077508,Replaced
CLM011909,2024-07-28,SALE077509,Replaced
CLM011910,2024-04-01,SALE077510,Completed
CLM011911,2025-11-04,SALE077518,Completed
CLM011912,2023-11-11,SALE077524,Completed
CLM011913,2021-08-29,SALE077532,Warranty Void
CLM011914,2023-08-15,SALE077535,Completed
CLM011915,2023-10-01,SALE077544,Completed
CLM011916,2023-06-18,SALE077553,Completed
CLM011917,2024-05-16,SALE077558,Completed
CLM011918,2024-02-16,SALE077576,Completed
CLM011919,2022-09-24,SALE077582,Completed
CLM011920,2020-08-07,SALE077589,Rejected
CLM011921,2025-12-31,SALE077593,Paid Repaired
CLM011922,2024-12-22,SALE077600,Completed
CLM011923,2022-03-02,SALE077605,Paid Repaired
CLM011924,2023-09-07,SALE077611,Completed
CLM011925,2022-12-21,SALE077613,Completed
CLM011926,2022-07-09,SALE077620,Paid Repaired
CLM011927,2023-08-05,SALE077637,Completed
CLM011928,2022-02-12,SALE077640,Completed
CLM011929,2021-07-05,SALE077644,Completed
CLM011930,2025-12-31,SALE077646,Warranty Void
CLM011931,2023-08-24,SALE077659,Paid Repaired
CLM011932,2022-01-22,SALE077662,Completed
CLM011933,2025-04-12,SALE077665,Pending
CLM011934,2024-09-24,SALE077686,Replaced
CLM011935,2023-10-14,SALE077706,Replaced
CLM011936,2024-09-01,SALE077707,Completed
CLM011937,2024-11-16,SALE077708,Replaced
CLM011938,2024-03-25,SALE077709,Replaced
CLM011939,2023-01-11,SALE077722,Completed
CLM011940,2023-03-15,SALE077728,Completed
CLM011941,2024-02-14,SALE077730,Paid Repaired
CLM011942,2021-12-24,SALE077732,Completed
CLM011943,2023-11-25,SALE077743,Completed
CLM011944,2024-01-25,SALE077748,Completed
CLM011945,2022-12-14,SALE077752,Replaced
CLM011946,2025-02-18,SALE077760,Completed
CLM011947,2025-01-16,SALE077763,Completed
CLM011948,2020-10-05,SALE077766,Completed
CLM011949,2025-12-31,SALE077773,Rejected
CLM011950,2025-12-31,SALE077777,Pending
CLM011951,2021-09-18,SALE077783,Replaced
CLM011952,2025-04-11,SALE077798,Replaced
CLM011953,2023-02-19,SALE077807,Replaced
CLM011954,2022-02-03,SALE077808,Warranty Void
CLM011955,2021-02-07,SALE077815,Replaced
CLM011956,2024-04-16,SALE077816,Completed
CLM011957,2024-12-13,SALE077825,Pending
CLM011958,2022-06-13,SALE077830,Paid Repaired
CLM011959,2024-09-06,SALE077836,Rejected
CLM011960,2020-06-20,SALE077838,Paid Repaired
CLM011961,2023-07-24,SALE077839,Replaced
CLM011962,2020-11-10,SALE077842,Completed
CLM011963,2024-10-15,SALE077853,Paid Repaired
CLM011964,2022-08-01,SALE077854,Pending
CLM011965,2022-10-17,SALE077855,Completed
CLM011966,2024-06-16,SALE077861,Paid Repaired
CLM011967,2023-12-12,SALE077863,Warranty Void
CLM011968,2025-05-08,SALE077864,Completed
CLM011969,2021-11-23,SALE077867,Completed
CLM011970,2020-04-11,SALE077873,Replaced
CLM011971,2020-04-05,SALE077874,Replaced
CLM011972,2020-11-13,SALE077885,Pending
CLM011973,2020-05-04,SALE077886,Warranty Void
CLM011974,2022-08-17,SALE077889,Completed
CLM011975,2025-08-13,SALE077893,Completed
CLM011976,2024-09-26,SALE077895,Completed
CLM011977,2021-04-20,SALE077902,Completed
CLM011978,2020-10-18,SALE077904,Completed
CLM011979,2023-10-10,SALE077927,Replaced
CLM011980,2022-07-31,SALE077930,Pending
CLM011981,2022-01-15,SALE077936,Replaced
CLM011982,2023-12-03,SALE077939,Rejected
CLM011983,2023-09-25,SALE077945,Replaced
CLM011984,2021-12-28,SALE077949,Pending
CLM011985,2022-11-06,SALE077950,Completed
CLM011986,2025-03-31,SALE077961,Replaced
CLM011987,2024-05-07,SALE077968,Pending
CLM011988,2025-08-28,SALE077978,Warranty Void
CLM011989,2022-11-25,SALE077979,Paid Repaired
CLM011990,2024-08-26,SALE077981,Rejected
CLM011991,2021-05-10,SALE077984,Rejected
CLM011992,2024-09-17,SALE077992,Warranty Void
CLM011993,2024-07-20,SALE077999,Completed
CLM011994,2025-09-16,SALE078004,Replaced
CLM011995,2024-10-26,SALE078008,Completed
CLM011996,2025-11-02,SALE078010,Paid Repaired
CLM011997,2025-12-31,SALE078017,Completed
CLM011998,2023-12-29,SALE078021,Replaced
CLM011999,2025-12-31,SALE078025,Completed
CLM012000,2025-05-18,SALE078031,Completed
CLM012001,2021-11-17,SALE078035,Pending
CLM012002,2021-09-19,SALE078062,Paid Repaired
CLM012003,2023-02-27,SALE078070,Pending
CLM012004,2022-08-08,SALE078088,Completed
CLM012005,2023-11-24,SALE078092,Warranty Void
CLM012006,2025-12-31,SALE078098,Paid Repaired
CLM012007,2024-04-07,SALE078100,Replaced
CLM012008,2022-06-06,SALE078102,Pending
CLM012009,2024-07-31,SALE078108,Paid Repaired
CLM012010,2025-12-31,SALE078111,Paid Repaired
CLM012011,2021-01-06,SALE078116,Paid Repaired
CLM012012,2023-12-12,SALE078121,Completed
CLM012013,2021-01-24,SALE078135,Paid Repaired
CLM012014,2024-02-10,SALE078142,Completed
CLM012015,2023-11-02,SALE078144,Paid Repaired
CLM012016,2022-12-25,SALE078145,Pending
CLM012017,2021-04-11,SALE078150,Completed
CLM012018,2025-03-30,SALE078152,Pending
CLM012019,2022-10-14,SALE078161,Rejected
CLM012020,2021-01-13,SALE078166,Pending
CLM012021,2022-06-13,SALE078173,Completed
CLM012022,2025-10-24,SALE078174,Completed
CLM012023,2025-12-31,SALE078180,Replaced
CLM012024,2021-05-16,SALE078181,Completed
CLM012025,2023-04-16,SALE078198,Rejected
CLM012026,2022-06-04,SALE078206,Completed
CLM012027,2025-03-05,SALE078223,Paid Repaired
CLM012028,2021-09-10,SALE078225,Paid Repaired
CLM012029,2023-10-03,SALE078228,Completed
CLM012030,2024-09-14,SALE078230,Paid Repaired
CLM012031,2022-10-26,SALE078238,Pending
CLM012032,2023-07-07,SALE078240,Completed
CLM012033,2021-11-06,SALE078258,Completed
CLM012034,2024-05-29,SALE078266,Completed
CLM012035,2021-11-30,SALE078268,Completed
CLM012036,2022-10-17,SALE078269,Completed
CLM012037,2023-08-09,SALE078280,Completed
CLM012038,2022-12-30,SALE078287,Paid Repaired
CLM012039,2021-12-17,SALE078289,Warranty Void
CLM012040,2021-09-01,SALE078290,Completed
CLM012041,2021-04-10,SALE078312,Completed
CLM012042,2024-12-12,SALE078318,Pending
CLM012043,2025-05-16,SALE078321,Paid Repaired
CLM012044,2021-07-31,SALE078324,Paid Repaired
CLM012045,2022-05-11,SALE078331,Warranty Void
CLM012046,2021-11-16,SALE078334,Paid Repaired
CLM012047,2021-05-17,SALE078336,Completed
CLM012048,2025-02-15,SALE078338,Completed
CLM012049,2021-06-14,SALE078340,Replaced
CLM012050,2025-11-29,SALE078341,Pending
CLM012051,2025-04-18,SALE078345,Warranty Void
CLM012052,2022-08-20,SALE078347,Replaced
CLM012053,2025-06-14,SALE078348,Completed
CLM012054,2024-12-03,SALE078351,Completed
CLM012055,2023-12-07,SALE078354,Completed
CLM012056,2023-02-20,SALE078357,Paid Repaired
CLM012057,2025-11-02,SALE078360,Replaced
CLM012058,2025-04-28,SALE078363,Completed
CLM012059,2025-12-31,SALE078381,Completed
CLM012060,2025-04-14,SALE078382,Replaced
CLM012061,2023-03-26,SALE078383,Replaced
CLM012062,2022-03-22,SALE078391,Replaced
CLM012063,2025-12-31,SALE078405,Completed
CLM012064,2022-06-20,SALE078419,Paid Repaired
CLM012065,2022-05-28,SALE078427,Completed
CLM012066,2024-05-25,SALE078429,Completed
CLM012067,2025-02-08,SALE078431,Warranty Void
CLM012068,2024-09-02,SALE078432,Pending
CLM012069,2024-07-07,SALE078435,Completed
CLM012070,2025-06-15,SALE078443,Paid Repaired
CLM012071,2025-04-06,SALE078444,Completed
CLM012072,2024-11-06,SALE078445,Replaced
CLM012073,2021-03-14,SALE078457,Completed
CLM012074,2025-04-10,SALE078459,Completed
CLM012075,2021-03-09,SALE078464,Paid Repaired
CLM012076,2024-02-20,SALE078465,Warranty Void
CLM012077,2021-08-07,SALE078474,Paid Repaired
CLM012078,2024-05-07,SALE078488,Rejected
CLM012079,2023-06-14,SALE078490,Replaced
CLM012080,2023-01-30,SALE078495,Replaced
CLM012081,2024-02-29,SALE078503,Paid Repaired
CLM012082,2022-12-01,SALE078504,Warranty Void
CLM012083,2025-11-18,SALE078508,Warranty Void
CLM012084,2023-09-23,SALE078510,Completed
CLM012085,2023-06-23,SALE078526,Completed
CLM012086,2024-06-18,SALE078527,Completed
CLM012087,2024-07-03,SALE078541,Completed
CLM012088,2022-03-05,SALE078548,Completed
CLM012089,2022-12-06,SALE078553,Completed
CLM012090,2022-02-17,SALE078563,Warranty Void
CLM012091,2024-11-06,SALE078570,Pending
CLM012092,2024-01-14,SALE078572,Completed
CLM012093,2021-01-05,SALE078575,Replaced
CLM012094,2024-07-02,SALE078581,Completed
CLM012095,2024-05-31,SALE078582,Completed
CLM012096,2021-12-05,SALE078587,Completed
CLM012097,2023-06-06,SALE078592,Completed
CLM012098,2025-12-31,SALE078594,Completed
CLM012099,2023-01-11,SALE078596,Warranty Void
CLM012100,2022-02-10,SALE078604,Paid Repaired
CLM012101,2020-08-09,SALE078605,Completed
CLM012102,2021-05-10,SALE078621,Warranty Void
CLM012103,2023-02-18,SALE078626,Completed
CLM012104,2021-03-23,SALE078631,Completed
CLM012105,2022-03-20,SALE078642,Paid Repaired
CLM012106,2021-12-29,SALE078652,Warranty Void
CLM012107,2022-05-04,SALE078658,Completed
CLM012108,2025-10-08,SALE078672,Paid Repaired
CLM012109,2024-07-27,SALE078676,Paid Repaired
CLM012110,2025-04-21,SALE078681,Rejected
CLM012111,2025-06-16,SALE078683,Completed
CLM012112,2023-07-26,SALE078691,Completed
CLM012113,2022-06-07,SALE078692,Completed
CLM012114,2025-10-16,SALE078699,Pending
CLM012115,2020-06-01,SALE078702,Completed
CLM012116,2025-02-22,SALE078712,Pending
CLM012117,2021-10-30,SALE078716,Pending
CLM012118,2024-07-17,SALE078737,Completed
CLM012119,2025-03-28,SALE078741,Paid Repaired
CLM012120,2021-09-24,SALE078743,Completed
CLM012121,2024-07-21,SALE078771,Replaced
CLM012122,2025-05-22,SALE078773,Completed
CLM012123,2021-10-27,SALE078776,Pending
CLM012124,2023-02-03,SALE078781,Paid Repaired
CLM012125,2025-12-31,SALE078784,Replaced
CLM012126,2021-02-02,SALE078785,Replaced
CLM012127,2021-08-18,SALE078786,Completed
CLM012128,2021-08-31,SALE078795,Replaced
CLM012129,2024-05-04,SALE078799,Replaced
CLM012130,2023-09-04,SALE078807,Paid Repaired
CLM012131,2022-06-29,SALE078809,Pending
CLM012132,2024-08-20,SALE078824,Replaced
CLM012133,2023-11-10,SALE078830,Completed
CLM012134,2023-07-13,SALE078832,Pending
CLM012135,2025-08-19,SALE078834,Completed
CLM012136,2022-10-05,SALE078836,Completed
CLM012137,2022-10-11,SALE078846,Completed
CLM012138,2022-04-03,SALE078858,Paid Repaired
CLM012139,2024-08-26,SALE078877,Completed
CLM012140,2024-09-06,SALE078878,Pending
CLM012141,2025-04-29,SALE078881,Completed
CLM012142,2025-06-08,SALE078885,Completed
CLM012143,2022-04-12,SALE078902,Completed
CLM012144,2025-05-08,SALE078911,Replaced
CLM012145,2024-07-12,SALE078918,Completed
CLM012146,2020-10-28,SALE078922,Completed
CLM012147,2024-08-06,SALE078929,Completed
CLM012148,2025-12-31,SALE078933,Rejected
CLM012149,2023-02-14,SALE078935,Replaced
CLM012150,2024-04-08,SALE078937,Replaced
CLM012151,2021-05-22,SALE078947,Paid Repaired
CLM012152,2020-02-10,SALE078953,Pending
CLM012153,2021-12-17,SALE078956,Completed
CLM012154,2025-12-31,SALE078957,Completed
CLM012155,2022-10-26,SALE078967,Replaced
CLM012156,2021-05-06,SALE078976,Warranty Void
CLM012157,2025-03-12,SALE078977,Paid Repaired
CLM012158,2025-12-31,SALE078987,Rejected
CLM012159,2022-08-21,SALE078996,Completed
CLM012160,2025-07-18,SALE079002,Paid Repaired
CLM012161,2021-06-15,SALE079004,Completed
CLM012162,2023-07-27,SALE079005,Replaced
CLM012163,2025-12-31,SALE079021,Completed
CLM012164,2023-06-04,SALE079036,Paid Repaired
CLM012165,2022-08-08,SALE079037,Warranty Void
CLM012166,2023-08-16,SALE079056,Completed
CLM012167,2021-11-30,SALE079063,Completed
CLM012168,2022-02-23,SALE079069,Replaced
CLM012169,2021-09-09,SALE079081,Completed
CLM012170,2023-10-13,SALE079089,Completed
CLM012171,2025-04-18,SALE079097,Completed
CLM012172,2024-06-16,SALE079099,Completed
CLM012173,2025-11-12,SALE079101,Paid Repaired
CLM012174,2021-05-01,SALE079103,Replaced
CLM012175,2025-09-29,SALE079106,Completed
CLM012176,2020-05-03,SALE079112,Replaced
CLM012177,2021-04-17,SALE079115,Completed
CLM012178,2021-07-24,SALE079116,Completed
CLM012179,2023-02-03,SALE079117,Completed
CLM012180,2023-10-24,SALE079119,Pending
CLM012181,2021-01-13,SALE079130,Replaced
CLM012182,2021-03-11,SALE079133,Completed
CLM012183,2025-05-23,SALE079142,Completed
CLM012184,2023-11-08,SALE079144,Pending
CLM012185,2025-12-05,SALE079150,Replaced
CLM012186,2025-12-11,SALE079160,Completed
CLM012187,2024-09-01,SALE079166,Completed
CLM012188,2025-12-31,SALE079171,Rejected
CLM012189,2021-04-23,SALE079177,Completed
CLM012190,2024-02-14,SALE079186,Paid Repaired
CLM012191,2021-06-30,SALE079189,Completed
CLM012192,2024-10-14,SALE079195,Paid Repaired
CLM012193,2024-06-09,SALE079201,Completed
CLM012194,2021-09-21,SALE079207,Completed
CLM012195,2022-09-19,SALE079212,Completed
CLM012196,2023-06-19,SALE079222,Pending
CLM012197,2022-03-16,SALE079223,Completed
CLM012198,2023-06-27,SALE079224,Rejected
CLM012199,2021-02-12,SALE079231,Paid Repaired
CLM012200,2024-04-23,SALE079241,Replaced
CLM012201,2022-06-03,SALE079254,Completed
CLM012202,2023-07-04,SALE079261,Completed
CLM012203,2021-09-06,SALE079285,Replaced
CLM012204,2022-08-10,SALE079295,Completed
CLM012205,2024-09-17,SALE079299,Replaced
CLM012206,2023-08-03,SALE079300,Rejected
CLM012207,2024-02-03,SALE079304,Paid Repaired
CLM012208,2021-03-15,SALE079308,Completed
CLM012209,2023-04-17,SALE079312,Completed
CLM012210,2022-05-29,SALE079333,Completed
CLM012211,2024-02-12,SALE079346,Replaced
CLM012212,2025-03-24,SALE079362,Rejected
CLM012213,2020-03-21,SALE079365,Replaced
CLM012214,2025-06-14,SALE079372,Warranty Void
CLM012215,2025-10-20,SALE079374,Completed
CLM012216,2022-06-28,SALE079383,Completed
CLM012217,2021-12-13,SALE079393,Completed
CLM012218,2024-10-13,SALE079396,Paid Repaired
CLM012219,2023-09-03,SALE079399,Completed
CLM012220,2022-04-09,SALE079403,Completed
CLM012221,2024-01-04,SALE079408,Completed
CLM012222,2022-09-12,SALE079410,Completed
CLM012223,2024-07-15,SALE079415,Completed
CLM012224,2024-06-04,SALE079420,Completed
CLM012225,2025-02-21,SALE079430,Pending
CLM012226,2022-08-12,SALE079441,Warranty Void
CLM012227,2023-05-04,SALE079442,Warranty Void
CLM012228,2021-01-06,SALE079445,Completed
CLM012229,2023-12-05,SALE079449,Completed
CLM012230,2025-12-31,SALE079463,Completed
CLM012231,2025-04-12,SALE079464,Completed
CLM012232,2025-03-30,SALE079467,Replaced
CLM012233,2023-03-05,SALE079472,Completed
CLM012234,2022-01-17,SALE079474,Completed
CLM012235,2022-06-14,SALE079476,Replaced
CLM012236,2022-03-16,SALE079480,Replaced
CLM012237,2023-09-02,SALE079506,Completed
CLM012238,2025-12-31,SALE079507,Pending
CLM012239,2020-05-05,SALE079511,Completed
CLM012240,2020-10-15,SALE079513,Completed
CLM012241,2023-05-06,SALE079532,Completed
CLM012242,2022-11-04,SALE079540,Completed
CLM012243,2021-09-05,SALE079546,Completed
CLM012244,2022-06-21,SALE079557,Replaced
CLM012245,2021-11-16,SALE079562,Completed
CLM012246,2025-12-31,SALE079563,Completed
CLM012247,2023-02-14,SALE079564,Completed
CLM012248,2025-12-31,SALE079565,Completed
CLM012249,2023-06-26,SALE079567,Completed
CLM012250,2025-10-15,SALE079575,Paid Repaired
CLM012251,2023-12-17,SALE079580,Pending
CLM012252,2024-01-03,SALE079582,Paid Repaired
CLM012253,2021-06-04,SALE079591,Completed
CLM012254,2025-12-12,SALE079599,Completed
CLM012255,2020-07-02,SALE079600,Completed
CLM012256,2023-11-25,SALE079607,Completed
CLM012257,2025-03-02,SALE079608,Pending
CLM012258,2025-04-03,SALE079622,Completed
CLM012259,2025-10-31,SALE079629,Completed
CLM012260,2022-11-05,SALE079631,Replaced
CLM012261,2025-11-12,SALE079634,Paid Repaired
CLM012262,2023-01-06,SALE079645,Pending
CLM012263,2025-08-07,SALE079659,Pending
CLM012264,2025-04-25,SALE079660,Completed
CLM012265,2023-11-28,SALE079661,Replaced
CLM012266,2024-04-08,SALE079663,Paid Repaired
CLM012267,2021-01-27,SALE079670,Pending
CLM012268,2022-02-19,SALE079698,Replaced
CLM012269,2025-08-20,SALE079703,Completed
CLM012270,2021-07-29,SALE079716,Warranty Void
CLM012271,2025-07-23,SALE079723,Completed
CLM012272,2024-10-21,SALE079731,Paid Repaired
CLM012273,2024-12-13,SALE079732,Pending
CLM012274,2020-11-28,SALE079747,Warranty Void
CLM012275,2021-05-20,SALE079750,Replaced
CLM012276,2022-03-30,SALE079758,Completed
CLM012277,2025-12-31,SALE079760,Replaced
CLM012278,2024-03-06,SALE079769,Warranty Void
CLM012279,2024-08-30,SALE079775,Completed
CLM012280,2020-09-24,SALE079791,Completed
CLM012281,2021-08-25,SALE079793,Paid Repaired
CLM012282,2025-02-02,SALE079804,Completed
CLM012283,2021-05-21,SALE079810,Completed
CLM012284,2024-03-10,SALE079818,Paid Repaired
CLM012285,2021-10-11,SALE079835,Paid Repaired
CLM012286,2023-03-22,SALE079840,Completed
CLM012287,2022-01-05,SALE079847,Completed
CLM012288,2024-04-21,SALE079848,Completed
CLM012289,2020-06-13,SALE079851,Completed
CLM012290,2023-08-24,SALE079855,Warranty Void
CLM012291,2025-03-20,SALE079856,Warranty Void
CLM012292,2025-12-31,SALE079858,Completed
CLM012293,2024-05-18,SALE079868,Replaced
CLM012294,2025-05-14,SALE079874,Completed
CLM012295,2021-03-05,SALE079886,Completed
CLM012296,2024-11-27,SALE079897,Pending
CLM012297,2021-08-19,SALE079899,Completed
CLM012298,2021-02-24,SALE079903,Completed
CLM012299,2020-03-17,SALE079905,Paid Repaired
CLM012300,2021-11-10,SALE079907,Replaced
CLM012301,2023-03-22,SALE079918,Replaced
CLM012302,2023-07-18,SALE079925,Replaced
CLM012303,2023-03-22,SALE079926,Replaced
CLM012304,2021-03-09,SALE079936,Completed
CLM012305,2021-04-30,SALE079938,Paid Repaired
CLM012306,2020-12-03,SALE079943,Completed
CLM012307,2024-05-07,SALE079946,Replaced
CLM012308,2023-06-02,SALE079947,Paid Repaired
CLM012309,2021-10-03,SALE079949,Completed
CLM012310,2024-02-22,SALE079951,Paid Repaired
CLM012311,2025-09-13,SALE079952,Completed
CLM012312,2024-09-10,SALE079959,Warranty Void
CLM012313,2022-11-16,SALE079964,Completed
CLM012314,2021-12-08,SALE080006,Pending
CLM012315,2025-10-09,SALE080009,Pending
CLM012316,2023-02-06,SALE080010,Replaced
CLM012317,2023-07-23,SALE080013,Completed
CLM012318,2025-09-13,SALE080040,Completed
CLM012319,2022-08-02,SALE080045,Rejected
CLM012320,2022-01-30,SALE080050,Replaced
CLM012321,2022-12-13,SALE080054,Completed
CLM012322,2021-09-13,SALE080057,Rejected
CLM012323,2025-12-31,SALE080060,Completed
CLM012324,2024-05-26,SALE080062,Completed
CLM012325,2021-02-03,SALE080072,Completed
CLM012326,2021-02-26,SALE080079,Pending
CLM012327,2024-01-15,SALE080083,Completed
CLM012328,2025-12-31,SALE080088,Completed
CLM012329,2025-12-31,SALE080090,Completed
CLM012330,2021-04-27,SALE080093,Completed
CLM012331,2024-03-18,SALE080096,Completed
CLM012332,2022-02-14,SALE080098,Completed
CLM012333,2020-11-22,SALE080099,Completed
CLM012334,2023-07-16,SALE080102,Paid Repaired
CLM012335,2021-12-19,SALE080109,Completed
CLM012336,2025-03-04,SALE080118,Completed
CLM012337,2025-04-25,SALE080121,Paid Repaired
CLM012338,2025-08-30,SALE080125,Completed
CLM012339,2021-06-15,SALE080126,Completed
CLM012340,2022-02-22,SALE080129,Paid Repaired
CLM012341,2023-12-16,SALE080132,Warranty Void
CLM012342,2022-04-01,SALE080141,Warranty Void
CLM012343,2021-07-15,SALE080144,Paid Repaired
CLM012344,2021-01-24,SALE080150,Pending
CLM012345,2025-12-31,SALE080151,Completed
CLM012346,2022-05-15,SALE080162,Completed
CLM012347,2023-05-20,SALE080175,Completed
CLM012348,2025-06-29,SALE080185,Replaced
CLM012349,2025-12-31,SALE080189,Replaced
CLM012350,2020-03-27,SALE080192,Pending
CLM012351,2021-08-30,SALE080197,Completed
CLM012352,2025-12-31,SALE080199,Completed
CLM012353,2025-12-01,SALE080200,Replaced
CLM012354,2023-07-15,SALE080205,Completed
CLM012355,2022-09-01,SALE080221,Completed
CLM012356,2025-05-09,SALE080232,Completed
CLM012357,2025-01-19,SALE080242,Replaced
CLM012358,2025-02-27,SALE080259,Warranty Void
CLM012359,2023-02-28,SALE080264,Paid Repaired
CLM012360,2020-11-29,SALE080267,Completed
CLM012361,2024-06-02,SALE080269,Paid Repaired
CLM012362,2025-12-31,SALE080272,Completed
CLM012363,2020-11-20,SALE080275,Completed
CLM012364,2023-01-20,SALE080277,Paid Repaired
CLM012365,2024-10-18,SALE080282,Pending
CLM012366,2023-05-05,SALE080285,Paid Repaired
CLM012367,2021-07-30,SALE080288,Completed
CLM012368,2023-05-06,SALE080298,Paid Repaired
CLM012369,2022-03-08,SALE080299,Completed
CLM012370,2022-11-21,SALE080303,Pending
CLM012371,2021-11-04,SALE080311,Completed
CLM012372,2024-09-08,SALE080323,Replaced
CLM012373,2025-05-29,SALE080324,Completed
CLM012374,2022-10-30,SALE080331,Paid Repaired
CLM012375,2023-07-25,SALE080344,Paid Repaired
CLM012376,2022-09-12,SALE080346,Pending
CLM012377,2020-09-12,SALE080348,Replaced
CLM012378,2022-07-13,SALE080361,Replaced
CLM012379,2024-07-09,SALE080370,Warranty Void
CLM012380,2023-08-13,SALE080377,Replaced
CLM012381,2023-12-13,SALE080385,Replaced
CLM012382,2022-04-03,SALE080404,Completed
CLM012383,2022-09-11,SALE080407,Pending
CLM012384,2023-06-20,SALE080409,Pending
CLM012385,2024-01-15,SALE080416,Pending
CLM012386,2021-09-30,SALE080422,Paid Repaired
CLM012387,2020-06-24,SALE080429,Completed
CLM012388,2022-11-04,SALE080434,Completed
CLM012389,2021-08-01,SALE080447,Replaced
CLM012390,2022-01-20,SALE080449,Rejected
CLM012391,2021-09-28,SALE080473,Completed
CLM012392,2024-06-25,SALE080474,Completed
CLM012393,2025-04-12,SALE080482,Replaced
CLM012394,2022-06-12,SALE080483,Pending
CLM012395,2025-08-02,SALE080505,Paid Repaired
CLM012396,2025-12-31,SALE080509,Paid Repaired
CLM012397,2021-12-16,SALE080511,Completed
CLM012398,2025-03-13,SALE080513,Completed
CLM012399,2025-11-12,SALE080518,Replaced
CLM012400,2025-12-31,SALE080525,Paid Repaired
CLM012401,2025-06-09,SALE080528,Completed
CLM012402,2022-08-31,SALE080532,Pending
CLM012403,2024-08-28,SALE080535,Replaced
CLM012404,2025-05-22,SALE080540,Completed
CLM012405,2024-02-22,SALE080548,Completed
CLM012406,2022-01-15,SALE080551,Completed
CLM012407,2023-12-27,SALE080556,Pending
CLM012408,2022-02-17,SALE080560,Completed
CLM012409,2024-11-28,SALE080562,Warranty Void
CLM012410,2021-07-04,SALE080563,Warranty Void
CLM012411,2024-12-17,SALE080568,Paid Repaired
CLM012412,2024-12-06,SALE080569,Paid Repaired
CLM012413,2025-12-31,SALE080571,Completed
CLM012414,2023-12-15,SALE080590,Completed
CLM012415,2023-12-09,SALE080610,Completed
CLM012416,2021-10-27,SALE080618,Completed
CLM012417,2023-01-15,SALE080619,Completed
CLM012418,2022-03-06,SALE080620,Paid Repaired
CLM012419,2025-07-26,SALE080621,Completed
CLM012420,2021-12-31,SALE080632,Pending
CLM012421,2021-11-26,SALE080641,Completed
CLM012422,2023-11-15,SALE080645,Completed
CLM012423,2021-09-03,SALE080647,Replaced
CLM012424,2021-03-26,SALE080652,Replaced
CLM012425,2022-07-20,SALE080654,Completed
CLM012426,2023-01-10,SALE080657,Replaced
CLM012427,2023-10-23,SALE080658,Rejected
CLM012428,2024-04-30,SALE080670,Completed
CLM012429,2021-07-26,SALE080676,Warranty Void
CLM012430,2023-11-01,SALE080678,Rejected
CLM012431,2021-09-29,SALE080682,Replaced
CLM012432,2023-06-26,SALE080689,Paid Repaired
CLM012433,2025-12-28,SALE080691,Paid Repaired
CLM012434,2025-12-31,SALE080698,Paid Repaired
CLM012435,2024-03-19,SALE080700,Completed
CLM012436,2024-10-09,SALE080720,Completed
CLM012437,2025-09-15,SALE080729,Replaced
CLM012438,2022-01-28,SALE080733,Completed
CLM012439,2024-02-14,SALE080735,Rejected
CLM012440,2024-06-26,SALE080746,Replaced
CLM012441,2024-01-29,SALE080760,Paid Repaired
CLM012442,2023-05-24,SALE080762,Completed
CLM012443,2025-03-08,SALE080767,Paid Repaired
CLM012444,2021-04-12,SALE080776,Completed
CLM012445,2023-11-30,SALE080777,Completed
CLM012446,2021-06-08,SALE080778,Rejected
CLM012447,2023-08-03,SALE080791,Replaced
CLM012448,2024-11-16,SALE080805,Paid Repaired
CLM012449,2021-01-20,SALE080810,Completed
CLM012450,2021-04-18,SALE080813,Completed
CLM012451,2021-05-28,SALE080819,Completed
CLM012452,2023-11-04,SALE080825,Paid Repaired
CLM012453,2024-03-15,SALE080845,Completed
CLM012454,2025-06-07,SALE080863,Replaced
CLM012455,2025-09-04,SALE080864,Completed
CLM012456,2025-04-20,SALE080872,Completed
CLM012457,2022-10-10,SALE080880,Replaced
CLM012458,2021-09-21,SALE080892,Completed
CLM012459,2022-01-17,SALE080895,Paid Repaired
CLM012460,2022-10-04,SALE080899,Completed
CLM012461,2023-04-24,SALE080917,Paid Repaired
CLM012462,2023-12-11,SALE080920,Replaced
CLM012463,2022-03-27,SALE080928,Replaced
CLM012464,2024-10-25,SALE080934,Completed
CLM012465,2022-09-25,SALE080935,Pending
CLM012466,2022-12-29,SALE080937,Completed
CLM012467,2021-04-02,SALE080941,Completed
CLM012468,2022-10-17,SALE080947,Completed
CLM012469,2023-02-15,SALE080953,Completed
CLM012470,2025-12-31,SALE080963,Paid Repaired
CLM012471,2023-12-10,SALE080965,Completed
CLM012472,2024-09-27,SALE080976,Pending
CLM012473,2021-09-10,SALE080977,Completed
CLM012474,2022-12-02,SALE081002,Completed
CLM012475,2023-07-16,SALE081004,Pending
CLM012476,2025-04-04,SALE081014,Replaced
CLM012477,2021-09-03,SALE081019,Pending
CLM012478,2025-09-20,SALE081031,Paid Repaired
CLM012479,2025-06-08,SALE081036,Paid Repaired
CLM012480,2022-12-12,SALE081055,Paid Repaired
CLM012481,2022-10-25,SALE081064,Completed
CLM012482,2022-11-25,SALE081066,Replaced
CLM012483,2023-09-12,SALE081070,Paid Repaired
CLM012484,2021-08-04,SALE081088,Paid Repaired
CLM012485,2023-05-09,SALE081089,Completed
CLM012486,2022-05-01,SALE081093,Pending
CLM012487,2020-10-12,SALE081109,Completed
CLM012488,2025-01-08,SALE081110,Paid Repaired
CLM012489,2024-06-30,SALE081113,Warranty Void
CLM012490,2024-09-02,SALE081117,Rejected
CLM012491,2022-04-02,SALE081118,Completed
CLM012492,2022-05-29,SALE081125,Replaced
CLM012493,2021-09-12,SALE081133,Replaced
CLM012494,2021-02-18,SALE081136,Pending
CLM012495,2024-10-10,SALE081146,Completed
CLM012496,2022-12-20,SALE081150,Replaced
CLM012497,2023-03-12,SALE081157,Pending
CLM012498,2023-06-19,SALE081160,Completed
CLM012499,2021-07-03,SALE081164,Completed
CLM012500,2021-07-12,SALE081165,Pending
CLM012501,2023-02-25,SALE081201,Rejected
CLM012502,2024-05-08,SALE081202,Pending
CLM012503,2022-07-12,SALE081212,Completed
CLM012504,2024-12-09,SALE081219,Completed
CLM012505,2025-03-25,SALE081221,Completed
CLM012506,2022-07-05,SALE081248,Replaced
CLM012507,2023-02-19,SALE081249,Replaced
CLM012508,2022-03-01,SALE081253,Completed
CLM012509,2025-07-18,SALE081257,Completed
CLM012510,2025-12-31,SALE081258,Rejected
CLM012511,2022-02-08,SALE081269,Completed
CLM012512,2025-03-22,SALE081275,Paid Repaired
CLM012513,2021-07-30,SALE081288,Replaced
CLM012514,2025-06-04,SALE081294,Replaced
CLM012515,2025-05-16,SALE081296,Paid Repaired
CLM012516,2023-02-14,SALE081307,Rejected
CLM012517,2025-01-29,SALE081308,Completed
CLM012518,2024-01-26,SALE081324,Paid Repaired
CLM012519,2022-03-21,SALE081325,Completed
CLM012520,2023-05-29,SALE081334,Pending
CLM012521,2021-07-17,SALE081340,Pending
CLM012522,2021-06-20,SALE081361,Completed
CLM012523,2022-09-18,SALE081364,Completed
CLM012524,2023-03-30,SALE081371,Completed
CLM012525,2023-05-12,SALE081384,Completed
CLM012526,2022-04-25,SALE081387,Rejected
CLM012527,2023-04-07,SALE081389,Paid Repaired
CLM012528,2023-11-17,SALE081392,Completed
CLM012529,2023-08-31,SALE081396,Completed
CLM012530,2024-01-12,SALE081405,Replaced
CLM012531,2021-09-16,SALE081411,Completed
CLM012532,2024-09-23,SALE081417,Completed
CLM012533,2023-01-07,SALE081420,Completed
CLM012534,2023-03-19,SALE081422,Completed
CLM012535,2023-02-06,SALE081425,Pending
CLM012536,2025-01-14,SALE081436,Rejected
CLM012537,2022-06-17,SALE081439,Pending
CLM012538,2022-09-22,SALE081457,Replaced
CLM012539,2025-05-16,SALE081460,Paid Repaired
CLM012540,2022-11-22,SALE081463,Replaced
CLM012541,2022-03-01,SALE081465,Warranty Void
CLM012542,2021-11-14,SALE081471,Completed
CLM012543,2024-12-19,SALE081472,Replaced
CLM012544,2024-09-09,SALE081478,Paid Repaired
CLM012545,2021-07-17,SALE081479,Replaced
CLM012546,2024-12-14,SALE081486,Rejected
CLM012547,2025-04-22,SALE081487,Completed
CLM012548,2024-10-26,SALE081488,Pending
CLM012549,2023-06-23,SALE081493,Rejected
CLM012550,2023-10-04,SALE081511,Pending
CLM012551,2025-12-31,SALE081512,Paid Repaired
CLM012552,2022-01-31,SALE081521,Completed
CLM012553,2022-12-28,SALE081525,Completed
CLM012554,2025-07-30,SALE081529,Pending
CLM012555,2022-04-07,SALE081535,Pending
CLM012556,2024-06-27,SALE081545,Paid Repaired
CLM012557,2022-12-28,SALE081546,Completed
CLM012558,2025-12-31,SALE081563,Replaced
CLM012559,2022-09-14,SALE081566,Paid Repaired
CLM012560,2025-05-22,SALE081579,Completed
CLM012561,2023-11-11,SALE081585,Warranty Void
CLM012562,2020-11-18,SALE081597,Replaced
CLM012563,2025-12-31,SALE081599,Replaced
CLM012564,2020-11-05,SALE081601,Completed
CLM012565,2025-12-31,SALE081619,Completed
CLM012566,2022-12-13,SALE081627,Replaced
CLM012567,2022-03-01,SALE081631,Warranty Void
CLM012568,2023-09-02,SALE081651,Completed
CLM012569,2023-05-27,SALE081658,Completed
CLM012570,2021-12-30,SALE081664,Replaced
CLM012571,2021-01-06,SALE081666,Completed
CLM012572,2024-09-10,SALE081667,Replaced
CLM012573,2024-06-19,SALE081682,Replaced
CLM012574,2024-01-20,SALE081687,Completed
CLM012575,2021-03-24,SALE081691,Replaced
CLM012576,2021-02-28,SALE081695,Paid Repaired
CLM012577,2023-02-26,SALE081698,Replaced
CLM012578,2022-01-24,SALE081700,Warranty Void
CLM012579,2021-03-03,SALE081711,Paid Repaired
CLM012580,2024-06-11,SALE081713,Paid Repaired
CLM012581,2022-01-19,SALE081717,Completed
CLM012582,2023-03-30,SALE081722,Completed
CLM012583,2020-09-11,SALE081724,Completed
CLM012584,2025-05-02,SALE081730,Replaced
CLM012585,2025-10-01,SALE081734,Completed
CLM012586,2022-10-19,SALE081738,Completed
CLM012587,2021-01-26,SALE081741,Replaced
CLM012588,2021-06-12,SALE081747,Replaced
CLM012589,2021-02-21,SALE081751,Completed
CLM012590,2023-03-06,SALE081760,Completed
CLM012591,2022-04-28,SALE081761,Completed
CLM012592,2020-11-27,SALE081770,Completed
CLM012593,2024-03-24,SALE081781,Replaced
CLM012594,2025-04-28,SALE081783,Pending
CLM012595,2021-05-03,SALE081796,Paid Repaired
CLM012596,2022-04-19,SALE081798,Completed
CLM012597,2025-01-10,SALE081799,Completed
CLM012598,2021-03-22,SALE081800,Paid Repaired
CLM012599,2024-08-16,SALE081802,Completed
CLM012600,2025-12-31,SALE081805,Replaced
CLM012601,2022-08-12,SALE081810,Completed
CLM012602,2025-12-31,SALE081817,Paid Repaired
CLM012603,2024-05-07,SALE081819,Completed
CLM012604,2022-12-14,SALE081820,Replaced
CLM012605,2023-05-30,SALE081823,Completed
CLM012606,2024-11-12,SALE081829,Replaced
CLM012607,2021-03-09,SALE081845,Completed
CLM012608,2023-11-09,SALE081846,Rejected
CLM012609,2024-04-23,SALE081859,Pending
CLM012610,2025-11-23,SALE081867,Pending
CLM012611,2025-03-16,SALE081868,Replaced
CLM012612,2024-04-14,SALE081877,Replaced
CLM012613,2023-11-20,SALE081885,Replaced
CLM012614,2024-11-22,SALE081888,Replaced
CLM012615,2023-11-01,SALE081894,Completed
CLM012616,2021-04-01,SALE081898,Completed
CLM012617,2023-07-25,SALE081899,Pending
CLM012618,2022-03-15,SALE081900,Completed
CLM012619,2020-10-28,SALE081904,Completed
CLM012620,2023-10-24,SALE081919,Completed
CLM012621,2024-05-05,SALE081920,Completed
CLM012622,2022-10-23,SALE081922,Completed
CLM012623,2021-09-19,SALE081925,Completed
CLM012624,2024-04-19,SALE081928,Completed
CLM012625,2023-09-09,SALE081933,Completed
CLM012626,2023-04-29,SALE081938,Completed
CLM012627,2025-09-23,SALE081952,Replaced
CLM012628,2024-04-23,SALE081957,Completed
CLM012629,2025-06-08,SALE081964,Completed
CLM012630,2025-04-17,SALE081972,Completed
CLM012631,2023-07-21,SALE081974,Completed
CLM012632,2025-10-29,SALE081980,Paid Repaired
CLM012633,2022-01-19,SALE081986,Completed
CLM012634,2021-10-15,SALE082000,Paid Repaired
CLM012635,2023-07-23,SALE082014,Rejected
CLM012636,2025-12-31,SALE082015,Completed
CLM012637,2024-05-17,SALE082017,Rejected
CLM012638,2021-06-27,SALE082020,Replaced
CLM012639,2022-02-27,SALE082023,Completed
CLM012640,2025-01-21,SALE082036,Replaced
CLM012641,2023-05-17,SALE082037,Completed
CLM012642,2023-04-07,SALE082038,Warranty Void
CLM012643,2024-04-26,SALE082042,Completed
CLM012644,2024-12-08,SALE082043,Pending
CLM012645,2025-06-09,SALE082051,Paid Repaired
CLM012646,2025-02-28,SALE082055,Completed
CLM012647,2022-12-05,SALE082061,Completed
CLM012648,2020-07-30,SALE082062,Completed
CLM012649,2022-01-17,SALE082067,Completed
CLM012650,2025-04-23,SALE082068,Completed
CLM012651,2022-04-23,SALE082076,Completed
CLM012652,2025-05-07,SALE082081,Completed
CLM012653,2021-05-10,SALE082084,Completed
CLM012654,2020-07-23,SALE082087,Completed
CLM012655,2023-08-19,SALE082090,Completed
CLM012656,2021-06-17,SALE082095,Completed
CLM012657,2022-10-22,SALE082106,Completed
CLM012658,2023-08-02,SALE082107,Replaced
CLM012659,2022-11-11,SALE082115,Replaced
CLM012660,2022-04-02,SALE082118,Rejected
CLM012661,2025-03-06,SALE082126,Completed
CLM012662,2025-08-06,SALE082130,Completed
CLM012663,2023-12-10,SALE082136,Pending
CLM012664,2023-12-22,SALE082137,Rejected
CLM012665,2024-07-30,SALE082141,Paid Repaired
CLM012666,2022-12-27,SALE082142,Warranty Void
CLM012667,2023-12-04,SALE082180,Completed
CLM012668,2022-11-30,SALE082185,Completed
CLM012669,2023-12-12,SALE082186,Completed
CLM012670,2021-06-10,SALE082193,Completed
CLM012671,2025-01-15,SALE082201,Warranty Void
CLM012672,2022-12-19,SALE082205,Pending
CLM012673,2021-09-12,SALE082209,Completed
CLM012674,2024-07-07,SALE082210,Completed
CLM012675,2023-12-13,SALE082226,Completed
CLM012676,2024-06-21,SALE082229,Completed
CLM012677,2025-09-05,SALE082236,Paid Repaired
CLM012678,2024-11-19,SALE082239,Completed
CLM012679,2025-08-15,SALE082242,Replaced
CLM012680,2021-10-11,SALE082248,Replaced
CLM012681,2024-07-28,SALE082249,Pending
CLM012682,2025-12-31,SALE082253,Paid Repaired
CLM012683,2022-05-13,SALE082254,Completed
CLM012684,2024-02-24,SALE082258,Paid Repaired
CLM012685,2023-02-05,SALE082269,Replaced
CLM012686,2025-08-02,SALE082278,Completed
CLM012687,2022-10-26,SALE082282,Completed
CLM012688,2020-06-01,SALE082284,Completed
CLM012689,2025-04-30,SALE082287,Replaced
CLM012690,2020-04-06,SALE082290,Completed
CLM012691,2023-07-09,SALE082295,Completed
CLM012692,2024-10-27,SALE082303,Completed
CLM012693,2023-09-28,SALE082310,Rejected
CLM012694,2025-08-23,SALE082329,Paid Repaired
CLM012695,2022-03-29,SALE082352,Completed
CLM012696,2024-10-07,SALE082355,Completed
CLM012697,2024-02-05,SALE082357,Warranty Void
CLM012698,2021-03-18,SALE082363,Replaced
CLM012699,2023-04-21,SALE082373,Completed
CLM012700,2022-12-24,SALE082388,Pending
CLM012701,2022-08-16,SALE082403,Completed
CLM012702,2025-05-30,SALE082410,Completed
CLM012703,2025-09-10,SALE082412,Completed
CLM012704,2022-03-13,SALE082424,Completed
CLM012705,2021-01-04,SALE082426,Warranty Void
CLM012706,2025-05-10,SALE082428,Completed
CLM012707,2020-11-11,SALE082430,Completed
CLM012708,2023-12-25,SALE082435,Warranty Void
CLM012709,2023-10-22,SALE082439,Warranty Void
CLM012710,2021-12-09,SALE082443,Completed
CLM012711,2023-11-14,SALE082446,Completed
CLM012712,2020-11-05,SALE082453,Warranty Void
CLM012713,2022-11-24,SALE082468,Completed
CLM012714,2025-12-31,SALE082475,Completed
CLM012715,2022-11-12,SALE082480,Replaced
CLM012716,2021-11-30,SALE082488,Pending
CLM012717,2023-09-22,SALE082491,Replaced
CLM012718,2023-06-04,SALE082492,Warranty Void
CLM012719,2024-04-18,SALE082499,Completed
CLM012720,2024-11-19,SALE082513,Completed
CLM012721,2021-04-30,SALE082523,Pending
CLM012722,2020-03-02,SALE082531,Completed
CLM012723,2022-01-31,SALE082540,Paid Repaired
CLM012724,2024-07-03,SALE082546,Completed
CLM012725,2023-11-19,SALE082564,Paid Repaired
CLM012726,2024-03-27,SALE082577,Rejected
CLM012727,2021-08-01,SALE082579,Pending
CLM012728,2020-07-31,SALE082581,Completed
CLM012729,2025-12-31,SALE082584,Completed
CLM012730,2021-11-14,SALE082586,Warranty Void
CLM012731,2024-12-06,SALE082587,Warranty Void
CLM012732,2025-12-31,SALE082589,Replaced
CLM012733,2024-09-20,SALE082599,Completed
CLM012734,2025-12-31,SALE082615,Warranty Void
CLM012735,2020-05-11,SALE082618,Rejected
CLM012736,2024-10-22,SALE082622,Completed
CLM012737,2022-02-05,SALE082624,Pending
CLM012738,2022-08-11,SALE082626,Completed
CLM012739,2025-05-28,SALE082631,Replaced
CLM012740,2025-12-31,SALE082647,Completed
CLM012741,2024-01-02,SALE082657,Completed
CLM012742,2021-11-30,SALE082661,Completed
CLM012743,2023-06-15,SALE082673,Completed
CLM012744,2021-07-13,SALE082687,Completed
CLM012745,2023-05-11,SALE082690,Pending
CLM012746,2021-01-13,SALE082695,Paid Repaired
CLM012747,2025-12-31,SALE082697,Paid Repaired
CLM012748,2025-12-31,SALE082707,Replaced
CLM012749,2025-02-22,SALE082708,Warranty Void
CLM012750,2021-05-07,SALE082717,Replaced
CLM012751,2025-02-16,SALE082734,Pending
CLM012752,2024-03-16,SALE082744,Warranty Void
CLM012753,2025-12-31,SALE082746,Completed
CLM012754,2025-08-30,SALE082751,Rejected
CLM012755,2021-01-11,SALE082757,Warranty Void
CLM012756,2020-04-30,SALE082758,Completed
CLM012757,2020-10-07,SALE082762,Replaced
CLM012758,2021-09-30,SALE082769,Completed
CLM012759,2022-09-03,SALE082785,Completed
CLM012760,2023-01-24,SALE082800,Completed
CLM012761,2024-02-06,SALE082810,Paid Repaired
CLM012762,2023-11-18,SALE082817,Paid Repaired
CLM012763,2020-12-09,SALE082818,Completed
CLM012764,2025-06-06,SALE082820,Completed
CLM012765,2022-03-15,SALE082821,Paid Repaired
CLM012766,2025-12-31,SALE082827,Completed
CLM012767,2025-05-06,SALE082837,Completed
CLM012768,2022-12-15,SALE082854,Paid Repaired
CLM012769,2024-02-02,SALE082856,Completed
CLM012770,2023-04-05,SALE082860,Warranty Void
CLM012771,2022-04-19,SALE082861,Completed
CLM012772,2023-06-18,SALE082870,Completed
CLM012773,2023-08-10,SALE082872,Completed
CLM012774,2024-05-07,SALE082879,Replaced
CLM012775,2025-02-14,SALE082890,Completed
CLM012776,2024-11-01,SALE082891,Pending
CLM012777,2020-12-22,SALE082894,Completed
CLM012778,2024-03-25,SALE082900,Paid Repaired
CLM012779,2023-05-06,SALE082922,Warranty Void
CLM012780,2020-11-07,SALE082923,Completed
CLM012781,2023-11-03,SALE082935,Completed
CLM012782,2024-08-30,SALE082939,Completed
CLM012783,2025-11-30,SALE082957,Paid Repaired
CLM012784,2025-12-31,SALE082958,Completed
CLM012785,2021-01-29,SALE082964,Completed
CLM012786,2025-08-15,SALE082967,Completed
CLM012787,2024-02-27,SALE082981,Completed
CLM012788,2023-06-21,SALE082995,Warranty Void
CLM012789,2022-10-20,SALE083012,Warranty Void
CLM012790,2022-05-10,SALE083015,Pending
CLM012791,2025-12-31,SALE083022,Rejected
CLM012792,2020-12-10,SALE083024,Replaced
CLM012793,2025-06-07,SALE083040,Paid Repaired
CLM012794,2025-03-24,SALE083047,Replaced
CLM012795,2025-01-28,SALE083057,Replaced
CLM012796,2020-05-18,SALE083081,Completed
CLM012797,2022-09-12,SALE083085,Warranty Void
CLM012798,2022-03-22,SALE083100,Completed
CLM012799,2024-09-19,SALE083101,Paid Repaired
CLM012800,2022-04-16,SALE083103,Completed
CLM012801,2023-08-31,SALE083110,Paid Repaired
CLM012802,2022-08-02,SALE083115,Completed
CLM012803,2025-05-30,SALE083123,Completed
CLM012804,2020-07-20,SALE083125,Paid Repaired
CLM012805,2023-04-24,SALE083126,Completed
CLM012806,2022-09-11,SALE083134,Warranty Void
CLM012807,2024-06-16,SALE083142,Completed
CLM012808,2024-06-20,SALE083145,Completed
CLM012809,2025-09-23,SALE083152,Replaced
CLM012810,2025-09-17,SALE083157,Completed
CLM012811,2025-02-15,SALE083161,Warranty Void
CLM012812,2024-12-21,SALE083175,Paid Repaired
CLM012813,2024-08-30,SALE083176,Paid Repaired
CLM012814,2022-03-17,SALE083177,Completed
CLM012815,2025-01-03,SALE083179,Paid Repaired
CLM012816,2024-05-23,SALE083189,Paid Repaired
CLM012817,2025-12-31,SALE083199,Completed
CLM012818,2022-03-05,SALE083213,Completed
CLM012819,2024-03-27,SALE083228,Completed
CLM012820,2025-05-01,SALE083233,Completed
CLM012821,2020-05-25,SALE083240,Replaced
CLM012822,2023-08-11,SALE083248,Completed
CLM012823,2023-11-19,SALE083249,Completed
CLM012824,2023-01-22,SALE083251,Completed
CLM012825,2023-06-02,SALE083254,Completed
CLM012826,2022-12-31,SALE083259,Completed
CLM012827,2024-12-16,SALE083270,Paid Repaired
CLM012828,2025-05-07,SALE083275,Completed
CLM012829,2023-08-31,SALE083281,Replaced
CLM012830,2021-12-18,SALE083285,Replaced
CLM012831,2025-07-15,SALE083288,Replaced
CLM012832,2025-03-03,SALE083297,Completed
CLM012833,2022-09-27,SALE083299,Warranty Void
CLM012834,2025-04-15,SALE083306,Completed
CLM012835,2021-06-06,SALE083311,Replaced
CLM012836,2025-01-24,SALE083319,Completed
CLM012837,2021-07-27,SALE083323,Completed
CLM012838,2021-05-14,SALE083332,Replaced
CLM012839,2020-05-10,SALE083333,Replaced
CLM012840,2023-03-29,SALE083335,Pending
CLM012841,2023-03-21,SALE083339,Pending
CLM012842,2023-06-10,SALE083342,Replaced
CLM012843,2022-03-18,SALE083357,Paid Repaired
CLM012844,2025-12-31,SALE083366,Pending
CLM012845,2024-07-01,SALE083370,Completed
CLM012846,2021-07-19,SALE083385,Completed
CLM012847,2025-07-15,SALE083394,Completed
CLM012848,2025-03-02,SALE083396,Completed
CLM012849,2023-11-12,SALE083411,Paid Repaired
CLM012850,2020-10-07,SALE083415,Warranty Void
CLM012851,2025-01-29,SALE083417,Completed
CLM012852,2021-12-06,SALE083418,Completed
CLM012853,2024-05-25,SALE083426,Replaced
CLM012854,2024-01-27,SALE083427,Rejected
CLM012855,2023-07-18,SALE083428,Paid Repaired
CLM012856,2024-04-14,SALE083430,Completed
CLM012857,2024-12-24,SALE083431,Warranty Void
CLM012858,2025-12-13,SALE083437,Paid Repaired
CLM012859,2021-04-23,SALE083455,Completed
CLM012860,2024-11-07,SALE083460,Completed
CLM012861,2023-12-29,SALE083469,Paid Repaired
CLM012862,2024-12-09,SALE083473,Completed
CLM012863,2024-07-02,SALE083475,Replaced
CLM012864,2025-05-04,SALE083481,Completed
CLM012865,2024-07-18,SALE083484,Rejected
CLM012866,2023-05-20,SALE083485,Paid Repaired
CLM012867,2025-12-25,SALE083486,Paid Repaired
CLM012868,2022-06-21,SALE083489,Completed
CLM012869,2024-09-28,SALE083498,Paid Repaired
CLM012870,2023-06-28,SALE083502,Rejected
CLM012871,2025-03-08,SALE083507,Completed
CLM012872,2024-09-02,SALE083508,Completed
CLM012873,2021-01-07,SALE083511,Replaced
CLM012874,2022-02-16,SALE083520,Warranty Void
CLM012875,2020-10-20,SALE083521,Completed
CLM012876,2022-05-12,SALE083532,Paid Repaired
CLM012877,2023-12-01,SALE083534,Paid Repaired
CLM012878,2021-01-17,SALE083538,Warranty Void
CLM012879,2025-11-19,SALE083548,Rejected
CLM012880,2022-02-28,SALE083550,Completed
CLM012881,2023-02-25,SALE083557,Rejected
CLM012882,2024-05-04,SALE083562,Paid Repaired
CLM012883,2024-10-15,SALE083566,Completed
CLM012884,2023-03-25,SALE083568,Rejected
CLM012885,2022-09-01,SALE083571,Paid Repaired
CLM012886,2022-07-31,SALE083579,Paid Repaired
CLM012887,2025-12-31,SALE083588,Completed
CLM012888,2021-11-18,SALE083590,Completed
CLM012889,2023-02-25,SALE083596,Completed
CLM012890,2024-08-06,SALE083599,Completed
CLM012891,2021-08-06,SALE083608,Replaced
CLM012892,2022-07-22,SALE083619,Paid Repaired
CLM012893,2025-12-31,SALE083621,Replaced
CLM012894,2024-02-21,SALE083654,Pending
CLM012895,2025-12-12,SALE083655,Rejected
CLM012896,2025-10-02,SALE083662,Replaced
CLM012897,2024-05-02,SALE083663,Pending
CLM012898,2023-06-11,SALE083664,Completed
CLM012899,2021-12-02,SALE083681,Rejected
CLM012900,2023-01-27,SALE083689,Paid Repaired
CLM012901,2025-02-13,SALE083711,Completed
CLM012902,2024-02-03,SALE083720,Paid Repaired
CLM012903,2024-02-03,SALE083724,Completed
CLM012904,2024-12-11,SALE083730,Completed
CLM012905,2023-07-14,SALE083733,Completed
CLM012906,2023-12-27,SALE083745,Warranty Void
CLM012907,2020-12-09,SALE083747,Completed
CLM012908,2024-04-25,SALE083748,Completed
CLM012909,2022-10-15,SALE083753,Completed
CLM012910,2025-12-31,SALE083759,Rejected
CLM012911,2024-12-18,SALE083762,Completed
CLM012912,2022-12-22,SALE083765,Rejected
CLM012913,2022-06-21,SALE083770,Replaced
CLM012914,2022-02-23,SALE083771,Completed
CLM012915,2025-04-25,SALE083773,Completed
CLM012916,2025-04-27,SALE083783,Pending
CLM012917,2025-12-31,SALE083789,Completed
CLM012918,2022-05-30,SALE083793,Rejected
CLM012919,2022-07-26,SALE083807,Pending
CLM012920,2020-08-02,SALE083813,Pending
CLM012921,2025-12-14,SALE083815,Replaced
CLM012922,2023-07-06,SALE083822,Pending
CLM012923,2023-06-23,SALE083835,Completed
CLM012924,2025-01-15,SALE083836,Replaced
CLM012925,2022-01-17,SALE083846,Replaced
CLM012926,2023-03-08,SALE083851,Replaced
CLM012927,2020-06-11,SALE083854,Completed
CLM012928,2023-09-18,SALE083862,Pending
CLM012929,2021-06-20,SALE083863,Completed
CLM012930,2022-10-19,SALE083876,Rejected
CLM012931,2023-02-24,SALE083894,Warranty Void
CLM012932,2021-06-05,SALE083901,Completed
CLM012933,2022-04-05,SALE083932,Completed
CLM012934,2025-05-14,SALE083936,Completed
CLM012935,2021-08-11,SALE083944,Completed
CLM012936,2022-03-22,SALE083958,Paid Repaired
CLM012937,2021-09-04,SALE083966,Pending
CLM012938,2021-04-03,SALE083968,Paid Repaired
CLM012939,2024-12-12,SALE083976,Completed
CLM012940,2025-11-30,SALE083982,Completed
CLM012941,2024-04-05,SALE083983,Pending
CLM012942,2024-04-12,SALE083986,Replaced
CLM012943,2025-03-08,SALE084006,Pending
CLM012944,2023-06-01,SALE084010,Replaced
CLM012945,2023-08-08,SALE084020,Paid Repaired
CLM012946,2023-05-29,SALE084022,Completed
CLM012947,2025-11-06,SALE084023,Rejected
CLM012948,2022-03-20,SALE084028,Completed
CLM012949,2025-12-31,SALE084040,Completed
CLM012950,2023-06-07,SALE084043,Completed
CLM012951,2025-07-05,SALE084044,Warranty Void
CLM012952,2023-03-22,SALE084055,Warranty Void
CLM012953,2024-03-18,SALE084064,Completed
CLM012954,2025-09-24,SALE084069,Replaced
CLM012955,2024-11-02,SALE084070,Completed
CLM012956,2024-03-19,SALE084086,Rejected
CLM012957,2025-09-27,SALE084087,Warranty Void
CLM012958,2024-12-11,SALE084095,Paid Repaired
CLM012959,2022-11-04,SALE084112,Completed
CLM012960,2022-05-21,SALE084113,Replaced
CLM012961,2025-12-31,SALE084126,Paid Repaired
CLM012962,2023-01-29,SALE084130,Completed
CLM012963,2025-09-04,SALE084131,Completed
CLM012964,2023-09-03,SALE084139,Paid Repaired
CLM012965,2020-05-26,SALE084140,Paid Repaired
CLM012966,2022-10-30,SALE084141,Pending
CLM012967,2023-05-02,SALE084142,Rejected
CLM012968,2024-03-21,SALE084154,Completed
CLM012969,2021-12-19,SALE084157,Completed
CLM012970,2024-02-26,SALE084162,Replaced
CLM012971,2021-10-14,SALE084170,Replaced
CLM012972,2025-10-27,SALE084172,Paid Repaired
CLM012973,2022-11-06,SALE084188,Completed
CLM012974,2025-01-28,SALE084197,Replaced
CLM012975,2023-12-03,SALE084202,Pending
CLM012976,2022-07-23,SALE084216,Completed
CLM012977,2025-09-10,SALE084222,Replaced
CLM012978,2021-07-19,SALE084223,Pending
CLM012979,2024-04-23,SALE084225,Replaced
CLM012980,2023-12-20,SALE084226,Replaced
CLM012981,2025-08-12,SALE084230,Completed
CLM012982,2025-12-31,SALE084248,Paid Repaired
CLM012983,2024-05-27,SALE084264,Replaced
CLM012984,2025-11-22,SALE084270,Completed
CLM012985,2023-01-30,SALE084274,Pending
CLM012986,2024-07-27,SALE084278,Rejected
CLM012987,2023-03-06,SALE084282,Paid Repaired
CLM012988,2025-06-02,SALE084289,Completed
CLM012989,2022-02-07,SALE084294,Warranty Void
CLM012990,2022-12-01,SALE084301,Pending
CLM012991,2024-02-10,SALE084314,Paid Repaired
CLM012992,2021-11-16,SALE084317,Completed
CLM012993,2025-02-10,SALE084318,Completed
CLM012994,2024-04-12,SALE084324,Completed
CLM012995,2022-09-26,SALE084327,Completed
CLM012996,2023-08-23,SALE084329,Completed
CLM012997,2022-12-01,SALE084340,Paid Repaired
CLM012998,2023-10-11,SALE084345,Completed
CLM012999,2021-10-09,SALE084349,Pending
CLM013000,2021-04-05,SALE084357,Rejected
CLM013001,2021-05-07,SALE084362,Replaced
CLM013002,2023-12-05,SALE084363,Replaced
CLM013003,2024-11-28,SALE084381,Pending
CLM013004,2023-10-17,SALE084382,Completed
CLM013005,2024-02-09,SALE084384,Pending
CLM013006,2020-07-03,SALE084386,Completed
CLM013007,2024-02-29,SALE084389,Replaced
CLM013008,2023-07-25,SALE084390,Paid Repaired
CLM013009,2025-05-12,SALE084395,Replaced
CLM013010,2021-04-30,SALE084410,Pending
CLM013011,2023-02-05,SALE084414,Completed
CLM013012,2024-05-05,SALE084423,Completed
CLM013013,2023-03-25,SALE084427,Replaced
CLM013014,2022-12-19,SALE084434,Completed
CLM013015,2021-01-15,SALE084452,Replaced
CLM013016,2024-01-23,SALE084454,Replaced
CLM013017,2025-02-10,SALE084463,Warranty Void
CLM013018,2022-05-17,SALE084465,Pending
CLM013019,2023-01-19,SALE084466,Replaced
CLM013020,2025-04-24,SALE084467,Replaced
CLM013021,2025-11-14,SALE084469,Pending
CLM013022,2023-12-25,SALE084470,Paid Repaired
CLM013023,2021-06-18,SALE084472,Paid Repaired
CLM013024,2023-08-26,SALE084476,Replaced
CLM013025,2025-12-31,SALE084483,Completed
CLM013026,2025-04-13,SALE084485,Completed
CLM013027,2024-02-01,SALE084490,Replaced
CLM013028,2023-01-27,SALE084491,Warranty Void
CLM013029,2023-06-15,SALE084496,Replaced
CLM013030,2025-03-12,SALE084500,Completed
CLM013031,2024-12-14,SALE084516,Paid Repaired
CLM013032,2022-04-25,SALE084521,Paid Repaired
CLM013033,2022-07-06,SALE084523,Completed
CLM013034,2024-01-21,SALE084526,Paid Repaired
CLM013035,2025-04-13,SALE084530,Replaced
CLM013036,2022-11-17,SALE084531,Completed
CLM013037,2023-11-06,SALE084538,Rejected
CLM013038,2025-01-25,SALE084541,Replaced
CLM013039,2025-12-31,SALE084546,Rejected
CLM013040,2023-11-26,SALE084554,Warranty Void
CLM013041,2021-10-06,SALE084561,Pending
CLM013042,2025-05-19,SALE084574,Pending
CLM013043,2023-12-27,SALE084584,Completed
CLM013044,2022-04-29,SALE084587,Completed
CLM013045,2025-04-29,SALE084591,Completed
CLM013046,2025-03-14,SALE084592,Completed
CLM013047,2022-09-01,SALE084598,Completed
CLM013048,2022-10-17,SALE084611,Completed
CLM013049,2024-09-21,SALE084619,Paid Repaired
CLM013050,2023-12-08,SALE084634,Completed
CLM013051,2021-08-22,SALE084640,Paid Repaired
CLM013052,2025-12-31,SALE084641,Completed
CLM013053,2025-01-15,SALE084645,Replaced
CLM013054,2023-11-23,SALE084648,Replaced
CLM013055,2024-09-04,SALE084654,Completed
CLM013056,2023-09-16,SALE084656,Rejected
CLM013057,2021-09-01,SALE084659,Completed
CLM013058,2023-11-19,SALE084667,Warranty Void
CLM013059,2021-12-17,SALE084668,Paid Repaired
CLM013060,2024-11-13,SALE084680,Completed
CLM013061,2023-03-11,SALE084691,Replaced
CLM013062,2021-02-20,SALE084692,Completed
CLM013063,2024-09-07,SALE084705,Replaced
CLM013064,2024-02-20,SALE084706,Paid Repaired
CLM013065,2023-10-06,SALE084713,Completed
CLM013066,2021-07-22,SALE084715,Replaced
CLM013067,2025-12-02,SALE084716,Completed
CLM013068,2025-08-02,SALE084726,Pending
CLM013069,2022-09-09,SALE084730,Pending
CLM013070,2024-08-15,SALE084746,Paid Repaired
CLM013071,2022-12-10,SALE084751,Warranty Void
CLM013072,2023-09-27,SALE084752,Completed
CLM013073,2022-02-23,SALE084770,Completed
CLM013074,2022-03-09,SALE084771,Warranty Void
CLM013075,2023-04-09,SALE084772,Rejected
CLM013076,2021-01-26,SALE084785,Completed
CLM013077,2024-08-15,SALE084791,Pending
CLM013078,2024-11-06,SALE084800,Completed
CLM013079,2025-12-31,SALE084802,Paid Repaired
CLM013080,2021-07-21,SALE084813,Paid Repaired
CLM013081,2021-03-03,SALE084828,Warranty Void
CLM013082,2024-11-08,SALE084830,Completed
CLM013083,2025-12-31,SALE084831,Warranty Void
CLM013084,2023-06-27,SALE084849,Completed
CLM013085,2025-08-19,SALE084850,Replaced
CLM013086,2023-12-09,SALE084860,Replaced
CLM013087,2021-05-27,SALE084862,Paid Repaired
CLM013088,2022-12-05,SALE084866,Warranty Void
CLM013089,2023-08-29,SALE084873,Completed
CLM013090,2023-11-25,SALE084877,Completed
CLM013091,2024-03-26,SALE084883,Paid Repaired
CLM013092,2024-07-26,SALE084885,Rejected
CLM013093,2025-02-14,SALE084907,Completed
CLM013094,2025-12-31,SALE084916,Replaced
CLM013095,2024-11-20,SALE084925,Completed
CLM013096,2025-11-20,SALE084928,Warranty Void
CLM013097,2022-08-29,SALE084932,Replaced
CLM013098,2024-06-23,SALE084947,Paid Repaired
CLM013099,2024-09-24,SALE084948,Pending
CLM013100,2022-05-10,SALE084952,Completed
CLM013101,2025-09-12,SALE084955,Warranty Void
CLM013102,2025-01-17,SALE084957,Pending
CLM013103,2021-03-28,SALE084959,Paid Repaired
CLM013104,2025-11-19,SALE084964,Paid Repaired
CLM013105,2020-12-24,SALE084970,Completed
CLM013106,2023-11-08,SALE084974,Replaced
CLM013107,2021-12-15,SALE084978,Completed
CLM013108,2025-09-22,SALE084981,Completed
CLM013109,2021-06-30,SALE084990,Paid Repaired
CLM013110,2021-03-08,SALE085002,Replaced
CLM013111,2024-09-06,SALE085007,Completed
CLM013112,2022-07-04,SALE085016,Pending
CLM013113,2023-08-12,SALE085019,Completed
CLM013114,2025-12-31,SALE085039,Rejected
CLM013115,2023-05-20,SALE085049,Completed
CLM013116,2023-04-02,SALE085054,Completed
CLM013117,2023-07-10,SALE085065,Replaced
CLM013118,2021-11-17,SALE085074,Replaced
CLM013119,2023-11-28,SALE085090,Warranty Void
CLM013120,2023-01-22,SALE085103,Warranty Void
CLM013121,2023-11-30,SALE085104,Completed
CLM013122,2023-08-05,SALE085116,Replaced
CLM013123,2024-03-17,SALE085132,Completed
CLM013124,2024-06-04,SALE085134,Replaced
CLM013125,2023-01-20,SALE085137,Completed
CLM013126,2025-02-23,SALE085143,Completed
CLM013127,2020-12-09,SALE085146,Completed
CLM013128,2021-10-10,SALE085159,Paid Repaired
CLM013129,2021-07-12,SALE085169,Rejected
CLM013130,2023-08-02,SALE085182,Replaced
CLM013131,2024-03-31,SALE085184,Completed
CLM013132,2022-06-17,SALE085194,Replaced
CLM013133,2025-10-05,SALE085201,Completed
CLM013134,2021-06-01,SALE085203,Paid Repaired
CLM013135,2024-01-14,SALE085205,Replaced
CLM013136,2021-09-30,SALE085214,Completed
CLM013137,2025-02-11,SALE085216,Completed
CLM013138,2020-12-03,SALE085229,Paid Repaired
CLM013139,2023-06-19,SALE085238,Completed
CLM013140,2022-11-11,SALE085243,Completed
CLM013141,2020-08-07,SALE085245,Paid Repaired
CLM013142,2025-12-06,SALE085266,Completed
CLM013143,2024-11-05,SALE085273,Completed
CLM013144,2022-08-02,SALE085298,Completed
CLM013145,2023-05-21,SALE085307,Rejected
CLM013146,2020-07-01,SALE085311,Completed
CLM013147,2024-10-10,SALE085316,Completed
CLM013148,2024-11-29,SALE085317,Rejected
CLM013149,2023-08-15,SALE085329,Completed
CLM013150,2023-08-02,SALE085339,Pending
CLM013151,2022-12-01,SALE085354,Rejected
CLM013152,2024-09-15,SALE085372,Completed
CLM013153,2021-04-18,SALE085376,Replaced
CLM013154,2021-12-30,SALE085388,Completed
CLM013155,2025-01-27,SALE085395,Paid Repaired
CLM013156,2021-12-30,SALE085408,Completed
CLM013157,2022-10-25,SALE085415,Paid Repaired
CLM013158,2025-05-18,SALE085426,Pending
CLM013159,2023-07-31,SALE085432,Completed
CLM013160,2025-02-08,SALE085442,Completed
CLM013161,2020-12-29,SALE085451,Paid Repaired
CLM013162,2020-10-16,SALE085457,Completed
CLM013163,2022-08-19,SALE085460,Replaced
CLM013164,2022-05-10,SALE085462,Completed
CLM013165,2021-12-04,SALE085465,Pending
CLM013166,2021-10-21,SALE085467,Completed
CLM013167,2023-09-18,SALE085470,Completed
CLM013168,2025-03-20,SALE085477,Completed
CLM013169,2022-04-30,SALE085481,Completed
CLM013170,2023-08-26,SALE085499,Replaced
CLM013171,2021-12-20,SALE085502,Warranty Void
CLM013172,2023-03-09,SALE085510,Completed
CLM013173,2023-04-10,SALE085512,Completed
CLM013174,2023-03-24,SALE085513,Warranty Void
CLM013175,2024-09-26,SALE085519,Completed
CLM013176,2024-08-31,SALE085535,Completed
CLM013177,2022-07-26,SALE085537,Completed
CLM013178,2025-12-31,SALE085550,Completed
CLM013179,2021-10-15,SALE085551,Completed
CLM013180,2025-05-24,SALE085557,Completed
CLM013181,2024-07-24,SALE085562,Completed
CLM013182,2025-10-10,SALE085564,Replaced
CLM013183,2022-10-11,SALE085587,Paid Repaired
CLM013184,2023-05-03,SALE085604,Rejected
CLM013185,2025-06-16,SALE085605,Completed
CLM013186,2023-12-24,SALE085620,Completed
CLM013187,2021-07-16,SALE085623,Replaced
CLM013188,2021-10-16,SALE085640,Replaced
CLM013189,2023-11-26,SALE085642,Replaced
CLM013190,2023-10-29,SALE085647,Completed
CLM013191,2023-05-24,SALE085648,Pending
CLM013192,2021-09-21,SALE085651,Replaced
CLM013193,2024-03-28,SALE085653,Completed
CLM013194,2024-04-09,SALE085661,Rejected
CLM013195,2024-11-05,SALE085663,Completed
CLM013196,2022-10-16,SALE085683,Completed
CLM013197,2021-05-21,SALE085684,Warranty Void
CLM013198,2025-02-12,SALE085702,Rejected
CLM013199,2021-04-27,SALE085708,Pending
CLM013200,2024-08-06,SALE085731,Completed
CLM013201,2023-10-25,SALE085741,Replaced
CLM013202,2025-12-31,SALE085760,Completed
CLM013203,2024-03-13,SALE085775,Replaced
CLM013204,2025-05-10,SALE085777,Paid Repaired
CLM013205,2023-11-17,SALE085791,Paid Repaired
CLM013206,2021-04-16,SALE085813,Completed
CLM013207,2020-08-02,SALE085820,Paid Repaired
CLM013208,2025-03-22,SALE085822,Completed
CLM013209,2024-08-14,SALE085825,Warranty Void
CLM013210,2024-04-27,SALE085826,Paid Repaired
CLM013211,2022-08-09,SALE085828,Replaced
CLM013212,2021-05-21,SALE085829,Paid Repaired
CLM013213,2024-07-29,SALE085830,Completed
CLM013214,2023-09-19,SALE085831,Replaced
CLM013215,2025-12-31,SALE085852,Paid Repaired
CLM013216,2022-07-03,SALE085869,Paid Repaired
CLM013217,2025-12-31,SALE085870,Pending
CLM013218,2023-03-21,SALE085893,Completed
CLM013219,2023-02-17,SALE085899,Pending
CLM013220,2025-08-10,SALE085900,Warranty Void
CLM013221,2022-12-08,SALE085905,Paid Repaired
CLM013222,2024-09-18,SALE085910,Replaced
CLM013223,2024-01-10,SALE085914,Replaced
CLM013224,2024-02-08,SALE085916,Paid Repaired
CLM013225,2025-01-31,SALE085940,Pending
CLM013226,2023-07-10,SALE085941,Completed
CLM013227,2020-12-22,SALE085944,Completed
CLM013228,2023-02-25,SALE085950,Warranty Void
CLM013229,2023-04-03,SALE085952,Paid Repaired
CLM013230,2024-10-11,SALE085961,Warranty Void
CLM013231,2025-05-27,SALE085964,Paid Repaired
CLM013232,2025-12-31,SALE085973,Replaced
CLM013233,2022-04-13,SALE085978,Completed
CLM013234,2025-11-24,SALE085981,Pending
CLM013235,2021-09-21,SALE085990,Rejected
CLM013236,2022-06-08,SALE085998,Paid Repaired
CLM013237,2025-03-16,SALE086022,Rejected
CLM013238,2025-12-31,SALE086024,Pending
CLM013239,2023-03-02,SALE086031,Pending
CLM013240,2022-06-26,SALE086033,Replaced
CLM013241,2024-01-03,SALE086038,Completed
CLM013242,2022-07-04,SALE086040,Completed
CLM013243,2021-10-23,SALE086048,Completed
CLM013244,2025-12-31,SALE086052,Completed
CLM013245,2025-12-31,SALE086058,Replaced
CLM013246,2022-12-27,SALE086064,Completed
CLM013247,2025-08-21,SALE086068,Completed
CLM013248,2021-03-03,SALE086079,Completed
CLM013249,2023-07-22,SALE086080,Replaced
CLM013250,2025-01-06,SALE086082,Completed
CLM013251,2021-05-04,SALE086086,Completed
CLM013252,2025-12-31,SALE086088,Completed
CLM013253,2021-06-18,SALE086094,Replaced
CLM013254,2023-08-20,SALE086096,Warranty Void
CLM013255,2023-01-02,SALE086098,Completed
CLM013256,2023-10-01,SALE086100,Replaced
CLM013257,2023-08-10,SALE086101,Completed
CLM013258,2025-07-17,SALE086105,Pending
CLM013259,2025-10-14,SALE086115,Completed
CLM013260,2023-09-08,SALE086123,Completed
CLM013261,2024-07-22,SALE086145,Replaced
CLM013262,2024-02-27,SALE086146,Warranty Void
CLM013263,2022-09-26,SALE086182,Replaced
CLM013264,2023-07-13,SALE086188,Paid Repaired
CLM013265,2023-01-23,SALE086194,Completed
CLM013266,2023-01-08,SALE086195,Paid Repaired
CLM013267,2023-02-02,SALE086201,Completed
CLM013268,2023-05-12,SALE086214,Pending
CLM013269,2024-10-21,SALE086215,Pending
CLM013270,2021-09-24,SALE086216,Completed
CLM013271,2023-10-05,SALE086237,Completed
CLM013272,2024-05-23,SALE086257,Completed
CLM013273,2025-02-10,SALE086267,Completed
CLM013274,2021-11-22,SALE086277,Paid Repaired
CLM013275,2023-01-20,SALE086278,Completed
CLM013276,2022-06-04,SALE086279,Replaced
CLM013277,2021-02-01,SALE086284,Completed
CLM013278,2025-12-31,SALE086285,Paid Repaired
CLM013279,2025-10-17,SALE086297,Paid Repaired
CLM013280,2020-05-05,SALE086299,Warranty Void
CLM013281,2020-07-14,SALE086309,Pending
CLM013282,2023-07-20,SALE086312,Completed
CLM013283,2021-12-10,SALE086313,Completed
CLM013284,2023-11-15,SALE086314,Completed
CLM013285,2021-02-03,SALE086316,Completed
CLM013286,2022-07-08,SALE086320,Completed
CLM013287,2022-08-30,SALE086321,Rejected
CLM013288,2024-03-14,SALE086328,Completed
CLM013289,2024-05-28,SALE086329,Completed
CLM013290,2020-03-28,SALE086338,Paid Repaired
CLM013291,2021-11-08,SALE086364,Rejected
CLM013292,2023-06-14,SALE086374,Replaced
CLM013293,2024-10-21,SALE086377,Completed
CLM013294,2023-08-01,SALE086380,Completed
CLM013295,2025-12-31,SALE086384,Rejected
CLM013296,2024-01-08,SALE086385,Replaced
CLM013297,2021-10-30,SALE086396,Pending
CLM013298,2022-02-22,SALE086397,Completed
CLM013299,2025-09-27,SALE086400,Replaced
CLM013300,2023-08-08,SALE086420,Completed
CLM013301,2022-04-21,SALE086422,Replaced
CLM013302,2021-03-11,SALE086427,Pending
CLM013303,2022-11-20,SALE086430,Completed
CLM013304,2024-04-06,SALE086436,Completed
CLM013305,2025-07-29,SALE086440,Paid Repaired
CLM013306,2025-05-24,SALE086441,Completed
CLM013307,2021-11-26,SALE086442,Completed
CLM013308,2022-07-08,SALE086451,Completed
CLM013309,2020-12-29,SALE086454,Completed
CLM013310,2025-11-22,SALE086459,Paid Repaired
CLM013311,2025-01-05,SALE086461,Replaced
CLM013312,2022-06-02,SALE086464,Paid Repaired
CLM013313,2024-08-24,SALE086465,Completed
CLM013314,2024-06-16,SALE086470,Completed
CLM013315,2021-08-22,SALE086472,Completed
CLM013316,2021-05-12,SALE086477,Paid Repaired
CLM013317,2022-08-14,SALE086480,Replaced
CLM013318,2025-12-31,SALE086485,Paid Repaired
CLM013319,2022-10-24,SALE086488,Completed
CLM013320,2024-05-30,SALE086509,Replaced
CLM013321,2025-08-17,SALE086514,Completed
CLM013322,2022-04-20,SALE086519,Completed
CLM013323,2023-05-26,SALE086524,Completed
CLM013324,2022-08-28,SALE086536,Completed
CLM013325,2021-11-19,SALE086541,Paid Repaired
CLM013326,2025-12-31,SALE086543,Paid Repaired
CLM013327,2025-08-16,SALE086547,Replaced
CLM013328,2024-04-04,SALE086550,Pending
CLM013329,2025-05-19,SALE086558,Completed
CLM013330,2022-05-15,SALE086561,Completed
CLM013331,2022-11-21,SALE086583,Completed
CLM013332,2025-03-15,SALE086588,Completed
CLM013333,2021-07-04,SALE086590,Completed
CLM013334,2025-10-04,SALE086591,Rejected
CLM013335,2023-05-08,SALE086615,Pending
CLM013336,2021-06-25,SALE086622,Warranty Void
CLM013337,2021-04-16,SALE086624,Completed
CLM013338,2023-11-07,SALE086633,Warranty Void
CLM013339,2025-07-17,SALE086634,Paid Repaired
CLM013340,2023-09-08,SALE086641,Warranty Void
CLM013341,2023-01-10,SALE086643,Completed
CLM013342,2024-09-05,SALE086644,Replaced
CLM013343,2023-08-30,SALE086649,Completed
CLM013344,2025-12-31,SALE086650,Rejected
CLM013345,2024-01-01,SALE086655,Completed
CLM013346,2024-12-24,SALE086683,Warranty Void
CLM013347,2022-12-27,SALE086691,Completed
CLM013348,2024-12-14,SALE086696,Replaced
CLM013349,2023-03-21,SALE086702,Completed
CLM013350,2022-02-09,SALE086703,Completed
CLM013351,2020-10-19,SALE086705,Paid Repaired
CLM013352,2024-08-17,SALE086711,Completed
CLM013353,2025-03-29,SALE086730,Completed
CLM013354,2021-11-07,SALE086740,Paid Repaired
CLM013355,2023-02-04,SALE086742,Completed
CLM013356,2022-01-23,SALE086756,Replaced
CLM013357,2025-12-31,SALE086761,Replaced
CLM013358,2025-09-30,SALE086771,Replaced
CLM013359,2024-08-27,SALE086776,Replaced
CLM013360,2025-01-08,SALE086789,Completed
CLM013361,2022-10-24,SALE086790,Paid Repaired
CLM013362,2025-12-07,SALE086793,Paid Repaired
CLM013363,2025-03-24,SALE086803,Completed
CLM013364,2024-11-14,SALE086806,Completed
CLM013365,2025-02-03,SALE086808,Paid Repaired
CLM013366,2023-12-27,SALE086819,Completed
CLM013367,2022-12-15,SALE086832,Replaced
CLM013368,2025-12-31,SALE086844,Completed
CLM013369,2023-01-09,SALE086848,Paid Repaired
CLM013370,2022-03-04,SALE086851,Completed
CLM013371,2023-04-02,SALE086860,Paid Repaired
CLM013372,2024-11-02,SALE086863,Replaced
CLM013373,2025-02-05,SALE086866,Replaced
CLM013374,2021-09-15,SALE086870,Completed
CLM013375,2025-05-25,SALE086878,Paid Repaired
CLM013376,2021-07-18,SALE086879,Warranty Void
CLM013377,2024-03-31,SALE086884,Paid Repaired
CLM013378,2021-04-01,SALE086886,Warranty Void
CLM013379,2024-06-28,SALE086887,Replaced
CLM013380,2021-12-10,SALE086892,Paid Repaired
CLM013381,2020-12-15,SALE086895,Completed
CLM013382,2025-12-31,SALE086900,Paid Repaired
CLM013383,2022-11-11,SALE086912,Replaced
CLM013384,2024-06-29,SALE086914,Pending
CLM013385,2022-09-03,SALE086917,Completed
CLM013386,2025-04-17,SALE086919,Rejected
CLM013387,2023-12-16,SALE086928,Warranty Void
CLM013388,2024-01-20,SALE086933,Warranty Void
CLM013389,2022-11-08,SALE086937,Replaced
CLM013390,2022-09-08,SALE086941,Completed
CLM013391,2025-10-17,SALE086956,Paid Repaired
CLM013392,2025-12-31,SALE086959,Completed
CLM013393,2020-11-08,SALE086967,Completed
CLM013394,2025-01-24,SALE086969,Completed
CLM013395,2023-11-01,SALE086970,Completed
CLM013396,2022-12-26,SALE086977,Completed
CLM013397,2022-09-17,SALE086982,Warranty Void
CLM013398,2025-10-22,SALE086983,Pending
CLM013399,2021-04-19,SALE086984,Completed
CLM013400,2025-12-31,SALE086988,Completed
CLM013401,2023-06-04,SALE086994,Rejected
CLM013402,2023-04-02,SALE086998,Rejected
CLM013403,2022-06-17,SALE087003,Completed
CLM013404,2023-03-23,SALE087006,Completed
CLM013405,2021-12-14,SALE087010,Completed
CLM013406,2022-10-23,SALE087011,Completed
CLM013407,2024-02-03,SALE087012,Completed
CLM013408,2023-01-16,SALE087017,Completed
CLM013409,2025-06-15,SALE087029,Paid Repaired
CLM013410,2023-03-26,SALE087038,Completed
CLM013411,2023-11-16,SALE087065,Replaced
CLM013412,2023-10-01,SALE087069,Replaced
CLM013413,2024-06-08,SALE087070,Replaced
CLM013414,2024-11-11,SALE087072,Completed
CLM013415,2025-02-18,SALE087074,Rejected
CLM013416,2025-12-31,SALE087085,Paid Repaired
CLM013417,2022-01-23,SALE087094,Completed
CLM013418,2021-09-30,SALE087098,Rejected
CLM013419,2022-06-13,SALE087099,Completed
CLM013420,2023-11-06,SALE087107,Pending
CLM013421,2022-12-05,SALE087112,Paid Repaired
CLM013422,2025-12-31,SALE087113,Completed
CLM013423,2021-01-13,SALE087115,Replaced
CLM013424,2022-12-14,SALE087122,Completed
CLM013425,2023-04-02,SALE087130,Completed
CLM013426,2020-12-17,SALE087131,Warranty Void
CLM013427,2024-02-12,SALE087139,Pending
CLM013428,2022-01-27,SALE087141,Replaced
CLM013429,2023-05-02,SALE087149,Completed
CLM013430,2023-10-16,SALE087172,Completed
CLM013431,2023-09-09,SALE087175,Paid Repaired
CLM013432,2022-02-18,SALE087176,Completed
CLM013433,2022-04-27,SALE087215,Replaced
CLM013434,2020-07-12,SALE087216,Completed
CLM013435,2024-02-15,SALE087218,Pending
CLM013436,2023-10-23,SALE087221,Completed
CLM013437,2021-04-27,SALE087241,Pending
CLM013438,2023-06-16,SALE087248,Replaced
CLM013439,2020-09-30,SALE087258,Completed
CLM013440,2022-04-11,SALE087265,Replaced
CLM013441,2024-04-02,SALE087272,Completed
CLM013442,2025-10-08,SALE087275,Completed
CLM013443,2025-12-31,SALE087277,Warranty Void
CLM013444,2022-12-31,SALE087282,Replaced
CLM013445,2025-06-28,SALE087286,Replaced
CLM013446,2022-12-13,SALE087288,Completed
CLM013447,2024-02-28,SALE087296,Completed
CLM013448,2024-06-27,SALE087310,Completed
CLM013449,2023-02-20,SALE087312,Replaced
CLM013450,2022-08-23,SALE087323,Paid Repaired
CLM013451,2025-02-11,SALE087328,Completed
CLM013452,2025-07-18,SALE087330,Replaced
CLM013453,2022-11-18,SALE087332,Replaced
CLM013454,2025-05-20,SALE087340,Paid Repaired
CLM013455,2022-07-20,SALE087341,Completed
CLM013456,2025-03-18,SALE087345,Completed
CLM013457,2024-01-10,SALE087347,Completed
CLM013458,2022-04-16,SALE087350,Completed
CLM013459,2024-05-07,SALE087366,Completed
CLM013460,2020-06-18,SALE087369,Paid Repaired
CLM013461,2024-04-17,SALE087370,Completed
CLM013462,2021-02-28,SALE087374,Completed
CLM013463,2022-08-17,SALE087376,Replaced
CLM013464,2024-05-18,SALE087384,Completed
CLM013465,2023-02-05,SALE087399,Completed
CLM013466,2021-03-26,SALE087400,Replaced
CLM013467,2023-02-22,SALE087411,Rejected
CLM013468,2023-05-15,SALE087417,Completed
CLM013469,2024-04-27,SALE087423,Pending
CLM013470,2024-11-18,SALE087424,Completed
CLM013471,2024-07-14,SALE087426,Completed
CLM013472,2021-02-27,SALE087443,Completed
CLM013473,2021-07-21,SALE087457,Pending
CLM013474,2021-01-22,SALE087467,Warranty Void
CLM013475,2024-06-20,SALE087475,Completed
CLM013476,2024-02-10,SALE087476,Completed
CLM013477,2024-03-15,SALE087486,Paid Repaired
CLM013478,2023-06-09,SALE087489,Paid Repaired
CLM013479,2020-08-28,SALE087497,Completed
CLM013480,2024-10-15,SALE087500,Completed
CLM013481,2021-07-21,SALE087512,Completed
CLM013482,2021-10-11,SALE087514,Completed
CLM013483,2025-12-31,SALE087521,Completed
CLM013484,2025-08-26,SALE087533,Paid Repaired
CLM013485,2024-05-24,SALE087538,Replaced
CLM013486,2022-11-10,SALE087542,Completed
CLM013487,2024-11-24,SALE087543,Completed
CLM013488,2025-12-31,SALE087567,Rejected
CLM013489,2025-12-31,SALE087568,Replaced
CLM013490,2023-08-30,SALE087578,Paid Repaired
CLM013491,2021-01-28,SALE087585,Paid Repaired
CLM013492,2024-02-04,SALE087586,Paid Repaired
CLM013493,2024-07-10,SALE087597,Warranty Void
CLM013494,2021-09-13,SALE087599,Replaced
CLM013495,2022-11-09,SALE087608,Completed
CLM013496,2023-01-31,SALE087617,Pending
CLM013497,2021-05-10,SALE087627,Completed
CLM013498,2021-12-08,SALE087630,Pending
CLM013499,2021-01-18,SALE087641,Replaced
CLM013500,2022-01-03,SALE087643,Completed
CLM013501,2022-10-28,SALE087646,Completed
CLM013502,2025-12-25,SALE087647,Completed
CLM013503,2022-04-15,SALE087648,Replaced
CLM013504,2023-09-14,SALE087655,Completed
CLM013505,2024-09-18,SALE087659,Warranty Void
CLM013506,2025-01-16,SALE087661,Pending
CLM013507,2021-08-16,SALE087664,Completed
CLM013508,2024-11-12,SALE087666,Pending
CLM013509,2025-12-31,SALE087672,Completed
CLM013510,2025-06-08,SALE087675,Completed
CLM013511,2022-12-23,SALE087685,Completed
CLM013512,2025-12-31,SALE087686,Replaced
CLM013513,2023-01-13,SALE087689,Pending
CLM013514,2025-12-08,SALE087699,Rejected
CLM013515,2023-04-03,SALE087703,Completed
CLM013516,2022-08-13,SALE087705,Completed
CLM013517,2024-12-18,SALE087711,Paid Repaired
CLM013518,2025-02-10,SALE087715,Pending
CLM013519,2024-04-19,SALE087725,Completed
CLM013520,2024-09-09,SALE087729,Completed
CLM013521,2021-08-25,SALE087737,Paid Repaired
CLM013522,2024-12-15,SALE087744,Rejected
CLM013523,2025-12-31,SALE087752,Completed
CLM013524,2025-09-01,SALE087758,Completed
CLM013525,2024-09-12,SALE087761,Completed
CLM013526,2023-05-12,SALE087773,Completed
CLM013527,2025-12-10,SALE087794,Completed
CLM013528,2024-09-12,SALE087795,Completed
CLM013529,2025-02-13,SALE087799,Completed
CLM013530,2025-02-10,SALE087804,Paid Repaired
CLM013531,2021-01-13,SALE087808,Warranty Void
CLM013532,2021-03-18,SALE087813,Warranty Void
CLM013533,2023-08-07,SALE087817,Completed
CLM013534,2023-06-10,SALE087818,Completed
CLM013535,2024-01-12,SALE087836,Completed
CLM013536,2022-04-28,SALE087838,Completed
CLM013537,2025-05-20,SALE087840,Completed
CLM013538,2023-12-10,SALE087842,Paid Repaired
CLM013539,2023-02-25,SALE087846,Paid Repaired
CLM013540,2025-12-31,SALE087855,Warranty Void
CLM013541,2024-11-17,SALE087863,Completed
CLM013542,2025-12-28,SALE087870,Paid Repaired
CLM013543,2023-03-25,SALE087875,Replaced
CLM013544,2025-12-31,SALE087891,Completed
CLM013545,2023-11-01,SALE087892,Completed
CLM013546,2021-01-27,SALE087893,Completed
CLM013547,2022-08-30,SALE087897,Rejected
CLM013548,2021-10-06,SALE087902,Replaced
CLM013549,2024-05-16,SALE087905,Completed
CLM013550,2024-07-13,SALE087910,Completed
CLM013551,2020-08-01,SALE087913,Pending
CLM013552,2024-09-06,SALE087918,Paid Repaired
CLM013553,2022-11-28,SALE087939,Completed
CLM013554,2021-10-26,SALE087942,Completed
CLM013555,2023-02-16,SALE087951,Replaced
CLM013556,2022-11-08,SALE087953,Warranty Void
CLM013557,2021-07-07,SALE087954,Replaced
CLM013558,2021-09-26,SALE087955,Completed
CLM013559,2022-01-25,SALE087956,Completed
CLM013560,2024-01-29,SALE087959,Completed
CLM013561,2021-08-16,SALE087964,Completed
CLM013562,2025-04-07,SALE087969,Completed
CLM013563,2022-11-30,SALE087971,Completed
CLM013564,2025-12-31,SALE087976,Warranty Void
CLM013565,2024-10-01,SALE087980,Rejected
CLM013566,2021-03-01,SALE087985,Completed
CLM013567,2024-02-09,SALE087998,Pending
CLM013568,2025-09-20,SALE087999,Paid Repaired
CLM013569,2020-11-15,SALE088001,Completed
CLM013570,2023-12-07,SALE088002,Completed
CLM013571,2023-06-20,SALE088006,Completed
CLM013572,2021-07-21,SALE088021,Replaced
CLM013573,2021-12-06,SALE088028,Replaced
CLM013574,2025-10-12,SALE088039,Completed
CLM013575,2025-12-23,SALE088043,Warranty Void
CLM013576,2020-10-29,SALE088047,Completed
CLM013577,2023-05-20,SALE088051,Completed
CLM013578,2025-05-14,SALE088058,Completed
CLM013579,2020-10-20,SALE088061,Completed
CLM013580,2024-07-01,SALE088062,Paid Repaired
CLM013581,2023-06-03,SALE088063,Pending
CLM013582,2023-11-16,SALE088065,Completed
CLM013583,2022-08-12,SALE088067,Completed
CLM013584,2025-08-29,SALE088069,Completed
CLM013585,2022-05-20,SALE088070,Completed
CLM013586,2024-12-10,SALE088077,Paid Repaired
CLM013587,2025-12-11,SALE088086,Paid Repaired
CLM013588,2022-08-01,SALE088087,Completed
CLM013589,2022-12-15,SALE088095,Replaced
CLM013590,2022-07-24,SALE088102,Replaced
CLM013591,2025-12-31,SALE088109,Rejected
CLM013592,2022-02-12,SALE088114,Completed
CLM013593,2021-10-30,SALE088126,Warranty Void
CLM013594,2025-12-31,SALE088130,Rejected
CLM013595,2022-01-16,SALE088142,Completed
CLM013596,2023-08-02,SALE088145,Pending
CLM013597,2022-11-04,SALE088159,Completed
CLM013598,2022-07-29,SALE088166,Completed
CLM013599,2020-11-26,SALE088178,Completed
CLM013600,2021-11-19,SALE088179,Completed
CLM013601,2020-12-15,SALE088181,Replaced
CLM013602,2025-06-07,SALE088184,Completed
CLM013603,2023-01-26,SALE088198,Completed
CLM013604,2024-02-05,SALE088202,Completed
CLM013605,2024-04-12,SALE088211,Paid Repaired
CLM013606,2025-12-31,SALE088218,Pending
CLM013607,2023-08-09,SALE088219,Warranty Void
CLM013608,2022-08-08,SALE088224,Completed
CLM013609,2023-10-12,SALE088231,Completed
CLM013610,2022-02-12,SALE088235,Completed
CLM013611,2024-10-08,SALE088236,Completed
CLM013612,2020-12-30,SALE088237,Replaced
CLM013613,2025-12-31,SALE088242,Completed
CLM013614,2024-11-16,SALE088249,Completed
CLM013615,2023-01-04,SALE088254,Completed
CLM013616,2024-04-06,SALE088257,Pending
CLM013617,2022-09-11,SALE088259,Completed
CLM013618,2025-01-08,SALE088272,Replaced
CLM013619,2025-10-29,SALE088278,Warranty Void
CLM013620,2021-05-02,SALE088280,Replaced
CLM013621,2021-01-30,SALE088285,Replaced
CLM013622,2022-03-02,SALE088309,Replaced
CLM013623,2023-11-08,SALE088325,Replaced
CLM013624,2024-04-12,SALE088328,Replaced
CLM013625,2025-12-31,SALE088354,Completed
CLM013626,2022-02-15,SALE088364,Completed
CLM013627,2022-06-02,SALE088371,Replaced
CLM013628,2024-11-30,SALE088382,Replaced
CLM013629,2025-12-05,SALE088385,Replaced
CLM013630,2021-11-24,SALE088386,Completed
CLM013631,2024-06-04,SALE088387,Replaced
CLM013632,2025-04-30,SALE088392,Paid Repaired
CLM013633,2024-12-14,SALE088395,Completed
CLM013634,2024-09-14,SALE088399,Warranty Void
CLM013635,2022-09-04,SALE088400,Replaced
CLM013636,2022-03-26,SALE088404,Completed
CLM013637,2025-10-20,SALE088405,Warranty Void
CLM013638,2022-02-23,SALE088414,Pending
CLM013639,2024-02-04,SALE088425,Rejected
CLM013640,2023-01-26,SALE088427,Pending
CLM013641,2021-09-11,SALE088433,Rejected
CLM013642,2024-05-23,SALE088438,Replaced
CLM013643,2021-12-01,SALE088451,Completed
CLM013644,2022-05-02,SALE088461,Warranty Void
CLM013645,2023-08-23,SALE088492,Completed
CLM013646,2021-01-07,SALE088504,Replaced
CLM013647,2025-04-12,SALE088513,Completed
CLM013648,2022-12-16,SALE088515,Completed
CLM013649,2021-08-17,SALE088523,Paid Repaired
CLM013650,2025-01-27,SALE088528,Paid Repaired
CLM013651,2024-02-06,SALE088530,Completed
CLM013652,2022-01-27,SALE088534,Paid Repaired
CLM013653,2023-07-17,SALE088537,Completed
CLM013654,2022-10-20,SALE088542,Completed
CLM013655,2025-08-24,SALE088552,Completed
CLM013656,2022-07-02,SALE088556,Warranty Void
CLM013657,2025-03-21,SALE088565,Replaced
CLM013658,2021-05-13,SALE088570,Replaced
CLM013659,2021-01-29,SALE088572,Pending
CLM013660,2021-10-26,SALE088582,Replaced
CLM013661,2025-12-06,SALE088591,Completed
CLM013662,2021-02-14,SALE088593,Replaced
CLM013663,2025-12-31,SALE088596,Replaced
CLM013664,2021-01-26,SALE088606,Rejected
CLM013665,2025-11-18,SALE088608,Replaced
CLM013666,2022-01-26,SALE088609,Replaced
CLM013667,2025-11-05,SALE088615,Completed
CLM013668,2022-11-14,SALE088622,Completed
CLM013669,2021-03-24,SALE088645,Paid Repaired
CLM013670,2025-01-16,SALE088646,Rejected
CLM013671,2025-12-31,SALE088659,Replaced
CLM013672,2022-04-16,SALE088667,Completed
CLM013673,2024-12-15,SALE088692,Replaced
CLM013674,2022-10-28,SALE088694,Pending
CLM013675,2022-08-07,SALE088695,Completed
CLM013676,2023-01-26,SALE088705,Replaced
CLM013677,2023-01-05,SALE088706,Rejected
CLM013678,2023-02-17,SALE088709,Completed
CLM013679,2023-04-10,SALE088711,Pending
CLM013680,2021-01-09,SALE088717,Completed
CLM013681,2025-05-25,SALE088719,Paid Repaired
CLM013682,2021-11-15,SALE088730,Paid Repaired
CLM013683,2021-02-23,SALE088731,Completed
CLM013684,2023-10-10,SALE088737,Paid Repaired
CLM013685,2025-06-22,SALE088739,Replaced
CLM013686,2022-02-12,SALE088755,Completed
CLM013687,2025-03-30,SALE088758,Completed
CLM013688,2022-03-16,SALE088759,Completed
CLM013689,2025-11-15,SALE088766,Completed
CLM013690,2023-05-24,SALE088770,Replaced
CLM013691,2020-08-08,SALE088790,Completed
CLM013692,2021-11-14,SALE088793,Warranty Void
CLM013693,2022-11-09,SALE088796,Paid Repaired
CLM013694,2023-10-13,SALE088799,Rejected
CLM013695,2021-06-07,SALE088810,Paid Repaired
CLM013696,2021-07-05,SALE088812,Pending
CLM013697,2024-01-25,SALE088814,Replaced
CLM013698,2023-05-16,SALE088815,Replaced
CLM013699,2022-05-23,SALE088830,Pending
CLM013700,2021-12-07,SALE088834,Completed
CLM013701,2022-10-08,SALE088835,Completed
CLM013702,2021-01-01,SALE088837,Paid Repaired
CLM013703,2025-04-03,SALE088841,Warranty Void
CLM013704,2023-11-06,SALE088863,Paid Repaired
CLM013705,2022-08-14,SALE088871,Completed
CLM013706,2023-11-28,SALE088883,Completed
CLM013707,2022-04-08,SALE088887,Replaced
CLM013708,2024-03-24,SALE088900,Completed
CLM013709,2022-10-30,SALE088907,Paid Repaired
CLM013710,2023-02-12,SALE088913,Completed
CLM013711,2024-12-03,SALE088914,Completed
CLM013712,2022-08-04,SALE088920,Pending
CLM013713,2024-09-28,SALE088925,Replaced
CLM013714,2022-11-09,SALE088931,Replaced
CLM013715,2020-11-27,SALE088933,Warranty Void
CLM013716,2025-12-31,SALE088942,Warranty Void
CLM013717,2024-11-10,SALE088943,Completed
CLM013718,2021-09-16,SALE088955,Completed
CLM013719,2024-02-21,SALE088962,Paid Repaired
CLM013720,2024-02-19,SALE088964,Completed
CLM013721,2021-03-13,SALE088965,Replaced
CLM013722,2025-12-31,SALE088981,Paid Repaired
CLM013723,2021-01-16,SALE088991,Replaced
CLM013724,2022-05-30,SALE088992,Pending
CLM013725,2022-09-15,SALE088998,Completed
CLM013726,2025-12-31,SALE089001,Paid Repaired
CLM013727,2024-10-31,SALE089015,Paid Repaired
CLM013728,2025-12-31,SALE089025,Paid Repaired
CLM013729,2022-10-04,SALE089027,Replaced
CLM013730,2024-04-16,SALE089032,Completed
CLM013731,2024-02-23,SALE089038,Paid Repaired
CLM013732,2021-07-18,SALE089051,Completed
CLM013733,2023-11-26,SALE089052,Replaced
CLM013734,2024-04-04,SALE089059,Pending
CLM013735,2022-02-13,SALE089061,Paid Repaired
CLM013736,2023-10-03,SALE089062,Paid Repaired
CLM013737,2024-07-13,SALE089063,Completed
CLM013738,2025-03-08,SALE089067,Completed
CLM013739,2020-12-02,SALE089073,Paid Repaired
CLM013740,2025-12-31,SALE089085,Completed
CLM013741,2023-12-04,SALE089097,Rejected
CLM013742,2022-01-11,SALE089102,Completed
CLM013743,2021-10-04,SALE089104,Paid Repaired
CLM013744,2021-05-18,SALE089108,Completed
CLM013745,2024-02-16,SALE089109,Completed
CLM013746,2021-12-25,SALE089114,Paid Repaired
CLM013747,2023-03-28,SALE089116,Replaced
CLM013748,2022-08-21,SALE089117,Warranty Void
CLM013749,2022-06-18,SALE089130,Replaced
CLM013750,2022-12-21,SALE089135,Warranty Void
CLM013751,2023-07-02,SALE089137,Completed
CLM013752,2022-05-09,SALE089140,Paid Repaired
CLM013753,2022-05-19,SALE089148,Completed
CLM013754,2024-12-06,SALE089153,Pending
CLM013755,2022-05-20,SALE089167,Pending
CLM013756,2025-12-31,SALE089177,Pending
CLM013757,2025-02-13,SALE089179,Completed
CLM013758,2025-09-26,SALE089186,Completed
CLM013759,2025-10-27,SALE089187,Replaced
CLM013760,2023-01-14,SALE089198,Completed
CLM013761,2023-05-07,SALE089216,Warranty Void
CLM013762,2023-10-27,SALE089217,Paid Repaired
CLM013763,2022-05-22,SALE089221,Pending
CLM013764,2021-01-01,SALE089222,Replaced
CLM013765,2022-07-15,SALE089232,Pending
CLM013766,2024-09-24,SALE089233,Completed
CLM013767,2021-01-15,SALE089238,Completed
CLM013768,2022-04-19,SALE089246,Pending
CLM013769,2020-12-16,SALE089248,Completed
CLM013770,2021-11-15,SALE089249,Replaced
CLM013771,2021-12-26,SALE089255,Paid Repaired
CLM013772,2021-12-24,SALE089256,Warranty Void
CLM013773,2021-12-01,SALE089263,Completed
CLM013774,2025-11-07,SALE089266,Completed
CLM013775,2021-10-28,SALE089269,Replaced
CLM013776,2022-02-28,SALE089271,Completed
CLM013777,2022-11-29,SALE089281,Paid Repaired
CLM013778,2021-03-20,SALE089282,Paid Repaired
CLM013779,2022-03-31,SALE089285,Completed
CLM013780,2021-02-05,SALE089296,Warranty Void
CLM013781,2025-05-14,SALE089304,Pending
CLM013782,2024-12-15,SALE089307,Pending
CLM013783,2023-10-13,SALE089314,Replaced
CLM013784,2025-12-31,SALE089320,Paid Repaired
CLM013785,2025-10-12,SALE089343,Completed
CLM013786,2023-09-13,SALE089345,Completed
CLM013787,2023-02-23,SALE089346,Completed
CLM013788,2021-09-17,SALE089375,Rejected
CLM013789,2025-05-25,SALE089380,Completed
CLM013790,2024-11-07,SALE089384,Completed
CLM013791,2024-06-27,SALE089391,Completed
CLM013792,2022-12-03,SALE089395,Completed
CLM013793,2025-09-11,SALE089403,Completed
CLM013794,2024-03-04,SALE089404,Pending
CLM013795,2023-11-06,SALE089409,Paid Repaired
CLM013796,2024-12-31,SALE089416,Completed
CLM013797,2022-08-02,SALE089424,Paid Repaired
CLM013798,2025-03-14,SALE089433,Completed
CLM013799,2020-04-23,SALE089434,Replaced
CLM013800,2023-01-12,SALE089436,Replaced
CLM013801,2024-03-07,SALE089437,Completed
CLM013802,2024-06-03,SALE089451,Paid Repaired
CLM013803,2022-10-18,SALE089463,Replaced
CLM013804,2025-11-28,SALE089468,Completed
CLM013805,2022-08-29,SALE089469,Completed
CLM013806,2025-12-31,SALE089488,Replaced
CLM013807,2025-07-15,SALE089491,Paid Repaired
CLM013808,2025-06-08,SALE089510,Replaced
CLM013809,2023-04-30,SALE089534,Paid Repaired
CLM013810,2021-04-06,SALE089541,Completed
CLM013811,2023-10-03,SALE089555,Completed
CLM013812,2023-03-16,SALE089560,Completed
CLM013813,2023-01-07,SALE089574,Pending
CLM013814,2021-11-01,SALE089576,Completed
CLM013815,2022-05-24,SALE089577,Completed
CLM013816,2021-12-04,SALE089578,Pending
CLM013817,2022-09-09,SALE089581,Paid Repaired
CLM013818,2023-02-12,SALE089584,Paid Repaired
CLM013819,2022-03-11,SALE089592,Completed
CLM013820,2023-07-11,SALE089608,Pending
CLM013821,2022-08-15,SALE089609,Completed
CLM013822,2025-05-17,SALE089619,Completed
CLM013823,2022-05-06,SALE089620,Completed
CLM013824,2021-04-11,SALE089621,Completed
CLM013825,2024-07-17,SALE089624,Completed
CLM013826,2022-04-11,SALE089630,Completed
CLM013827,2025-12-31,SALE089632,Rejected
CLM013828,2024-09-05,SALE089634,Replaced
CLM013829,2021-03-16,SALE089638,Warranty Void
CLM013830,2024-01-22,SALE089647,Pending
CLM013831,2022-04-10,SALE089655,Rejected
CLM013832,2021-05-22,SALE089658,Completed
CLM013833,2022-12-26,SALE089666,Completed
CLM013834,2022-12-17,SALE089670,Completed
CLM013835,2022-02-16,SALE089673,Pending
CLM013836,2022-02-17,SALE089676,Completed
CLM013837,2021-03-29,SALE089684,Completed
CLM013838,2023-04-23,SALE089694,Replaced
CLM013839,2022-06-30,SALE089703,Replaced
CLM013840,2021-09-03,SALE089704,Completed
CLM013841,2025-12-01,SALE089705,Completed
CLM013842,2021-08-25,SALE089706,Pending
CLM013843,2024-01-05,SALE089716,Completed
CLM013844,2023-04-13,SALE089720,Paid Repaired
CLM013845,2024-01-27,SALE089725,Completed
CLM013846,2024-04-05,SALE089734,Completed
CLM013847,2024-03-20,SALE089747,Pending
CLM013848,2021-06-02,SALE089752,Completed
CLM013849,2021-06-08,SALE089753,Completed
CLM013850,2025-07-28,SALE089760,Completed
CLM013851,2023-04-15,SALE089770,Completed
CLM013852,2023-08-12,SALE089772,Completed
CLM013853,2021-04-13,SALE089781,Paid Repaired
CLM013854,2022-09-25,SALE089782,Pending
CLM013855,2025-01-12,SALE089787,Completed
CLM013856,2024-10-29,SALE089794,Completed
CLM013857,2023-12-18,SALE089795,Replaced
CLM013858,2025-02-02,SALE089798,Completed
CLM013859,2024-06-14,SALE089800,Paid Repaired
CLM013860,2022-03-14,SALE089805,Paid Repaired
CLM013861,2020-10-09,SALE089807,Completed
CLM013862,2024-01-26,SALE089817,Completed
CLM013863,2024-07-19,SALE089819,Replaced
CLM013864,2025-12-31,SALE089820,Paid Repaired
CLM013865,2024-05-15,SALE089822,Completed
CLM013866,2020-05-29,SALE089831,Completed
CLM013867,2024-11-02,SALE089834,Completed
CLM013868,2022-08-07,SALE089837,Completed
CLM013869,2025-05-26,SALE089846,Replaced
CLM013870,2024-03-11,SALE089849,Rejected
CLM013871,2022-11-05,SALE089857,Completed
CLM013872,2025-02-20,SALE089858,Replaced
CLM013873,2021-10-28,SALE089863,Completed
CLM013874,2025-10-04,SALE089864,Completed
CLM013875,2023-03-01,SALE089873,Pending
CLM013876,2021-08-12,SALE089883,Pending
CLM013877,2020-06-29,SALE089892,Completed
CLM013878,2021-12-30,SALE089897,Completed
CLM013879,2024-07-19,SALE089902,Replaced
CLM013880,2023-05-20,SALE089905,Paid Repaired
CLM013881,2023-03-28,SALE089907,Completed
CLM013882,2022-03-20,SALE089910,Warranty Void
CLM013883,2025-07-17,SALE089911,Paid Repaired
CLM013884,2022-10-13,SALE089915,Completed
CLM013885,2025-09-07,SALE089919,Replaced
CLM013886,2024-05-17,SALE089934,Completed
CLM013887,2025-03-22,SALE089936,Warranty Void
CLM013888,2021-07-09,SALE089937,Completed
CLM013889,2024-02-25,SALE089944,Completed
CLM013890,2022-07-27,SALE089958,Completed
CLM013891,2022-05-07,SALE089965,Completed
CLM013892,2023-07-13,SALE089977,Warranty Void
CLM013893,2022-12-27,SALE089993,Replaced
CLM013894,2023-11-04,SALE090010,Completed
CLM013895,2025-01-31,SALE090011,Replaced
CLM013896,2020-11-05,SALE090031,Pending
CLM013897,2021-05-30,SALE090036,Completed
CLM013898,2021-06-22,SALE090039,Replaced
CLM013899,2024-10-07,SALE090055,Completed
CLM013900,2021-06-09,SALE090077,Replaced
CLM013901,2025-03-07,SALE090079,Paid Repaired
CLM013902,2023-09-27,SALE090082,Completed
CLM013903,2024-10-20,SALE090085,Replaced
CLM013904,2022-10-17,SALE090097,Completed
CLM013905,2023-11-12,SALE090103,Completed
CLM013906,2023-12-27,SALE090106,Rejected
CLM013907,2023-01-19,SALE090109,Completed
CLM013908,2025-01-09,SALE090127,Completed
CLM013909,2023-09-29,SALE090135,Replaced
CLM013910,2023-11-03,SALE090137,Paid Repaired
CLM013911,2022-10-12,SALE090145,Paid Repaired
CLM013912,2022-07-08,SALE090160,Paid Repaired
CLM013913,2020-12-28,SALE090200,Replaced
CLM013914,2024-09-22,SALE090204,Warranty Void
CLM013915,2022-04-09,SALE090213,Replaced
CLM013916,2025-08-19,SALE090246,Completed
CLM013917,2024-03-12,SALE090249,Completed
CLM013918,2025-03-06,SALE090253,Warranty Void
CLM013919,2025-07-09,SALE090254,Replaced
CLM013920,2024-06-14,SALE090267,Paid Repaired
CLM013921,2021-04-09,SALE090272,Paid Repaired
CLM013922,2022-02-14,SALE090285,Completed
CLM013923,2025-12-19,SALE090287,Rejected
CLM013924,2024-10-05,SALE090299,Rejected
CLM013925,2023-06-16,SALE090305,Completed
CLM013926,2024-03-14,SALE090316,Completed
CLM013927,2025-12-31,SALE090317,Rejected
CLM013928,2022-07-26,SALE090321,Completed
CLM013929,2023-06-12,SALE090335,Completed
CLM013930,2025-12-17,SALE090338,Paid Repaired
CLM013931,2024-04-03,SALE090354,Completed
CLM013932,2025-06-25,SALE090366,Completed
CLM013933,2024-11-23,SALE090374,Warranty Void
CLM013934,2020-12-23,SALE090376,Replaced
CLM013935,2023-09-02,SALE090378,Completed
CLM013936,2023-12-12,SALE090380,Completed
CLM013937,2023-11-11,SALE090383,Replaced
CLM013938,2022-09-01,SALE090385,Replaced
CLM013939,2022-11-07,SALE090389,Rejected
CLM013940,2023-12-17,SALE090400,Completed
CLM013941,2023-07-31,SALE090403,Replaced
CLM013942,2023-12-11,SALE090409,Completed
CLM013943,2025-10-28,SALE090416,Rejected
CLM013944,2025-12-31,SALE090420,Rejected
CLM013945,2022-03-27,SALE090426,Completed
CLM013946,2023-03-03,SALE090429,Replaced
CLM013947,2025-08-02,SALE090430,Replaced
CLM013948,2025-05-26,SALE090438,Completed
CLM013949,2024-05-10,SALE090443,Replaced
CLM013950,2023-05-01,SALE090450,Completed
CLM013951,2024-10-28,SALE090459,Paid Repaired
CLM013952,2020-09-15,SALE090460,Pending
CLM013953,2021-02-20,SALE090462,Completed
CLM013954,2024-09-22,SALE090469,Replaced
CLM013955,2024-10-08,SALE090478,Completed
CLM013956,2025-03-14,SALE090481,Completed
CLM013957,2021-08-24,SALE090486,Completed
CLM013958,2024-02-05,SALE090487,Completed
CLM013959,2022-02-06,SALE090493,Replaced
CLM013960,2022-07-13,SALE090504,Completed
CLM013961,2025-07-11,SALE090514,Replaced
CLM013962,2021-11-22,SALE090515,Completed
CLM013963,2024-12-18,SALE090519,Completed
CLM013964,2024-01-30,SALE090529,Replaced
CLM013965,2021-09-26,SALE090531,Replaced
CLM013966,2020-07-21,SALE090532,Warranty Void
CLM013967,2020-07-02,SALE090542,Completed
CLM013968,2023-08-11,SALE090559,Pending
CLM013969,2022-06-07,SALE090562,Paid Repaired
CLM013970,2021-09-08,SALE090570,Pending
CLM013971,2024-04-11,SALE090577,Completed
CLM013972,2024-05-28,SALE090579,Warranty Void
CLM013973,2024-03-25,SALE090581,Replaced
CLM013974,2022-08-23,SALE090584,Completed
CLM013975,2024-05-12,SALE090590,Pending
CLM013976,2023-09-01,SALE090592,Replaced
CLM013977,2022-03-07,SALE090594,Pending
CLM013978,2022-09-25,SALE090598,Warranty Void
CLM013979,2022-05-29,SALE090617,Completed
CLM013980,2024-09-28,SALE090618,Pending
CLM013981,2020-10-04,SALE090625,Completed
CLM013982,2023-10-06,SALE090631,Completed
CLM013983,2022-10-26,SALE090636,Pending
CLM013984,2024-11-17,SALE090642,Replaced
CLM013985,2022-06-24,SALE090643,Paid Repaired
CLM013986,2022-05-24,SALE090644,Warranty Void
CLM013987,2022-05-18,SALE090651,Pending
CLM013988,2023-09-04,SALE090656,Warranty Void
CLM013989,2023-03-25,SALE090660,Completed
CLM013990,2023-03-09,SALE090661,Paid Repaired
CLM013991,2025-12-20,SALE090673,Completed
CLM013992,2024-02-03,SALE090677,Completed
CLM013993,2025-12-31,SALE090683,Replaced
CLM013994,2022-12-20,SALE090685,Completed
CLM013995,2023-01-02,SALE090690,Completed
CLM013996,2023-01-14,SALE090698,Completed
CLM013997,2025-06-16,SALE090699,Completed
CLM013998,2021-05-08,SALE090708,Completed
CLM013999,2025-12-31,SALE090713,Completed
CLM014000,2024-06-21,SALE090715,Pending
CLM014001,2025-07-26,SALE090725,Paid Repaired
CLM014002,2025-06-16,SALE090727,Rejected
CLM014003,2021-03-08,SALE090742,Pending
CLM014004,2022-10-04,SALE090749,Completed
CLM014005,2021-04-13,SALE090770,Warranty Void
CLM014006,2020-11-24,SALE090772,Replaced
CLM014007,2021-07-04,SALE090775,Pending
CLM014008,2023-01-02,SALE090782,Completed
CLM014009,2025-01-02,SALE090794,Paid Repaired
CLM014010,2021-11-30,SALE090808,Completed
CLM014011,2021-07-22,SALE090810,Rejected
CLM014012,2025-04-08,SALE090817,Replaced
CLM014013,2024-01-09,SALE090818,Warranty Void
CLM014014,2022-12-15,SALE090824,Completed
CLM014015,2024-05-02,SALE090826,Paid Repaired
CLM014016,2020-09-29,SALE090828,Completed
CLM014017,2023-06-30,SALE090838,Replaced
CLM014018,2025-01-17,SALE090844,Completed
CLM014019,2023-02-20,SALE090865,Pending
CLM014020,2022-07-05,SALE090870,Warranty Void
CLM014021,2023-12-23,SALE090885,Replaced
CLM014022,2023-01-12,SALE090891,Rejected
CLM014023,2021-12-09,SALE090900,Replaced
CLM014024,2024-04-10,SALE090911,Rejected
CLM014025,2025-04-04,SALE090914,Replaced
CLM014026,2023-11-28,SALE090917,Pending
CLM014027,2025-09-19,SALE090928,Paid Repaired
CLM014028,2020-09-29,SALE090932,Warranty Void
CLM014029,2025-09-30,SALE090933,Completed
CLM014030,2025-05-15,SALE090939,Warranty Void
CLM014031,2021-10-27,SALE090948,Completed
CLM014032,2023-06-30,SALE090952,Rejected
CLM014033,2020-06-21,SALE090953,Completed
CLM014034,2025-11-27,SALE090960,Paid Repaired
CLM014035,2021-10-01,SALE090975,Completed
CLM014036,2021-07-05,SALE090976,Completed
CLM014037,2023-02-17,SALE090981,Completed
CLM014038,2025-05-01,SALE090997,Completed
CLM014039,2022-09-23,SALE090998,Rejected
CLM014040,2020-12-10,SALE091001,Rejected
CLM014041,2025-04-16,SALE091018,Rejected
CLM014042,2024-03-24,SALE091019,Pending
CLM014043,2025-11-13,SALE091044,Pending
CLM014044,2020-11-30,SALE091053,Paid Repaired
CLM014045,2023-03-01,SALE091056,Paid Repaired
CLM014046,2024-01-06,SALE091063,Pending
CLM014047,2023-02-12,SALE091074,Completed
CLM014048,2022-01-05,SALE091077,Completed
CLM014049,2022-11-07,SALE091080,Replaced
CLM014050,2022-03-09,SALE091082,Replaced
CLM014051,2025-08-22,SALE091088,Completed
CLM014052,2025-04-16,SALE091098,Paid Repaired
CLM014053,2025-05-04,SALE091107,Rejected
CLM014054,2022-07-20,SALE091118,Completed
CLM014055,2023-06-22,SALE091127,Completed
CLM014056,2023-08-11,SALE091141,Warranty Void
CLM014057,2021-02-07,SALE091143,Completed
CLM014058,2023-03-17,SALE091157,Paid Repaired
CLM014059,2024-12-14,SALE091158,Rejected
CLM014060,2021-03-03,SALE091162,Replaced
CLM014061,2024-03-18,SALE091168,Completed
CLM014062,2025-04-14,SALE091171,Warranty Void
CLM014063,2024-03-24,SALE091173,Completed
CLM014064,2025-09-26,SALE091176,Rejected
CLM014065,2023-03-11,SALE091190,Paid Repaired
CLM014066,2025-09-16,SALE091199,Warranty Void
CLM014067,2022-04-01,SALE091204,Paid Repaired
CLM014068,2021-09-17,SALE091224,Completed
CLM014069,2023-04-28,SALE091227,Completed
CLM014070,2025-07-16,SALE091233,Pending
CLM014071,2023-11-18,SALE091239,Completed
CLM014072,2021-04-11,SALE091245,Completed
CLM014073,2022-01-08,SALE091250,Warranty Void
CLM014074,2024-12-17,SALE091260,Pending
CLM014075,2023-02-01,SALE091261,Replaced
CLM014076,2024-09-16,SALE091266,Completed
CLM014077,2023-03-09,SALE091268,Completed
CLM014078,2024-05-29,SALE091270,Paid Repaired
CLM014079,2022-05-23,SALE091276,Replaced
CLM014080,2021-11-17,SALE091283,Paid Repaired
CLM014081,2022-08-26,SALE091284,Completed
CLM014082,2023-12-23,SALE091289,Completed
CLM014083,2022-12-20,SALE091290,Completed
CLM014084,2021-02-25,SALE091295,Paid Repaired
CLM014085,2021-12-12,SALE091302,Paid Repaired
CLM014086,2022-03-29,SALE091303,Replaced
CLM014087,2020-08-18,SALE091313,Completed
CLM014088,2023-06-17,SALE091320,Completed
CLM014089,2025-06-15,SALE091342,Pending
CLM014090,2025-02-16,SALE091351,Completed
CLM014091,2025-06-10,SALE091353,Replaced
CLM014092,2024-10-04,SALE091356,Completed
CLM014093,2023-02-21,SALE091362,Completed
CLM014094,2022-05-27,SALE091374,Warranty Void
CLM014095,2023-06-22,SALE091375,Rejected
CLM014096,2025-06-26,SALE091381,Completed
CLM014097,2024-01-23,SALE091389,Completed
CLM014098,2023-09-15,SALE091394,Pending
CLM014099,2025-07-07,SALE091402,Paid Repaired
CLM014100,2023-03-12,SALE091412,Completed
CLM014101,2024-05-30,SALE091419,Pending
CLM014102,2023-04-24,SALE091423,Completed
CLM014103,2022-05-07,SALE091428,Paid Repaired
CLM014104,2023-01-29,SALE091438,Warranty Void
CLM014105,2024-04-26,SALE091449,Completed
CLM014106,2025-02-11,SALE091465,Warranty Void
CLM014107,2025-01-22,SALE091469,Completed
CLM014108,2022-02-07,SALE091472,Warranty Void
CLM014109,2024-01-30,SALE091477,Replaced
CLM014110,2025-12-31,SALE091491,Paid Repaired
CLM014111,2023-12-23,SALE091505,Pending
CLM014112,2022-10-23,SALE091509,Replaced
CLM014113,2021-06-30,SALE091510,Completed
CLM014114,2025-12-31,SALE091511,Completed
CLM014115,2022-09-08,SALE091524,Completed
CLM014116,2020-05-15,SALE091535,Pending
CLM014117,2024-04-10,SALE091561,Warranty Void
CLM014118,2020-06-24,SALE091564,Replaced
CLM014119,2022-07-15,SALE091565,Completed
CLM014120,2024-10-31,SALE091585,Completed
CLM014121,2024-01-13,SALE091586,Completed
CLM014122,2024-04-10,SALE091588,Completed
CLM014123,2022-02-18,SALE091600,Pending
CLM014124,2024-10-13,SALE091601,Warranty Void
CLM014125,2022-01-13,SALE091607,Completed
CLM014126,2024-10-16,SALE091611,Completed
CLM014127,2022-02-24,SALE091617,Rejected
CLM014128,2021-06-17,SALE091624,Completed
CLM014129,2024-10-23,SALE091629,Rejected
CLM014130,2021-09-22,SALE091631,Completed
CLM014131,2023-08-24,SALE091634,Completed
CLM014132,2024-08-27,SALE091635,Paid Repaired
CLM014133,2024-11-26,SALE091640,Completed
CLM014134,2021-07-24,SALE091646,Completed
CLM014135,2024-10-18,SALE091647,Replaced
CLM014136,2023-03-26,SALE091659,Completed
CLM014137,2020-04-12,SALE091661,Replaced
CLM014138,2025-12-31,SALE091665,Completed
CLM014139,2023-01-07,SALE091666,Replaced
CLM014140,2024-05-29,SALE091682,Completed
CLM014141,2022-09-07,SALE091688,Pending
CLM014142,2022-02-17,SALE091690,Completed
CLM014143,2021-06-03,SALE091692,Paid Repaired
CLM014144,2025-10-16,SALE091697,Completed
CLM014145,2023-02-17,SALE091700,Paid Repaired
CLM014146,2023-10-05,SALE091707,Completed
CLM014147,2025-01-08,SALE091723,Completed
CLM014148,2025-12-31,SALE091727,Pending
CLM014149,2023-01-14,SALE091729,Completed
CLM014150,2022-11-14,SALE091730,Completed
CLM014151,2022-11-06,SALE091733,Replaced
CLM014152,2023-06-05,SALE091734,Replaced
CLM014153,2023-10-10,SALE091736,Completed
CLM014154,2025-12-31,SALE091738,Paid Repaired
CLM014155,2023-09-21,SALE091744,Completed
CLM014156,2025-12-31,SALE091746,Pending
CLM014157,2024-06-11,SALE091747,Completed
CLM014158,2022-11-11,SALE091749,Pending
CLM014159,2024-06-17,SALE091760,Pending
CLM014160,2023-03-01,SALE091769,Paid Repaired
CLM014161,2024-01-20,SALE091780,Completed
CLM014162,2025-03-08,SALE091788,Replaced
CLM014163,2023-10-15,SALE091790,Completed
CLM014164,2022-10-24,SALE091791,Replaced
CLM014165,2022-06-12,SALE091795,Replaced
CLM014166,2025-06-20,SALE091803,Paid Repaired
CLM014167,2022-07-24,SALE091805,Replaced
CLM014168,2023-09-21,SALE091806,Warranty Void
CLM014169,2021-06-19,SALE091810,Completed
CLM014170,2025-12-31,SALE091817,Completed
CLM014171,2021-07-23,SALE091822,Pending
CLM014172,2025-12-31,SALE091823,Completed
CLM014173,2025-12-31,SALE091831,Completed
CLM014174,2021-03-17,SALE091838,Paid Repaired
CLM014175,2025-08-30,SALE091841,Completed
CLM014176,2023-11-06,SALE091842,Completed
CLM014177,2020-03-28,SALE091855,Warranty Void
CLM014178,2024-05-26,SALE091864,Completed
CLM014179,2024-06-19,SALE091866,Completed
CLM014180,2021-08-21,SALE091869,Completed
CLM014181,2021-05-10,SALE091876,Rejected
CLM014182,2024-04-13,SALE091880,Pending
CLM014183,2023-12-18,SALE091886,Completed
CLM014184,2020-09-20,SALE091890,Replaced
CLM014185,2024-11-28,SALE091891,Paid Repaired
CLM014186,2025-01-26,SALE091903,Completed
CLM014187,2024-02-21,SALE091908,Completed
CLM014188,2021-08-16,SALE091911,Completed
CLM014189,2025-07-11,SALE091912,Paid Repaired
CLM014190,2025-12-31,SALE091913,Pending
CLM014191,2022-11-29,SALE091917,Completed
CLM014192,2023-10-20,SALE091923,Completed
CLM014193,2021-12-24,SALE091924,Paid Repaired
CLM014194,2021-12-04,SALE091925,Warranty Void
CLM014195,2025-06-23,SALE091934,Completed
CLM014196,2020-10-10,SALE091936,Completed
CLM014197,2025-06-09,SALE091945,Completed
CLM014198,2023-06-10,SALE091951,Warranty Void
CLM014199,2025-02-12,SALE091962,Replaced
CLM014200,2024-09-14,SALE091967,Replaced
CLM014201,2024-12-22,SALE091969,Replaced
CLM014202,2022-08-10,SALE091970,Completed
CLM014203,2022-10-24,SALE091975,Completed
CLM014204,2023-11-17,SALE091983,Replaced
CLM014205,2025-12-17,SALE091987,Paid Repaired
CLM014206,2023-01-25,SALE091988,Completed
CLM014207,2023-06-24,SALE091990,Paid Repaired
CLM014208,2020-06-29,SALE091997,Pending
CLM014209,2025-12-14,SALE091998,Replaced
CLM014210,2021-11-11,SALE092008,Completed
CLM014211,2021-10-27,SALE092021,Paid Repaired
CLM014212,2025-07-02,SALE092022,Completed
CLM014213,2025-05-30,SALE092030,Completed
CLM014214,2025-09-04,SALE092035,Paid Repaired
CLM014215,2022-08-09,SALE092055,Completed
CLM014216,2020-10-10,SALE092066,Paid Repaired
CLM014217,2022-07-22,SALE092077,Completed
CLM014218,2021-12-13,SALE092081,Paid Repaired
CLM014219,2022-01-14,SALE092093,Paid Repaired
CLM014220,2025-05-24,SALE092095,Paid Repaired
CLM014221,2025-12-31,SALE092098,Paid Repaired
CLM014222,2023-09-07,SALE092109,Completed
CLM014223,2022-10-10,SALE092112,Replaced
CLM014224,2025-10-08,SALE092116,Rejected
CLM014225,2024-09-06,SALE092123,Completed
CLM014226,2025-05-12,SALE092133,Replaced
CLM014227,2024-09-29,SALE092135,Completed
CLM014228,2025-08-11,SALE092136,Pending
CLM014229,2023-09-29,SALE092150,Replaced
CLM014230,2021-03-05,SALE092152,Paid Repaired
CLM014231,2024-01-08,SALE092173,Rejected
CLM014232,2021-10-04,SALE092185,Completed
CLM014233,2024-11-19,SALE092187,Replaced
CLM014234,2020-06-14,SALE092192,Replaced
CLM014235,2022-06-23,SALE092196,Warranty Void
CLM014236,2020-10-26,SALE092197,Warranty Void
CLM014237,2022-01-23,SALE092208,Replaced
CLM014238,2023-11-02,SALE092210,Pending
CLM014239,2023-05-14,SALE092217,Replaced
CLM014240,2022-03-02,SALE092220,Rejected
CLM014241,2023-03-06,SALE092222,Warranty Void
CLM014242,2022-09-17,SALE092231,Paid Repaired
CLM014243,2021-10-25,SALE092233,Replaced
CLM014244,2025-12-28,SALE092245,Replaced
CLM014245,2022-12-22,SALE092253,Completed
CLM014246,2023-02-24,SALE092270,Completed
CLM014247,2025-07-29,SALE092292,Warranty Void
CLM014248,2023-09-11,SALE092293,Rejected
CLM014249,2025-02-14,SALE092300,Completed
CLM014250,2020-12-07,SALE092301,Paid Repaired
CLM014251,2022-07-27,SALE092302,Completed
CLM014252,2025-02-16,SALE092305,Completed
CLM014253,2023-12-25,SALE092309,Completed
CLM014254,2024-02-11,SALE092312,Completed
CLM014255,2023-04-21,SALE092326,Completed
CLM014256,2025-03-13,SALE092327,Warranty Void
CLM014257,2022-04-20,SALE092328,Paid Repaired
CLM014258,2025-10-21,SALE092331,Pending
CLM014259,2022-04-12,SALE092341,Replaced
CLM014260,2024-01-19,SALE092345,Warranty Void
CLM014261,2024-06-23,SALE092349,Paid Repaired
CLM014262,2022-08-05,SALE092357,Completed
CLM014263,2025-03-21,SALE092362,Pending
CLM014264,2023-03-22,SALE092364,Replaced
CLM014265,2023-08-26,SALE092369,Completed
CLM014266,2024-02-23,SALE092383,Completed
CLM014267,2021-07-23,SALE092385,Pending
CLM014268,2025-12-31,SALE092386,Paid Repaired
CLM014269,2025-07-31,SALE092389,Completed
CLM014270,2025-09-24,SALE092395,Completed
CLM014271,2021-10-06,SALE092396,Completed
CLM014272,2021-10-03,SALE092404,Replaced
CLM014273,2024-12-22,SALE092408,Completed
CLM014274,2021-03-09,SALE092417,Completed
CLM014275,2024-02-01,SALE092419,Completed
CLM014276,2021-09-30,SALE092428,Completed
CLM014277,2023-12-10,SALE092429,Paid Repaired
CLM014278,2023-05-01,SALE092437,Completed
CLM014279,2025-01-10,SALE092438,Replaced
CLM014280,2021-12-03,SALE092441,Completed
CLM014281,2021-09-27,SALE092443,Paid Repaired
CLM014282,2022-04-16,SALE092444,Completed
CLM014283,2025-05-23,SALE092466,Completed
CLM014284,2024-08-16,SALE092479,Completed
CLM014285,2022-09-09,SALE092489,Replaced
CLM014286,2025-07-16,SALE092500,Warranty Void
CLM014287,2022-09-05,SALE092502,Completed
CLM014288,2020-09-24,SALE092504,Warranty Void
CLM014289,2025-08-09,SALE092505,Pending
CLM014290,2024-04-14,SALE092510,Completed
CLM014291,2024-12-06,SALE092513,Completed
CLM014292,2025-01-27,SALE092517,Pending
CLM014293,2023-10-12,SALE092518,Completed
CLM014294,2025-07-07,SALE092524,Completed
CLM014295,2022-07-21,SALE092527,Completed
CLM014296,2024-08-22,SALE092552,Completed
CLM014297,2024-05-16,SALE092559,Paid Repaired
CLM014298,2022-10-23,SALE092565,Replaced
CLM014299,2021-12-02,SALE092576,Completed
CLM014300,2024-02-02,SALE092591,Completed
CLM014301,2024-01-02,SALE092607,Completed
CLM014302,2023-10-18,SALE092609,Completed
CLM014303,2025-07-06,SALE092618,Completed
CLM014304,2021-06-29,SALE092625,Completed
CLM014305,2022-01-10,SALE092627,Completed
CLM014306,2022-07-24,SALE092628,Rejected
CLM014307,2021-11-12,SALE092630,Pending
CLM014308,2023-08-21,SALE092637,Pending
CLM014309,2021-01-08,SALE092658,Warranty Void
CLM014310,2024-01-07,SALE092677,Paid Repaired
CLM014311,2021-06-28,SALE092685,Pending
CLM014312,2024-04-02,SALE092698,Rejected
CLM014313,2025-12-31,SALE092700,Pending
CLM014314,2025-05-03,SALE092729,Completed
CLM014315,2024-09-09,SALE092741,Completed
CLM014316,2025-11-13,SALE092745,Completed
CLM014317,2022-08-05,SALE092746,Paid Repaired
CLM014318,2021-12-17,SALE092755,Pending
CLM014319,2021-08-11,SALE092756,Rejected
CLM014320,2020-10-08,SALE092757,Completed
CLM014321,2020-05-13,SALE092761,Completed
CLM014322,2021-04-05,SALE092766,Completed
CLM014323,2022-02-05,SALE092774,Rejected
CLM014324,2024-07-02,SALE092783,Replaced
CLM014325,2020-06-13,SALE092788,Paid Repaired
CLM014326,2021-05-25,SALE092795,Pending
CLM014327,2021-02-10,SALE092804,Completed
CLM014328,2021-03-20,SALE092807,Completed
CLM014329,2023-05-11,SALE092811,Completed
CLM014330,2024-11-02,SALE092821,Completed
CLM014331,2023-09-12,SALE092822,Completed
CLM014332,2022-09-12,SALE092823,Pending
CLM014333,2023-06-14,SALE092824,Completed
CLM014334,2022-10-01,SALE092832,Pending
CLM014335,2025-05-24,SALE092836,Paid Repaired
CLM014336,2023-05-15,SALE092843,Completed
CLM014337,2024-04-10,SALE092845,Replaced
CLM014338,2025-09-28,SALE092848,Completed
CLM014339,2022-05-08,SALE092851,Completed
CLM014340,2020-12-30,SALE092859,Completed
CLM014341,2025-05-23,SALE092877,Completed
CLM014342,2022-12-28,SALE092886,Completed
CLM014343,2023-10-06,SALE092888,Paid Repaired
CLM014344,2023-12-25,SALE092889,Pending
CLM014345,2025-12-31,SALE092896,Completed
CLM014346,2025-07-23,SALE092898,Completed
CLM014347,2025-12-31,SALE092905,Pending
CLM014348,2022-03-19,SALE092908,Completed
CLM014349,2024-08-07,SALE092915,Paid Repaired
CLM014350,2022-03-23,SALE092916,Completed
CLM014351,2024-03-10,SALE092919,Completed
CLM014352,2020-09-13,SALE092934,Replaced
CLM014353,2025-07-29,SALE092941,Replaced
CLM014354,2024-01-03,SALE092947,Replaced
CLM014355,2025-05-28,SALE092954,Completed
CLM014356,2022-05-23,SALE092956,Completed
CLM014357,2024-08-03,SALE092961,Pending
CLM014358,2023-08-26,SALE092962,Completed
CLM014359,2025-01-03,SALE092967,Completed
CLM014360,2025-01-30,SALE092969,Completed
CLM014361,2022-06-16,SALE092977,Completed
CLM014362,2022-10-26,SALE092980,Paid Repaired
CLM014363,2020-12-05,SALE092983,Pending
CLM014364,2025-12-31,SALE092989,Rejected
CLM014365,2021-12-24,SALE092993,Completed
CLM014366,2024-09-11,SALE093019,Completed
CLM014367,2024-07-03,SALE093029,Paid Repaired
CLM014368,2025-01-16,SALE093038,Completed
CLM014369,2025-12-31,SALE093039,Completed
CLM014370,2022-06-14,SALE093052,Pending
CLM014371,2022-08-02,SALE093058,Pending
CLM014372,2022-04-06,SALE093061,Completed
CLM014373,2024-10-09,SALE093064,Rejected
CLM014374,2022-12-02,SALE093066,Completed
CLM014375,2025-04-30,SALE093070,Completed
CLM014376,2025-07-21,SALE093073,Replaced
CLM014377,2025-01-08,SALE093083,Paid Repaired
CLM014378,2024-09-09,SALE093087,Replaced
CLM014379,2022-07-10,SALE093088,Replaced
CLM014380,2024-10-25,SALE093093,Warranty Void
CLM014381,2022-06-22,SALE093094,Pending
CLM014382,2022-05-02,SALE093097,Paid Repaired
CLM014383,2021-04-21,SALE093098,Paid Repaired
CLM014384,2025-10-08,SALE093106,Replaced
CLM014385,2025-08-17,SALE093108,Replaced
CLM014386,2025-12-17,SALE093109,Completed
CLM014387,2024-12-08,SALE093110,Completed
CLM014388,2022-01-24,SALE093111,Pending
CLM014389,2023-10-13,SALE093116,Completed
CLM014390,2024-01-13,SALE093125,Replaced
CLM014391,2023-06-26,SALE093131,Completed
CLM014392,2024-01-10,SALE093139,Replaced
CLM014393,2025-09-21,SALE093140,Replaced
CLM014394,2021-01-17,SALE093161,Replaced
CLM014395,2024-06-04,SALE093165,Paid Repaired
CLM014396,2024-04-11,SALE093166,Completed
CLM014397,2025-12-31,SALE093175,Replaced
CLM014398,2022-05-06,SALE093177,Paid Repaired
CLM014399,2025-08-27,SALE093200,Completed
CLM014400,2025-08-26,SALE093231,Completed
CLM014401,2024-08-25,SALE093234,Completed
CLM014402,2023-02-06,SALE093241,Completed
CLM014403,2024-11-21,SALE093242,Completed
CLM014404,2025-01-28,SALE093252,Completed
CLM014405,2024-01-11,SALE093253,Pending
CLM014406,2021-04-16,SALE093254,Warranty Void
CLM014407,2024-01-19,SALE093261,Completed
CLM014408,2025-03-08,SALE093282,Pending
CLM014409,2024-03-27,SALE093283,Completed
CLM014410,2024-03-30,SALE093286,Paid Repaired
CLM014411,2021-02-05,SALE093294,Completed
CLM014412,2024-09-01,SALE093303,Paid Repaired
CLM014413,2023-06-11,SALE093321,Completed
CLM014414,2023-08-15,SALE093324,Pending
CLM014415,2022-07-17,SALE093335,Warranty Void
CLM014416,2025-12-31,SALE093337,Replaced
CLM014417,2024-05-09,SALE093338,Completed
CLM014418,2023-09-07,SALE093346,Warranty Void
CLM014419,2021-05-25,SALE093353,Warranty Void
CLM014420,2023-06-12,SALE093355,Completed
CLM014421,2024-03-31,SALE093361,Completed
CLM014422,2024-08-15,SALE093364,Replaced
CLM014423,2022-06-21,SALE093375,Paid Repaired
CLM014424,2022-03-27,SALE093378,Paid Repaired
CLM014425,2025-02-24,SALE093379,Pending
CLM014426,2025-08-25,SALE093380,Completed
CLM014427,2025-07-18,SALE093382,Completed
CLM014428,2022-07-15,SALE093383,Replaced
CLM014429,2025-09-09,SALE093389,Completed
CLM014430,2025-08-16,SALE093392,Warranty Void
CLM014431,2022-05-06,SALE093394,Pending
CLM014432,2025-12-07,SALE093397,Pending
CLM014433,2024-09-16,SALE093406,Paid Repaired
CLM014434,2021-11-21,SALE093416,Completed
CLM014435,2023-06-20,SALE093423,Pending
CLM014436,2024-12-18,SALE093424,Rejected
CLM014437,2023-12-28,SALE093425,Replaced
CLM014438,2024-06-10,SALE093429,Warranty Void
CLM014439,2024-12-22,SALE093434,Paid Repaired
CLM014440,2022-10-07,SALE093437,Paid Repaired
CLM014441,2025-12-31,SALE093448,Completed
CLM014442,2021-12-26,SALE093459,Paid Repaired
CLM014443,2025-12-31,SALE093462,Completed
CLM014444,2023-04-09,SALE093484,Rejected
CLM014445,2021-11-17,SALE093485,Completed
CLM014446,2022-08-12,SALE093488,Completed
CLM014447,2024-09-10,SALE093506,Completed
CLM014448,2021-04-02,SALE093513,Paid Repaired
CLM014449,2025-09-28,SALE093519,Completed
CLM014450,2023-09-24,SALE093523,Completed
CLM014451,2025-07-17,SALE093528,Completed
CLM014452,2021-07-10,SALE093550,Pending
CLM014453,2022-02-28,SALE093551,Completed
CLM014454,2024-05-24,SALE093558,Rejected
CLM014455,2023-05-18,SALE093559,Completed
CLM014456,2022-08-26,SALE093564,Pending
CLM014457,2024-11-10,SALE093570,Completed
CLM014458,2025-12-31,SALE093579,Completed
CLM014459,2024-07-26,SALE093594,Completed
CLM014460,2025-12-31,SALE093597,Paid Repaired
CLM014461,2022-05-05,SALE093598,Warranty Void
CLM014462,2024-12-17,SALE093610,Completed
CLM014463,2024-03-21,SALE093611,Completed
CLM014464,2024-03-18,SALE093619,Replaced
CLM014465,2024-11-13,SALE093620,Paid Repaired
CLM014466,2021-05-28,SALE093627,Completed
CLM014467,2025-01-30,SALE093629,Completed
CLM014468,2025-03-11,SALE093632,Replaced
CLM014469,2020-06-27,SALE093644,Replaced
CLM014470,2022-12-07,SALE093649,Replaced
CLM014471,2023-08-23,SALE093657,Completed
CLM014472,2024-04-14,SALE093659,Completed
CLM014473,2021-09-20,SALE093661,Completed
CLM014474,2023-10-11,SALE093662,Paid Repaired
CLM014475,2025-04-10,SALE093670,Completed
CLM014476,2021-04-25,SALE093672,Rejected
CLM014477,2024-09-06,SALE093681,Completed
CLM014478,2025-07-12,SALE093684,Completed
CLM014479,2024-11-13,SALE093695,Paid Repaired
CLM014480,2024-01-05,SALE093697,Completed
CLM014481,2024-10-13,SALE093718,Paid Repaired
CLM014482,2022-12-04,SALE093721,Completed
CLM014483,2024-02-23,SALE093723,Completed
CLM014484,2024-06-15,SALE093732,Completed
CLM014485,2025-03-09,SALE093733,Paid Repaired
CLM014486,2022-06-12,SALE093743,Completed
CLM014487,2025-01-20,SALE093746,Completed
CLM014488,2020-07-06,SALE093755,Replaced
CLM014489,2023-01-31,SALE093761,Completed
CLM014490,2023-06-04,SALE093772,Completed
CLM014491,2021-10-05,SALE093773,Replaced
CLM014492,2023-05-12,SALE093776,Replaced
CLM014493,2024-02-03,SALE093783,Completed
CLM014494,2023-12-04,SALE093789,Paid Repaired
CLM014495,2024-12-09,SALE093805,Rejected
CLM014496,2024-09-22,SALE093825,Pending
CLM014497,2025-12-31,SALE093829,Pending
CLM014498,2024-10-26,SALE093838,Pending
CLM014499,2021-06-01,SALE093843,Replaced
CLM014500,2023-05-10,SALE093844,Paid Repaired
CLM014501,2025-03-27,SALE093845,Completed
CLM014502,2024-09-10,SALE093853,Replaced
CLM014503,2025-04-09,SALE093861,Completed
CLM014504,2021-02-22,SALE093864,Completed
CLM014505,2022-10-22,SALE093866,Completed
CLM014506,2022-04-28,SALE093871,Completed
CLM014507,2024-11-21,SALE093892,Replaced
CLM014508,2022-12-21,SALE093893,Paid Repaired
CLM014509,2023-06-26,SALE093924,Completed
CLM014510,2020-11-23,SALE093927,Completed
CLM014511,2024-07-24,SALE093928,Paid Repaired
CLM014512,2024-09-25,SALE093933,Replaced
CLM014513,2022-11-07,SALE093934,Replaced
CLM014514,2023-01-20,SALE093941,Replaced
CLM014515,2022-01-30,SALE093945,Completed
CLM014516,2023-11-27,SALE093955,Completed
CLM014517,2024-02-08,SALE093960,Completed
CLM014518,2023-02-08,SALE093964,Warranty Void
CLM014519,2024-05-30,SALE093967,Replaced
CLM014520,2021-10-14,SALE093968,Completed
CLM014521,2021-11-08,SALE093980,Pending
CLM014522,2022-11-26,SALE093981,Pending
CLM014523,2021-01-17,SALE093984,Completed
CLM014524,2022-01-29,SALE093995,Rejected
CLM014525,2025-12-31,SALE093996,Paid Repaired
CLM014526,2020-11-24,SALE093999,Replaced
CLM014527,2022-03-09,SALE094003,Completed
CLM014528,2022-10-31,SALE094008,Completed
CLM014529,2025-01-15,SALE094010,Warranty Void
CLM014530,2022-07-12,SALE094014,Completed
CLM014531,2023-08-09,SALE094021,Completed
CLM014532,2021-03-21,SALE094031,Completed
CLM014533,2024-10-29,SALE094041,Warranty Void
CLM014534,2020-10-16,SALE094057,Completed
CLM014535,2021-08-20,SALE094067,Replaced
CLM014536,2021-09-13,SALE094082,Completed
CLM014537,2024-10-18,SALE094091,Paid Repaired
CLM014538,2023-12-16,SALE094102,Pending
CLM014539,2023-07-07,SALE094104,Pending
CLM014540,2025-02-06,SALE094115,Completed
CLM014541,2023-02-20,SALE094126,Rejected
CLM014542,2025-10-27,SALE094130,Pending
CLM014543,2023-03-02,SALE094132,Paid Repaired
CLM014544,2021-02-03,SALE094136,Completed
CLM014545,2021-04-01,SALE094145,Rejected
CLM014546,2025-07-13,SALE094147,Paid Repaired
CLM014547,2025-12-31,SALE094160,Completed
CLM014548,2025-09-16,SALE094165,Completed
CLM014549,2025-08-11,SALE094175,Pending
CLM014550,2023-01-15,SALE094184,Replaced
CLM014551,2021-10-02,SALE094186,Paid Repaired
CLM014552,2021-10-24,SALE094197,Pending
CLM014553,2024-01-25,SALE094199,Pending
CLM014554,2021-07-06,SALE094204,Completed
CLM014555,2023-07-28,SALE094205,Pending
CLM014556,2025-08-23,SALE094207,Rejected
CLM014557,2022-12-09,SALE094208,Paid Repaired
CLM014558,2022-12-09,SALE094214,Paid Repaired
CLM014559,2022-12-14,SALE094215,Replaced
CLM014560,2023-11-23,SALE094235,Pending
CLM014561,2023-04-20,SALE094245,Paid Repaired
CLM014562,2022-12-07,SALE094258,Completed
CLM014563,2025-05-01,SALE094285,Completed
CLM014564,2022-12-23,SALE094286,Completed
CLM014565,2024-06-10,SALE094288,Completed
CLM014566,2021-07-09,SALE094290,Warranty Void
CLM014567,2024-01-18,SALE094295,Paid Repaired
CLM014568,2023-11-06,SALE094304,Pending
CLM014569,2023-08-08,SALE094310,Completed
CLM014570,2022-04-09,SALE094316,Warranty Void
CLM014571,2024-06-13,SALE094324,Completed
CLM014572,2024-04-16,SALE094341,Warranty Void
CLM014573,2021-06-21,SALE094346,Completed
CLM014574,2022-03-07,SALE094348,Completed
CLM014575,2024-04-04,SALE094353,Completed
CLM014576,2021-10-09,SALE094359,Completed
CLM014577,2022-01-19,SALE094362,Rejected
CLM014578,2021-10-14,SALE094369,Completed
CLM014579,2023-12-09,SALE094370,Warranty Void
CLM014580,2022-04-08,SALE094376,Completed
CLM014581,2023-08-09,SALE094390,Replaced
CLM014582,2023-04-21,SALE094395,Paid Repaired
CLM014583,2021-08-29,SALE094398,Pending
CLM014584,2021-11-11,SALE094402,Completed
CLM014585,2025-08-25,SALE094404,Replaced
CLM014586,2024-10-05,SALE094411,Completed
CLM014587,2022-12-03,SALE094415,Completed
CLM014588,2023-01-28,SALE094419,Paid Repaired
CLM014589,2024-02-19,SALE094428,Warranty Void
CLM014590,2021-03-15,SALE094437,Completed
CLM014591,2022-09-02,SALE094441,Replaced
CLM014592,2021-05-01,SALE094449,Pending
CLM014593,2022-11-12,SALE094452,Replaced
CLM014594,2023-07-27,SALE094453,Replaced
CLM014595,2025-10-17,SALE094458,Completed
CLM014596,2021-11-26,SALE094472,Paid Repaired
CLM014597,2024-12-09,SALE094473,Replaced
CLM014598,2021-08-10,SALE094481,Pending
CLM014599,2025-12-31,SALE094500,Completed
CLM014600,2021-08-13,SALE094505,Replaced
CLM014601,2025-09-22,SALE094511,Paid Repaired
CLM014602,2024-08-30,SALE094512,Completed
CLM014603,2025-06-07,SALE094514,Completed
CLM014604,2022-11-01,SALE094515,Pending
CLM014605,2023-01-23,SALE094524,Completed
CLM014606,2023-03-15,SALE094528,Completed
CLM014607,2024-02-23,SALE094529,Pending
CLM014608,2025-03-17,SALE094530,Replaced
CLM014609,2021-05-01,SALE094543,Replaced
CLM014610,2025-04-06,SALE094544,Completed
CLM014611,2025-08-28,SALE094551,Completed
CLM014612,2020-03-13,SALE094557,Paid Repaired
CLM014613,2020-06-25,SALE094558,Paid Repaired
CLM014614,2025-08-27,SALE094560,Pending
CLM014615,2023-09-12,SALE094575,Paid Repaired
CLM014616,2023-01-31,SALE094577,Completed
CLM014617,2021-05-12,SALE094585,Paid Repaired
CLM014618,2022-07-03,SALE094599,Completed
CLM014619,2023-12-03,SALE094605,Pending
CLM014620,2025-12-31,SALE094609,Warranty Void
CLM014621,2024-08-30,SALE094626,Completed
CLM014622,2021-05-11,SALE094635,Completed
CLM014623,2021-04-28,SALE094651,Pending
CLM014624,2022-01-08,SALE094656,Paid Repaired
CLM014625,2024-12-10,SALE094662,Completed
CLM014626,2021-05-06,SALE094666,Replaced
CLM014627,2023-07-21,SALE094675,Pending
CLM014628,2022-11-14,SALE094679,Rejected
CLM014629,2024-12-21,SALE094683,Paid Repaired
CLM014630,2025-04-14,SALE094688,Paid Repaired
CLM014631,2025-11-29,SALE094689,Completed
CLM014632,2024-10-28,SALE094690,Completed
CLM014633,2021-06-25,SALE094698,Paid Repaired
CLM014634,2025-06-18,SALE094700,Completed
CLM014635,2024-01-20,SALE094706,Completed
CLM014636,2024-10-17,SALE094725,Replaced
CLM014637,2024-12-06,SALE094733,Completed
CLM014638,2023-02-22,SALE094742,Replaced
CLM014639,2025-06-21,SALE094750,Paid Repaired
CLM014640,2020-11-06,SALE094760,Completed
CLM014641,2024-02-08,SALE094773,Pending
CLM014642,2020-11-18,SALE094775,Completed
CLM014643,2021-05-13,SALE094776,Rejected
CLM014644,2022-07-12,SALE094782,Paid Repaired
CLM014645,2021-11-15,SALE094794,Replaced
CLM014646,2021-05-01,SALE094799,Pending
CLM014647,2025-09-29,SALE094804,Replaced
CLM014648,2021-07-03,SALE094813,Pending
CLM014649,2025-06-13,SALE094830,Warranty Void
CLM014650,2021-07-22,SALE094834,Completed
CLM014651,2023-03-23,SALE094853,Paid Repaired
CLM014652,2021-03-02,SALE094858,Paid Repaired
CLM014653,2023-04-28,SALE094860,Completed
CLM014654,2020-07-19,SALE094862,Paid Repaired
CLM014655,2025-12-31,SALE094867,Replaced
CLM014656,2020-10-01,SALE094872,Completed
CLM014657,2024-01-05,SALE094893,Completed
CLM014658,2022-10-12,SALE094896,Completed
CLM014659,2023-05-25,SALE094919,Pending
CLM014660,2025-12-31,SALE094921,Paid Repaired
CLM014661,2020-08-21,SALE094929,Replaced
CLM014662,2025-07-30,SALE094943,Pending
CLM014663,2025-12-31,SALE094945,Completed
CLM014664,2025-11-29,SALE094949,Completed
CLM014665,2021-12-28,SALE094954,Replaced
CLM014666,2025-02-25,SALE094968,Replaced
CLM014667,2024-08-09,SALE094974,Replaced
CLM014668,2022-01-20,SALE094976,Completed
CLM014669,2025-12-31,SALE094987,Completed
CLM014670,2021-04-12,SALE094988,Paid Repaired
CLM014671,2021-09-28,SALE094993,Paid Repaired
CLM014672,2025-12-31,SALE094994,Rejected
CLM014673,2022-07-13,SALE094996,Paid Repaired
CLM014674,2023-11-25,SALE095002,Completed
CLM014675,2025-12-31,SALE095007,Completed
CLM014676,2023-11-29,SALE095012,Pending
CLM014677,2025-01-18,SALE095018,Replaced
CLM014678,2022-11-18,SALE095019,Paid Repaired
CLM014679,2025-10-06,SALE095025,Completed
CLM014680,2022-06-10,SALE095030,Completed
CLM014681,2025-07-23,SALE095032,Completed
CLM014682,2023-12-27,SALE095036,Completed
CLM014683,2022-01-03,SALE095040,Warranty Void
CLM014684,2021-12-01,SALE095043,Completed
CLM014685,2024-05-24,SALE095045,Completed
CLM014686,2022-02-20,SALE095046,Replaced
CLM014687,2021-10-22,SALE095047,Replaced
CLM014688,2020-10-31,SALE095048,Replaced
CLM014689,2025-12-31,SALE095060,Paid Repaired
CLM014690,2022-11-07,SALE095069,Replaced
CLM014691,2021-09-26,SALE095076,Pending
CLM014692,2021-07-21,SALE095078,Replaced
CLM014693,2025-12-31,SALE095081,Pending
CLM014694,2022-10-24,SALE095083,Completed
CLM014695,2023-03-26,SALE095106,Completed
CLM014696,2021-11-25,SALE095117,Paid Repaired
CLM014697,2023-07-16,SALE095118,Replaced
CLM014698,2020-09-05,SALE095121,Completed
CLM014699,2023-07-24,SALE095134,Replaced
CLM014700,2023-06-27,SALE095138,Completed
CLM014701,2024-01-13,SALE095139,Completed
CLM014702,2023-04-26,SALE095146,Completed
CLM014703,2024-11-11,SALE095155,Completed
CLM014704,2024-10-08,SALE095156,Completed
CLM014705,2023-12-26,SALE095174,Paid Repaired
CLM014706,2025-12-19,SALE095176,Rejected
CLM014707,2022-08-23,SALE095181,Replaced
CLM014708,2021-12-29,SALE095182,Warranty Void
CLM014709,2023-04-30,SALE095183,Completed
CLM014710,2021-08-04,SALE095185,Completed
CLM014711,2021-11-27,SALE095186,Completed
CLM014712,2022-07-03,SALE095197,Warranty Void
CLM014713,2024-11-17,SALE095203,Completed
CLM014714,2025-06-24,SALE095204,Completed
CLM014715,2023-03-31,SALE095208,Pending
CLM014716,2022-03-20,SALE095215,Rejected
CLM014717,2023-01-20,SALE095216,Completed
CLM014718,2023-10-23,SALE095230,Warranty Void
CLM014719,2024-02-16,SALE095242,Completed
CLM014720,2024-02-09,SALE095249,Paid Repaired
CLM014721,2024-06-18,SALE095256,Paid Repaired
CLM014722,2021-11-20,SALE095257,Replaced
CLM014723,2024-10-14,SALE095258,Replaced
CLM014724,2021-07-06,SALE095262,Completed
CLM014725,2024-09-09,SALE095265,Completed
CLM014726,2024-01-20,SALE095276,Paid Repaired
CLM014727,2023-12-14,SALE095291,Paid Repaired
CLM014728,2021-09-28,SALE095293,Completed
CLM014729,2022-02-08,SALE095301,Completed
CLM014730,2022-01-26,SALE095317,Pending
CLM014731,2023-05-10,SALE095318,Warranty Void
CLM014732,2022-12-10,SALE095328,Completed
CLM014733,2023-07-26,SALE095330,Replaced
CLM014734,2021-09-29,SALE095340,Paid Repaired
CLM014735,2025-03-21,SALE095350,Paid Repaired
CLM014736,2021-03-16,SALE095352,Completed
CLM014737,2020-09-28,SALE095355,Completed
CLM014738,2022-08-14,SALE095357,Completed
CLM014739,2025-10-31,SALE095360,Completed
CLM014740,2023-04-02,SALE095365,Completed
CLM014741,2025-03-20,SALE095369,Completed
CLM014742,2022-06-07,SALE095377,Warranty Void
CLM014743,2021-03-21,SALE095387,Completed
CLM014744,2022-05-23,SALE095391,Completed
CLM014745,2021-10-15,SALE095392,Completed
CLM014746,2023-08-25,SALE095395,Replaced
CLM014747,2024-04-26,SALE095396,Completed
CLM014748,2025-12-31,SALE095397,Completed
CLM014749,2025-04-29,SALE095398,Paid Repaired
CLM014750,2025-09-18,SALE095407,Pending
CLM014751,2022-01-19,SALE095409,Completed
CLM014752,2021-02-21,SALE095416,Completed
CLM014753,2024-10-17,SALE095420,Warranty Void
CLM014754,2025-12-31,SALE095450,Pending
CLM014755,2020-08-20,SALE095451,Rejected
CLM014756,2024-02-09,SALE095457,Warranty Void
CLM014757,2022-08-25,SALE095464,Completed
CLM014758,2023-12-06,SALE095465,Replaced
CLM014759,2025-07-30,SALE095467,Paid Repaired
CLM014760,2025-07-17,SALE095471,Paid Repaired
CLM014761,2024-09-25,SALE095472,Paid Repaired
CLM014762,2021-11-21,SALE095480,Completed
CLM014763,2025-03-16,SALE095494,Completed
CLM014764,2023-06-12,SALE095501,Paid Repaired
CLM014765,2024-03-19,SALE095507,Warranty Void
CLM014766,2023-04-06,SALE095519,Completed
CLM014767,2025-12-21,SALE095523,Replaced
CLM014768,2024-11-17,SALE095527,Completed
CLM014769,2024-08-20,SALE095528,Completed
CLM014770,2023-03-25,SALE095532,Completed
CLM014771,2024-08-13,SALE095543,Paid Repaired
CLM014772,2022-10-23,SALE095554,Paid Repaired
CLM014773,2023-08-16,SALE095561,Completed
CLM014774,2022-07-12,SALE095563,Completed
CLM014775,2022-05-23,SALE095573,Completed
CLM014776,2020-10-05,SALE095580,Completed
CLM014777,2022-07-24,SALE095589,Replaced
CLM014778,2022-07-25,SALE095592,Replaced
CLM014779,2025-09-24,SALE095601,Completed
CLM014780,2023-06-13,SALE095603,Completed
CLM014781,2023-10-23,SALE095605,Rejected
CLM014782,2021-09-22,SALE095612,Completed
CLM014783,2020-11-04,SALE095614,Pending
CLM014784,2021-06-17,SALE095621,Completed
CLM014785,2025-12-31,SALE095626,Replaced
CLM014786,2022-01-06,SALE095638,Completed
CLM014787,2024-07-10,SALE095643,Completed
CLM014788,2021-03-07,SALE095646,Completed
CLM014789,2022-05-03,SALE095652,Paid Repaired
CLM014790,2022-09-02,SALE095660,Replaced
CLM014791,2021-04-09,SALE095663,Completed
CLM014792,2023-05-19,SALE095664,Replaced
CLM014793,2024-10-31,SALE095665,Pending
CLM014794,2023-05-11,SALE095677,Completed
CLM014795,2024-04-07,SALE095685,Rejected
CLM014796,2023-02-05,SALE095700,Replaced
CLM014797,2023-02-08,SALE095708,Completed
CLM014798,2024-06-12,SALE095712,Paid Repaired
CLM014799,2025-01-24,SALE095714,Warranty Void
CLM014800,2023-01-06,SALE095717,Completed
CLM014801,2024-01-24,SALE095721,Completed
CLM014802,2023-03-09,SALE095725,Completed
CLM014803,2025-12-31,SALE095726,Completed
CLM014804,2023-07-16,SALE095730,Completed
CLM014805,2025-06-01,SALE095736,Replaced
CLM014806,2023-03-23,SALE095753,Replaced
CLM014807,2023-11-13,SALE095755,Completed
CLM014808,2022-03-19,SALE095764,Completed
CLM014809,2022-02-16,SALE095770,Rejected
CLM014810,2021-03-28,SALE095775,Replaced
CLM014811,2022-04-25,SALE095779,Pending
CLM014812,2022-04-12,SALE095785,Paid Repaired
CLM014813,2024-07-31,SALE095794,Replaced
CLM014814,2022-04-17,SALE095802,Replaced
CLM014815,2023-06-22,SALE095803,Completed
CLM014816,2021-10-27,SALE095819,Pending
CLM014817,2024-11-30,SALE095828,Paid Repaired
CLM014818,2025-06-09,SALE095831,Paid Repaired
CLM014819,2025-02-13,SALE095834,Completed
CLM014820,2025-11-06,SALE095839,Completed
CLM014821,2024-02-29,SALE095841,Completed
CLM014822,2023-11-25,SALE095843,Replaced
CLM014823,2025-02-19,SALE095847,Paid Repaired
CLM014824,2022-04-24,SALE095849,Completed
CLM014825,2025-03-24,SALE095859,Completed
CLM014826,2023-01-23,SALE095863,Paid Repaired
CLM014827,2025-05-29,SALE095873,Completed
CLM014828,2025-05-31,SALE095883,Warranty Void
CLM014829,2022-04-23,SALE095891,Completed
CLM014830,2021-07-03,SALE095900,Completed
CLM014831,2023-07-25,SALE095902,Completed
CLM014832,2022-08-05,SALE095904,Paid Repaired
CLM014833,2022-07-26,SALE095919,Replaced
CLM014834,2024-06-09,SALE095937,Completed
CLM014835,2023-02-12,SALE095943,Completed
CLM014836,2022-05-30,SALE095944,Pending
CLM014837,2021-02-07,SALE095946,Completed
CLM014838,2023-06-21,SALE095949,Completed
CLM014839,2023-12-17,SALE095951,Completed
CLM014840,2025-06-29,SALE095952,Completed
CLM014841,2024-06-07,SALE095961,Completed
CLM014842,2025-12-31,SALE095962,Completed
CLM014843,2022-04-08,SALE095967,Completed
CLM014844,2023-04-18,SALE095984,Replaced
CLM014845,2024-05-22,SALE095985,Completed
CLM014846,2021-03-25,SALE095991,Pending
CLM014847,2024-07-21,SALE095992,Paid Repaired
CLM014848,2023-05-14,SALE095998,Warranty Void
CLM014849,2022-02-07,SALE096005,Completed
CLM014850,2022-09-17,SALE096011,Replaced
CLM014851,2023-04-25,SALE096013,Warranty Void
CLM014852,2022-04-10,SALE096025,Completed
CLM014853,2025-10-10,SALE096027,Paid Repaired
CLM014854,2025-03-20,SALE096029,Completed
CLM014855,2025-08-08,SALE096031,Replaced
CLM014856,2021-10-13,SALE096044,Completed
CLM014857,2022-01-08,SALE096045,Pending
CLM014858,2021-09-16,SALE096049,Completed
CLM014859,2021-03-06,SALE096051,Completed
CLM014860,2022-02-04,SALE096055,Pending
CLM014861,2023-08-21,SALE096064,Completed
CLM014862,2022-10-28,SALE096084,Paid Repaired
CLM014863,2021-05-03,SALE096085,Completed
CLM014864,2021-01-29,SALE096087,Replaced
CLM014865,2022-04-16,SALE096088,Completed
CLM014866,2025-12-31,SALE096098,Completed
CLM014867,2021-11-25,SALE096101,Replaced
CLM014868,2025-10-24,SALE096107,Completed
CLM014869,2023-08-11,SALE096111,Completed
CLM014870,2021-07-27,SALE096112,Pending
CLM014871,2025-01-08,SALE096114,Replaced
CLM014872,2022-08-28,SALE096117,Completed
CLM014873,2025-02-15,SALE096121,Completed
CLM014874,2025-09-27,SALE096135,Completed
CLM014875,2021-09-25,SALE096139,Completed
CLM014876,2023-02-10,SALE096157,Completed
CLM014877,2025-12-31,SALE096170,Paid Repaired
CLM014878,2021-06-25,SALE096174,Paid Repaired
CLM014879,2022-06-14,SALE096176,Pending
CLM014880,2023-05-20,SALE096182,Replaced
CLM014881,2025-01-27,SALE096186,Completed
CLM014882,2022-03-21,SALE096188,Replaced
CLM014883,2021-06-29,SALE096202,Replaced
CLM014884,2022-08-19,SALE096209,Completed
CLM014885,2022-10-20,SALE096211,Replaced
CLM014886,2025-05-28,SALE096224,Completed
CLM014887,2025-06-13,SALE096232,Rejected
CLM014888,2022-02-06,SALE096233,Paid Repaired
CLM014889,2025-12-31,SALE096242,Warranty Void
CLM014890,2023-06-26,SALE096253,Warranty Void
CLM014891,2022-02-05,SALE096257,Replaced
CLM014892,2025-06-18,SALE096266,Completed
CLM014893,2020-07-28,SALE096269,Rejected
CLM014894,2022-09-27,SALE096283,Completed
CLM014895,2024-12-30,SALE096289,Paid Repaired
CLM014896,2025-10-09,SALE096298,Pending
CLM014897,2020-10-22,SALE096302,Completed
CLM014898,2023-09-16,SALE096318,Completed
CLM014899,2022-03-27,SALE096329,Completed
CLM014900,2024-07-09,SALE096336,Completed
CLM014901,2024-07-14,SALE096342,Paid Repaired
CLM014902,2022-08-25,SALE096346,Paid Repaired
CLM014903,2023-05-18,SALE096368,Completed
CLM014904,2025-07-14,SALE096377,Completed
CLM014905,2023-11-27,SALE096381,Completed
CLM014906,2023-03-27,SALE096384,Replaced
CLM014907,2023-06-03,SALE096385,Warranty Void
CLM014908,2021-04-18,SALE096396,Completed
CLM014909,2024-03-30,SALE096399,Completed
CLM014910,2025-04-07,SALE096403,Completed
CLM014911,2024-09-07,SALE096406,Rejected
CLM014912,2025-05-22,SALE096414,Replaced
CLM014913,2025-04-08,SALE096415,Replaced
CLM014914,2024-10-15,SALE096437,Completed
CLM014915,2025-12-08,SALE096442,Paid Repaired
CLM014916,2025-07-01,SALE096453,Completed
CLM014917,2021-01-29,SALE096460,Completed
CLM014918,2023-05-04,SALE096466,Replaced
CLM014919,2025-04-12,SALE096489,Completed
CLM014920,2024-04-09,SALE096491,Completed
CLM014921,2023-11-21,SALE096496,Pending
CLM014922,2025-07-03,SALE096497,Completed
CLM014923,2025-06-12,SALE096501,Warranty Void
CLM014924,2024-04-14,SALE096509,Paid Repaired
CLM014925,2025-02-08,SALE096513,Completed
CLM014926,2025-03-05,SALE096515,Completed
CLM014927,2025-01-18,SALE096520,Warranty Void
CLM014928,2025-01-04,SALE096528,Pending
CLM014929,2025-07-01,SALE096529,Paid Repaired
CLM014930,2022-10-05,SALE096531,Replaced
CLM014931,2025-12-31,SALE096532,Completed
CLM014932,2020-09-14,SALE096538,Warranty Void
CLM014933,2023-06-06,SALE096541,Completed
CLM014934,2023-07-04,SALE096547,Warranty Void
CLM014935,2022-03-16,SALE096554,Completed
CLM014936,2024-06-20,SALE096559,Paid Repaired
CLM014937,2022-12-15,SALE096565,Pending
CLM014938,2025-08-05,SALE096573,Completed
CLM014939,2021-12-11,SALE096585,Pending
CLM014940,2024-07-05,SALE096586,Warranty Void
CLM014941,2025-12-31,SALE096598,Completed
CLM014942,2021-03-22,SALE096608,Completed
CLM014943,2023-06-25,SALE096619,Completed
CLM014944,2022-04-20,SALE096628,Rejected
CLM014945,2025-12-31,SALE096636,Pending
CLM014946,2022-01-08,SALE096637,Completed
CLM014947,2025-03-04,SALE096647,Replaced
CLM014948,2023-09-20,SALE096649,Completed
CLM014949,2025-12-31,SALE096652,Completed
CLM014950,2024-05-22,SALE096665,Paid Repaired
CLM014951,2024-08-18,SALE096666,Completed
CLM014952,2025-07-06,SALE096678,Rejected
CLM014953,2024-02-13,SALE096690,Completed
CLM014954,2025-03-17,SALE096694,Paid Repaired
CLM014955,2022-09-06,SALE096701,Completed
CLM014956,2025-09-03,SALE096703,Pending
CLM014957,2024-12-02,SALE096706,Paid Repaired
CLM014958,2021-12-29,SALE096710,Completed
CLM014959,2022-05-06,SALE096727,Completed
CLM014960,2022-04-05,SALE096730,Paid Repaired
CLM014961,2021-12-05,SALE096732,Completed
CLM014962,2025-03-08,SALE096756,Warranty Void
CLM014963,2022-11-03,SALE096758,Replaced
CLM014964,2024-11-21,SALE096764,Pending
CLM014965,2025-12-31,SALE096767,Completed
CLM014966,2022-03-05,SALE096777,Completed
CLM014967,2023-04-15,SALE096789,Replaced
CLM014968,2022-07-03,SALE096791,Completed
CLM014969,2023-07-29,SALE096797,Replaced
CLM014970,2022-10-12,SALE096809,Completed
CLM014971,2023-05-19,SALE096823,Paid Repaired
CLM014972,2021-01-03,SALE096825,Rejected
CLM014973,2025-05-07,SALE096835,Pending
CLM014974,2024-11-03,SALE096838,Paid Repaired
CLM014975,2023-10-11,SALE096841,Paid Repaired
CLM014976,2025-11-11,SALE096851,Replaced
CLM014977,2022-12-16,SALE096852,Replaced
CLM014978,2021-09-17,SALE096872,Warranty Void
CLM014979,2023-09-19,SALE096874,Replaced
CLM014980,2021-09-20,SALE096887,Completed
CLM014981,2022-03-31,SALE096888,Paid Repaired
CLM014982,2020-06-12,SALE096890,Completed
CLM014983,2024-02-22,SALE096907,Replaced
CLM014984,2024-11-26,SALE096908,Completed
CLM014985,2022-03-10,SALE096912,Completed
CLM014986,2024-06-30,SALE096916,Completed
CLM014987,2025-01-13,SALE096918,Completed
CLM014988,2021-10-04,SALE096928,Completed
CLM014989,2024-01-19,SALE096932,Paid Repaired
CLM014990,2025-07-19,SALE096933,Completed
CLM014991,2024-07-16,SALE096947,Pending
CLM014992,2025-07-22,SALE096954,Completed
CLM014993,2022-10-19,SALE096959,Completed
CLM014994,2024-11-21,SALE096969,Completed
CLM014995,2023-01-13,SALE096990,Paid Repaired
CLM014996,2023-08-30,SALE096992,Replaced
CLM014997,2021-04-29,SALE097005,Completed
CLM014998,2025-11-06,SALE097008,Warranty Void
CLM014999,2024-05-22,SALE097009,Replaced
CLM015000,2024-02-15,SALE097011,Warranty Void
CLM015001,2022-01-29,SALE097021,Warranty Void
CLM015002,2023-05-03,SALE097022,Completed
CLM015003,2022-10-25,SALE097025,Completed
CLM015004,2024-02-01,SALE097026,Completed
CLM015005,2021-10-20,SALE097027,Completed
CLM015006,2025-08-25,SALE097029,Completed
CLM015007,2022-12-31,SALE097030,Completed
CLM015008,2022-01-14,SALE097040,Pending
CLM015009,2022-09-01,SALE097045,Completed
CLM015010,2022-09-15,SALE097048,Replaced
CLM015011,2020-12-09,SALE097056,Rejected
CLM015012,2025-04-09,SALE097058,Replaced
CLM015013,2022-05-05,SALE097060,Warranty Void
CLM015014,2025-03-17,SALE097063,Pending
CLM015015,2023-12-28,SALE097065,Replaced
CLM015016,2024-05-05,SALE097072,Completed
CLM015017,2025-09-18,SALE097076,Completed
CLM015018,2022-10-24,SALE097085,Pending
CLM015019,2025-02-03,SALE097087,Replaced
CLM015020,2024-01-31,SALE097090,Completed
CLM015021,2022-09-08,SALE097116,Warranty Void
CLM015022,2024-07-15,SALE097127,Pending
CLM015023,2025-10-14,SALE097136,Completed
CLM015024,2021-10-01,SALE097144,Warranty Void
CLM015025,2023-09-03,SALE097147,Completed
CLM015026,2025-12-31,SALE097164,Completed
CLM015027,2024-02-22,SALE097173,Completed
CLM015028,2022-12-28,SALE097176,Completed
CLM015029,2024-08-15,SALE097177,Completed
CLM015030,2024-04-24,SALE097179,Warranty Void
CLM015031,2022-02-11,SALE097180,Completed
CLM015032,2021-04-22,SALE097184,Replaced
CLM015033,2024-08-11,SALE097187,Completed
CLM015034,2025-12-31,SALE097189,Replaced
CLM015035,2023-07-17,SALE097198,Completed
CLM015036,2024-07-16,SALE097199,Replaced
CLM015037,2025-12-31,SALE097201,Rejected
CLM015038,2023-06-15,SALE097220,Paid Repaired
CLM015039,2023-10-15,SALE097226,Warranty Void
CLM015040,2021-06-18,SALE097228,Paid Repaired
CLM015041,2025-12-31,SALE097232,Pending
CLM015042,2025-01-20,SALE097233,Completed
CLM015043,2023-08-03,SALE097240,Completed
CLM015044,2021-04-18,SALE097244,Completed
CLM015045,2025-06-29,SALE097245,Completed
CLM015046,2023-09-05,SALE097248,Replaced
CLM015047,2025-04-21,SALE097264,Paid Repaired
CLM015048,2025-12-31,SALE097271,Replaced
CLM015049,2023-06-27,SALE097272,Paid Repaired
CLM015050,2021-07-12,SALE097275,Completed
CLM015051,2025-08-18,SALE097292,Completed
CLM015052,2024-09-08,SALE097294,Replaced
CLM015053,2020-04-02,SALE097298,Replaced
CLM015054,2025-12-31,SALE097304,Completed
CLM015055,2023-02-27,SALE097305,Completed
CLM015056,2022-07-04,SALE097310,Pending
CLM015057,2022-08-31,SALE097315,Replaced
CLM015058,2023-02-20,SALE097322,Replaced
CLM015059,2021-04-13,SALE097326,Completed
CLM015060,2021-12-05,SALE097334,Pending
CLM015061,2022-09-30,SALE097340,Completed
CLM015062,2021-11-17,SALE097342,Paid Repaired
CLM015063,2024-11-20,SALE097344,Completed
CLM015064,2023-12-02,SALE097346,Paid Repaired
CLM015065,2022-08-05,SALE097347,Paid Repaired
CLM015066,2025-05-25,SALE097349,Pending
CLM015067,2022-02-15,SALE097350,Replaced
CLM015068,2020-12-22,SALE097352,Completed
CLM015069,2023-12-10,SALE097355,Replaced
CLM015070,2024-03-24,SALE097358,Pending
CLM015071,2023-10-20,SALE097364,Warranty Void
CLM015072,2025-07-27,SALE097365,Completed
CLM015073,2022-05-12,SALE097373,Completed
CLM015074,2022-04-09,SALE097383,Paid Repaired
CLM015075,2024-12-21,SALE097386,Completed
CLM015076,2021-05-06,SALE097390,Completed
CLM015077,2024-09-17,SALE097410,Completed
CLM015078,2022-10-20,SALE097417,Replaced
CLM015079,2024-03-16,SALE097437,Warranty Void
CLM015080,2023-10-15,SALE097445,Completed
CLM015081,2021-03-21,SALE097447,Pending
CLM015082,2024-02-04,SALE097448,Replaced
CLM015083,2023-08-30,SALE097450,Completed
CLM015084,2024-07-02,SALE097466,Replaced
CLM015085,2023-06-05,SALE097478,Warranty Void
CLM015086,2024-02-05,SALE097481,Replaced
CLM015087,2023-11-14,SALE097520,Paid Repaired
CLM015088,2023-03-20,SALE097521,Replaced
CLM015089,2025-04-15,SALE097531,Completed
CLM015090,2024-11-16,SALE097547,Completed
CLM015091,2023-05-10,SALE097550,Completed
CLM015092,2022-07-13,SALE097559,Completed
CLM015093,2025-08-17,SALE097568,Pending
CLM015094,2025-12-31,SALE097581,Rejected
CLM015095,2024-08-08,SALE097598,Rejected
CLM015096,2021-06-07,SALE097599,Completed
CLM015097,2020-09-12,SALE097600,Replaced
CLM015098,2022-10-06,SALE097601,Warranty Void
CLM015099,2020-11-04,SALE097619,Completed
CLM015100,2023-02-27,SALE097625,Paid Repaired
CLM015101,2024-12-27,SALE097629,Paid Repaired
CLM015102,2023-09-22,SALE097630,Completed
CLM015103,2025-03-23,SALE097640,Completed
CLM015104,2020-12-11,SALE097645,Paid Repaired
CLM015105,2023-08-13,SALE097651,Replaced
CLM015106,2024-07-14,SALE097653,Paid Repaired
CLM015107,2022-03-16,SALE097658,Completed
CLM015108,2024-08-21,SALE097669,Replaced
CLM015109,2022-06-14,SALE097684,Replaced
CLM015110,2022-07-20,SALE097691,Pending
CLM015111,2023-04-23,SALE097693,Paid Repaired
CLM015112,2025-12-31,SALE097702,Completed
CLM015113,2025-03-14,SALE097709,Completed
CLM015114,2022-08-09,SALE097719,Completed
CLM015115,2024-08-10,SALE097723,Completed
CLM015116,2022-04-07,SALE097730,Completed
CLM015117,2021-02-16,SALE097733,Rejected
CLM015118,2020-11-27,SALE097760,Replaced
CLM015119,2024-03-18,SALE097769,Completed
CLM015120,2024-10-10,SALE097772,Paid Repaired
CLM015121,2025-05-29,SALE097780,Completed
CLM015122,2025-12-31,SALE097786,Completed
CLM015123,2024-01-01,SALE097797,Replaced
CLM015124,2025-03-25,SALE097807,Completed
CLM015125,2020-10-20,SALE097810,Warranty Void
CLM015126,2024-07-10,SALE097812,Completed
CLM015127,2025-12-31,SALE097813,Completed
CLM015128,2024-02-01,SALE097814,Paid Repaired
CLM015129,2025-12-31,SALE097826,Completed
CLM015130,2024-02-18,SALE097830,Completed
CLM015131,2024-01-20,SALE097836,Paid Repaired
CLM015132,2022-02-27,SALE097847,Replaced
CLM015133,2022-11-18,SALE097852,Replaced
CLM015134,2023-03-19,SALE097853,Completed
CLM015135,2025-01-12,SALE097855,Completed
CLM015136,2021-06-16,SALE097857,Paid Repaired
CLM015137,2020-08-15,SALE097861,Pending
CLM015138,2020-07-12,SALE097870,Completed
CLM015139,2021-05-19,SALE097871,Completed
CLM015140,2021-06-01,SALE097872,Paid Repaired
CLM015141,2022-05-03,SALE097876,Completed
CLM015142,2020-03-11,SALE097880,Completed
CLM015143,2022-05-27,SALE097884,Pending
CLM015144,2023-03-31,SALE097914,Replaced
CLM015145,2022-07-22,SALE097920,Paid Repaired
CLM015146,2022-03-26,SALE097922,Replaced
CLM015147,2025-12-31,SALE097936,Completed
CLM015148,2025-07-13,SALE097943,Completed
CLM015149,2025-01-22,SALE097947,Paid Repaired
CLM015150,2023-09-02,SALE097951,Paid Repaired
CLM015151,2023-02-02,SALE097955,Pending
CLM015152,2024-09-27,SALE097959,Replaced
CLM015153,2025-03-30,SALE097961,Completed
CLM015154,2023-04-01,SALE097979,Completed
CLM015155,2022-04-30,SALE097980,Paid Repaired
CLM015156,2025-06-24,SALE097989,Paid Repaired
CLM015157,2023-02-09,SALE097991,Pending
CLM015158,2025-12-05,SALE098013,Replaced
CLM015159,2021-03-10,SALE098035,Completed
CLM015160,2021-10-30,SALE098037,Completed
CLM015161,2024-01-07,SALE098038,Pending
CLM015162,2023-06-12,SALE098044,Paid Repaired
CLM015163,2022-10-07,SALE098047,Completed
CLM015164,2020-11-02,SALE098050,Replaced
CLM015165,2021-04-30,SALE098057,Replaced
CLM015166,2023-02-14,SALE098060,Paid Repaired
CLM015167,2025-07-12,SALE098062,Completed
CLM015168,2025-12-31,SALE098072,Completed
CLM015169,2022-07-23,SALE098085,Paid Repaired
CLM015170,2021-11-08,SALE098104,Completed
CLM015171,2024-12-25,SALE098111,Completed
CLM015172,2021-09-01,SALE098113,Replaced
CLM015173,2022-06-08,SALE098121,Completed
CLM015174,2025-02-03,SALE098126,Completed
CLM015175,2025-04-12,SALE098132,Completed
CLM015176,2025-07-26,SALE098137,Completed
CLM015177,2025-12-31,SALE098142,Completed
CLM015178,2023-12-18,SALE098146,Completed
CLM015179,2022-01-02,SALE098147,Completed
CLM015180,2023-07-23,SALE098161,Replaced
CLM015181,2025-09-07,SALE098166,Completed
CLM015182,2021-03-22,SALE098171,Paid Repaired
CLM015183,2022-04-19,SALE098176,Completed
CLM015184,2020-09-23,SALE098177,Pending
CLM015185,2021-09-16,SALE098184,Rejected
CLM015186,2023-12-20,SALE098192,Completed
CLM015187,2024-03-09,SALE098213,Pending
CLM015188,2020-06-11,SALE098215,Replaced
CLM015189,2021-05-12,SALE098220,Pending
CLM015190,2022-10-21,SALE098227,Completed
CLM015191,2022-12-27,SALE098230,Warranty Void
CLM015192,2020-07-22,SALE098232,Replaced
CLM015193,2022-08-25,SALE098236,Rejected
CLM015194,2022-12-05,SALE098240,Warranty Void
CLM015195,2025-07-30,SALE098260,Paid Repaired
CLM015196,2021-05-23,SALE098265,Paid Repaired
CLM015197,2024-11-30,SALE098267,Completed
CLM015198,2025-04-22,SALE098278,Paid Repaired
CLM015199,2025-07-12,SALE098280,Warranty Void
CLM015200,2020-12-18,SALE098290,Paid Repaired
CLM015201,2024-08-23,SALE098300,Rejected
CLM015202,2023-03-13,SALE098307,Pending
CLM015203,2022-10-23,SALE098310,Completed
CLM015204,2021-09-26,SALE098313,Replaced
CLM015205,2022-05-07,SALE098315,Pending
CLM015206,2022-04-04,SALE098316,Completed
CLM015207,2024-02-02,SALE098325,Completed
CLM015208,2025-08-13,SALE098329,Completed
CLM015209,2022-09-12,SALE098338,Completed
CLM015210,2023-11-25,SALE098347,Pending
CLM015211,2021-03-30,SALE098355,Rejected
CLM015212,2022-01-11,SALE098357,Pending
CLM015213,2021-06-05,SALE098360,Warranty Void
CLM015214,2021-11-13,SALE098361,Completed
CLM015215,2023-04-01,SALE098369,Completed
CLM015216,2025-02-11,SALE098387,Replaced
CLM015217,2025-07-03,SALE098391,Paid Repaired
CLM015218,2023-03-23,SALE098394,Completed
CLM015219,2023-06-25,SALE098395,Paid Repaired
CLM015220,2021-11-09,SALE098402,Completed
CLM015221,2023-07-01,SALE098413,Replaced
CLM015222,2024-11-24,SALE098428,Warranty Void
CLM015223,2022-03-08,SALE098433,Warranty Void
CLM015224,2024-01-03,SALE098435,Replaced
CLM015225,2022-09-17,SALE098443,Warranty Void
CLM015226,2022-09-08,SALE098449,Paid Repaired
CLM015227,2023-04-21,SALE098451,Completed
CLM015228,2022-11-07,SALE098458,Completed
CLM015229,2024-08-25,SALE098460,Paid Repaired
CLM015230,2024-11-01,SALE098488,Completed
CLM015231,2021-12-17,SALE098489,Paid Repaired
CLM015232,2022-07-16,SALE098502,Pending
CLM015233,2025-05-01,SALE098506,Replaced
CLM015234,2021-04-29,SALE098516,Completed
CLM015235,2024-08-14,SALE098521,Paid Repaired
CLM015236,2025-11-25,SALE098523,Replaced
CLM015237,2021-12-29,SALE098524,Warranty Void
CLM015238,2025-12-31,SALE098532,Replaced
CLM015239,2025-09-16,SALE098540,Paid Repaired
CLM015240,2023-04-27,SALE098548,Paid Repaired
CLM015241,2023-12-08,SALE098554,Completed
CLM015242,2025-09-03,SALE098562,Completed
CLM015243,2022-08-25,SALE098566,Replaced
CLM015244,2021-07-30,SALE098573,Completed
CLM015245,2023-05-06,SALE098588,Warranty Void
CLM015246,2024-12-30,SALE098600,Paid Repaired
CLM015247,2021-09-17,SALE098610,Paid Repaired
CLM015248,2022-02-04,SALE098623,Completed
CLM015249,2024-08-12,SALE098634,Completed
CLM015250,2023-04-23,SALE098637,Rejected
CLM015251,2022-09-08,SALE098639,Replaced
CLM015252,2022-12-20,SALE098643,Paid Repaired
CLM015253,2025-05-19,SALE098652,Completed
CLM015254,2020-06-04,SALE098656,Completed
CLM015255,2022-02-04,SALE098664,Completed
CLM015256,2023-07-06,SALE098674,Completed
CLM015257,2023-05-11,SALE098675,Completed
CLM015258,2023-03-15,SALE098676,Completed
CLM015259,2022-05-28,SALE098691,Warranty Void
CLM015260,2022-10-09,SALE098700,Pending
CLM015261,2023-10-01,SALE098725,Replaced
CLM015262,2023-12-20,SALE098739,Completed
CLM015263,2025-12-31,SALE098766,Completed
CLM015264,2025-11-25,SALE098773,Completed
CLM015265,2024-12-03,SALE098782,Paid Repaired
CLM015266,2022-02-17,SALE098787,Completed
CLM015267,2025-02-16,SALE098790,Completed
CLM015268,2024-10-24,SALE098796,Paid Repaired
CLM015269,2023-01-19,SALE098797,Replaced
CLM015270,2024-04-22,SALE098817,Warranty Void
CLM015271,2022-01-24,SALE098842,Completed
CLM015272,2025-12-31,SALE098859,Replaced
CLM015273,2024-07-06,SALE098861,Completed
CLM015274,2024-12-07,SALE098864,Pending
CLM015275,2021-03-03,SALE098869,Completed
CLM015276,2025-09-02,SALE098871,Completed
CLM015277,2023-12-24,SALE098872,Replaced
CLM015278,2024-10-08,SALE098874,Completed
CLM015279,2021-12-30,SALE098878,Completed
CLM015280,2020-11-06,SALE098886,Completed
CLM015281,2025-07-01,SALE098889,Replaced
CLM015282,2022-01-12,SALE098892,Replaced
CLM015283,2025-12-31,SALE098895,Completed
CLM015284,2022-04-17,SALE098900,Replaced
CLM015285,2020-10-16,SALE098901,Completed
CLM015286,2025-04-03,SALE098904,Completed
CLM015287,2023-07-24,SALE098908,Completed
CLM015288,2025-12-31,SALE098911,Completed
CLM015289,2025-02-15,SALE098913,Warranty Void
CLM015290,2024-03-18,SALE098926,Completed
CLM015291,2024-09-22,SALE098940,Paid Repaired
CLM015292,2022-04-19,SALE098946,Pending
CLM015293,2020-01-28,SALE098953,Completed
CLM015294,2020-08-17,SALE098961,Pending
CLM015295,2023-07-19,SALE098964,Completed
CLM015296,2021-10-06,SALE098968,Completed
CLM015297,2025-12-31,SALE098974,Rejected
CLM015298,2020-10-28,SALE098975,Paid Repaired
CLM015299,2021-07-09,SALE098981,Completed
CLM015300,2022-11-15,SALE098989,Completed
CLM015301,2022-07-17,SALE099003,Completed
CLM015302,2023-07-02,SALE099009,Completed
CLM015303,2023-11-13,SALE099026,Completed
CLM015304,2022-01-16,SALE099028,Completed
CLM015305,2021-08-04,SALE099037,Completed
CLM015306,2025-08-30,SALE099042,Completed
CLM015307,2025-06-28,SALE099049,Paid Repaired
CLM015308,2023-04-11,SALE099054,Pending
CLM015309,2024-01-09,SALE099069,Completed
CLM015310,2025-08-09,SALE099075,Pending
CLM015311,2022-11-29,SALE099076,Pending
CLM015312,2021-10-27,SALE099090,Warranty Void
CLM015313,2023-03-25,SALE099104,Completed
CLM015314,2024-03-23,SALE099105,Warranty Void
CLM015315,2023-12-31,SALE099109,Completed
CLM015316,2022-10-16,SALE099112,Completed
CLM015317,2025-07-06,SALE099114,Replaced
CLM015318,2022-04-19,SALE099120,Pending
CLM015319,2023-06-28,SALE099122,Paid Repaired
CLM015320,2022-08-13,SALE099124,Completed
CLM015321,2024-02-02,SALE099125,Completed
CLM015322,2025-12-31,SALE099128,Completed
CLM015323,2024-10-23,SALE099129,Warranty Void
CLM015324,2025-07-06,SALE099132,Paid Repaired
CLM015325,2025-10-31,SALE099136,Paid Repaired
CLM015326,2021-08-31,SALE099138,Completed
CLM015327,2024-06-07,SALE099140,Replaced
CLM015328,2023-06-13,SALE099142,Paid Repaired
CLM015329,2025-12-06,SALE099148,Replaced
CLM015330,2023-04-04,SALE099166,Completed
CLM015331,2020-10-28,SALE099170,Warranty Void
CLM015332,2021-10-02,SALE099172,Completed
CLM015333,2024-03-21,SALE099179,Completed
CLM015334,2022-01-20,SALE099186,Completed
CLM015335,2022-08-28,SALE099191,Completed
CLM015336,2025-06-11,SALE099197,Paid Repaired
CLM015337,2025-02-21,SALE099202,Pending
CLM015338,2024-02-16,SALE099203,Completed
CLM015339,2020-07-09,SALE099205,Completed
CLM015340,2025-01-27,SALE099208,Completed
CLM015341,2023-02-23,SALE099213,Paid Repaired
CLM015342,2022-08-30,SALE099225,Pending
CLM015343,2025-03-31,SALE099231,Pending
CLM015344,2023-03-14,SALE099253,Replaced
CLM015345,2022-04-23,SALE099261,Completed
CLM015346,2024-08-09,SALE099266,Completed
CLM015347,2021-04-29,SALE099290,Pending
CLM015348,2022-01-02,SALE099295,Completed
CLM015349,2021-01-21,SALE099296,Completed
CLM015350,2022-07-20,SALE099297,Completed
CLM015351,2021-01-20,SALE099310,Completed
CLM015352,2024-07-20,SALE099313,Completed
CLM015353,2022-09-09,SALE099315,Pending
CLM015354,2022-07-22,SALE099331,Warranty Void
CLM015355,2025-12-31,SALE099333,Completed
CLM015356,2020-06-12,SALE099335,Rejected
CLM015357,2024-02-01,SALE099338,Replaced
CLM015358,2022-06-24,SALE099340,Replaced
CLM015359,2024-09-22,SALE099341,Paid Repaired
CLM015360,2024-04-10,SALE099349,Pending
CLM015361,2023-02-27,SALE099360,Completed
CLM015362,2021-07-14,SALE099361,Warranty Void
CLM015363,2025-09-29,SALE099376,Completed
CLM015364,2022-01-29,SALE099380,Completed
CLM015365,2025-04-07,SALE099391,Pending
CLM015366,2025-11-30,SALE099398,Completed
CLM015367,2024-08-31,SALE099403,Paid Repaired
CLM015368,2023-05-19,SALE099409,Completed
CLM015369,2021-11-08,SALE099416,Completed
CLM015370,2025-12-31,SALE099422,Completed
CLM015371,2024-10-22,SALE099452,Pending
CLM015372,2021-12-30,SALE099454,Completed
CLM015373,2020-10-02,SALE099461,Warranty Void
CLM015374,2025-03-16,SALE099462,Replaced
CLM015375,2022-04-12,SALE099469,Paid Repaired
CLM015376,2023-01-13,SALE099480,Replaced
CLM015377,2023-06-20,SALE099490,Warranty Void
CLM015378,2024-05-23,SALE099492,Completed
CLM015379,2021-06-11,SALE099499,Replaced
CLM015380,2021-06-14,SALE099512,Replaced
CLM015381,2021-04-03,SALE099516,Paid Repaired
CLM015382,2022-03-21,SALE099518,Completed
CLM015383,2025-06-08,SALE099531,Replaced
CLM015384,2024-04-27,SALE099532,Replaced
CLM015385,2023-08-31,SALE099541,Replaced
CLM015386,2021-05-23,SALE099544,Warranty Void
CLM015387,2022-10-09,SALE099550,Replaced
CLM015388,2025-12-31,SALE099551,Paid Repaired
CLM015389,2025-09-13,SALE099552,Completed
CLM015390,2021-05-25,SALE099553,Pending
CLM015391,2021-11-16,SALE099563,Completed
CLM015392,2025-09-02,SALE099578,Completed
CLM015393,2021-03-23,SALE099585,Completed
CLM015394,2024-07-25,SALE099588,Replaced
CLM015395,2022-10-04,SALE099594,Pending
CLM015396,2023-01-15,SALE099596,Replaced
CLM015397,2023-02-12,SALE099601,Completed
CLM015398,2020-10-16,SALE099608,Completed
CLM015399,2025-06-16,SALE099614,Completed
CLM015400,2021-06-15,SALE099622,Completed
CLM015401,2022-01-05,SALE099628,Pending
CLM015402,2024-09-23,SALE099632,Completed
CLM015403,2022-02-12,SALE099635,Completed
CLM015404,2025-12-31,SALE099640,Pending
CLM015405,2024-08-30,SALE099643,Replaced
CLM015406,2024-03-03,SALE099648,Completed
CLM015407,2022-11-07,SALE099649,Replaced
CLM015408,2025-05-27,SALE099658,Completed
CLM015409,2021-11-05,SALE099659,Completed
CLM015410,2025-12-31,SALE099661,Pending
CLM015411,2022-03-25,SALE099675,Completed
CLM015412,2020-11-08,SALE099686,Paid Repaired
CLM015413,2024-12-09,SALE099700,Completed
CLM015414,2023-03-10,SALE099733,Paid Repaired
CLM015415,2023-07-16,SALE099751,Replaced
CLM015416,2025-05-29,SALE099752,Paid Repaired
CLM015417,2020-09-20,SALE099753,Warranty Void
CLM015418,2025-12-31,SALE099764,Replaced
CLM015419,2023-01-21,SALE099778,Warranty Void
CLM015420,2023-08-14,SALE099792,Pending
CLM015421,2023-10-31,SALE099796,Warranty Void
CLM015422,2022-11-09,SALE099812,Completed
CLM015423,2024-11-11,SALE099816,Rejected
CLM015424,2022-11-15,SALE099819,Completed
CLM015425,2025-07-29,SALE099821,Replaced
CLM015426,2025-03-09,SALE099824,Completed
CLM015427,2025-03-08,SALE099825,Completed
CLM015428,2020-05-08,SALE099828,Paid Repaired
CLM015429,2021-09-18,SALE099836,Completed
CLM015430,2024-07-12,SALE099838,Completed
CLM015431,2022-10-16,SALE099839,Completed
CLM015432,2020-08-22,SALE099842,Completed
CLM015433,2022-12-27,SALE099843,Completed
CLM015434,2025-06-28,SALE099853,Replaced
CLM015435,2024-01-20,SALE099860,Completed
CLM015436,2024-01-05,SALE099868,Paid Repaired
CLM015437,2023-08-01,SALE099873,Completed
CLM015438,2022-03-04,SALE099893,Replaced
CLM015439,2024-07-17,SALE099902,Completed
CLM015440,2025-04-21,SALE099906,Rejected
CLM015441,2022-07-23,SALE099912,Completed
CLM015442,2025-12-31,SALE099918,Replaced
CLM015443,2021-05-29,SALE099925,Completed
CLM015444,2022-10-29,SALE099931,Paid Repaired
CLM015445,2021-02-06,SALE099935,Completed
CLM015446,2024-04-24,SALE099936,Completed
CLM015447,2025-02-01,SALE099939,Completed
CLM015448,2025-04-02,SALE099940,Pending
CLM015449,2024-03-04,SALE099960,Replaced
CLM015450,2023-11-05,SALE099962,Completed
CLM015451,2023-04-28,SALE099970,Paid Repaired
CLM015452,2023-03-29,SALE099974,Replaced
CLM015453,2022-02-26,SALE099986,Completed
CLM015454,2021-05-04,SALE100000,Completed
CLM015455,2023-05-10,SALE100004,Replaced
CLM015456,2022-11-03,SALE100012,Replaced
CLM015457,2025-11-06,SALE100014,Completed
CLM015458,2024-10-06,SALE100018,Warranty Void
CLM015459,2021-05-11,SALE100023,Completed
CLM015460,2025-01-23,SALE100034,Replaced
CLM015461,2023-12-21,SALE100044,Completed
CLM015462,2023-02-24,SALE100050,Replaced
CLM015463,2024-02-11,SALE100051,Warranty Void
CLM015464,2025-12-09,SALE100058,Pending
CLM015465,2023-02-26,SALE100059,Completed
CLM015466,2025-10-26,SALE100070,Completed
CLM015467,2022-03-24,SALE100078,Completed
CLM015468,2025-11-11,SALE100095,Rejected
CLM015469,2022-02-14,SALE100097,Completed
CLM015470,2022-01-23,SALE100098,Pending
CLM015471,2025-08-17,SALE100116,Completed
CLM015472,2025-02-16,SALE100117,Pending
CLM015473,2025-12-22,SALE100118,Paid Repaired
CLM015474,2025-12-31,SALE100129,Pending
CLM015475,2023-10-05,SALE100134,Paid Repaired
CLM015476,2022-11-30,SALE100136,Completed
CLM015477,2023-07-25,SALE100140,Replaced
CLM015478,2023-05-21,SALE100142,Completed
CLM015479,2023-09-29,SALE100147,Completed
CLM015480,2024-10-04,SALE100148,Warranty Void
CLM015481,2025-01-06,SALE100155,Completed
CLM015482,2024-10-24,SALE100160,Completed
CLM015483,2024-02-28,SALE100163,Pending
CLM015484,2021-01-09,SALE100172,Replaced
CLM015485,2021-12-11,SALE100175,Paid Repaired
CLM015486,2023-04-16,SALE100176,Completed
CLM015487,2022-12-29,SALE100179,Replaced
CLM015488,2025-03-03,SALE100184,Warranty Void
CLM015489,2020-11-14,SALE100189,Replaced
CLM015490,2024-01-07,SALE100190,Warranty Void
CLM015491,2021-03-06,SALE100192,Pending
CLM015492,2024-02-26,SALE100196,Replaced
CLM015493,2024-05-13,SALE100204,Completed
CLM015494,2024-06-04,SALE100212,Completed
CLM015495,2024-11-14,SALE100216,Pending
CLM015496,2024-05-13,SALE100237,Paid Repaired
CLM015497,2022-07-15,SALE100238,Completed
CLM015498,2025-05-03,SALE100242,Completed
CLM015499,2023-10-30,SALE100247,Completed
CLM015500,2025-12-31,SALE100259,Rejected
CLM015501,2024-06-08,SALE100264,Completed
CLM015502,2024-10-04,SALE100272,Replaced
CLM015503,2024-06-20,SALE100284,Completed
CLM015504,2022-11-08,SALE100287,Completed
CLM015505,2025-07-05,SALE100288,Pending
CLM015506,2022-03-26,SALE100289,Pending
CLM015507,2023-11-12,SALE100296,Pending
CLM015508,2022-06-18,SALE100307,Completed
CLM015509,2023-08-06,SALE100308,Paid Repaired
CLM015510,2023-06-22,SALE100315,Completed
CLM015511,2025-12-31,SALE100316,Completed
CLM015512,2023-01-23,SALE100344,Replaced
CLM015513,2024-01-10,SALE100357,Paid Repaired
CLM015514,2022-03-29,SALE100364,Replaced
CLM015515,2022-01-30,SALE100368,Pending
CLM015516,2025-12-10,SALE100370,Paid Repaired
CLM015517,2022-11-25,SALE100371,Completed
CLM015518,2022-03-12,SALE100394,Completed
CLM015519,2021-05-08,SALE100406,Completed
CLM015520,2023-02-07,SALE100411,Pending
CLM015521,2022-03-29,SALE100414,Paid Repaired
CLM015522,2024-05-03,SALE100419,Completed
CLM015523,2021-04-12,SALE100421,Pending
CLM015524,2025-09-01,SALE100430,Completed
CLM015525,2022-02-27,SALE100434,Replaced
CLM015526,2025-02-11,SALE100436,Completed
CLM015527,2021-08-24,SALE100437,Completed
CLM015528,2025-10-23,SALE100438,Rejected
CLM015529,2024-11-16,SALE100458,Warranty Void
CLM015530,2024-12-10,SALE100462,Replaced
CLM015531,2025-12-31,SALE100463,Paid Repaired
CLM015532,2024-01-31,SALE100471,Completed
CLM015533,2025-11-15,SALE100482,Completed
CLM015534,2023-04-02,SALE100484,Warranty Void
CLM015535,2024-05-21,SALE100496,Completed
CLM015536,2021-08-06,SALE100501,Completed
CLM015537,2024-07-17,SALE100505,Replaced
CLM015538,2023-09-07,SALE100508,Completed
CLM015539,2021-01-13,SALE100517,Warranty Void
CLM015540,2022-04-24,SALE100522,Completed
CLM015541,2023-01-21,SALE100546,Rejected
CLM015542,2024-01-03,SALE100559,Rejected
CLM015543,2025-09-12,SALE100563,Completed
CLM015544,2025-07-06,SALE100564,Completed
CLM015545,2024-03-02,SALE100565,Paid Repaired
CLM015546,2022-04-16,SALE100580,Pending
CLM015547,2022-03-28,SALE100584,Completed
CLM015548,2021-12-21,SALE100591,Completed
CLM015549,2022-06-13,SALE100608,Completed
CLM015550,2024-01-17,SALE100609,Completed
CLM015551,2021-05-28,SALE100619,Replaced
CLM015552,2024-08-08,SALE100626,Completed
CLM015553,2021-04-07,SALE100629,Pending
CLM015554,2023-10-16,SALE100631,Replaced
CLM015555,2023-07-06,SALE100633,Completed
CLM015556,2025-06-18,SALE100641,Pending
CLM015557,2024-01-26,SALE100652,Pending
CLM015558,2021-12-14,SALE100655,Completed
CLM015559,2023-07-12,SALE100660,Replaced
CLM015560,2021-05-15,SALE100666,Paid Repaired
CLM015561,2021-11-19,SALE100667,Paid Repaired
CLM015562,2024-07-26,SALE100668,Completed
CLM015563,2024-12-28,SALE100671,Pending
CLM015564,2025-07-21,SALE100694,Paid Repaired
CLM015565,2020-07-24,SALE100699,Replaced
CLM015566,2023-07-02,SALE100708,Rejected
CLM015567,2023-10-26,SALE100715,Completed
CLM015568,2025-01-10,SALE100732,Completed
CLM015569,2022-03-27,SALE100734,Completed
CLM015570,2023-12-02,SALE100738,Completed
CLM015571,2022-01-25,SALE100743,Pending
CLM015572,2021-01-24,SALE100756,Paid Repaired
CLM015573,2022-12-01,SALE100759,Completed
CLM015574,2024-07-17,SALE100763,Pending
CLM015575,2024-08-02,SALE100769,Replaced
CLM015576,2025-08-19,SALE100781,Paid Repaired
CLM015577,2025-12-31,SALE100783,Paid Repaired
CLM015578,2023-11-06,SALE100784,Completed
CLM015579,2023-05-31,SALE100791,Completed
CLM015580,2023-09-29,SALE100803,Paid Repaired
CLM015581,2021-09-25,SALE100804,Warranty Void
CLM015582,2023-04-05,SALE100817,Completed
CLM015583,2022-04-21,SALE100820,Completed
CLM015584,2022-10-06,SALE100822,Paid Repaired
CLM015585,2023-09-16,SALE100827,Paid Repaired
CLM015586,2022-01-23,SALE100828,Replaced
CLM015587,2022-01-08,SALE100832,Replaced
CLM015588,2022-03-15,SALE100833,Completed
CLM015589,2021-02-19,SALE100848,Replaced
CLM015590,2020-04-25,SALE100858,Completed
CLM015591,2025-06-06,SALE100859,Completed
CLM015592,2024-11-05,SALE100860,Paid Repaired
CLM015593,2023-03-03,SALE100881,Warranty Void
CLM015594,2023-01-21,SALE100882,Replaced
CLM015595,2021-06-24,SALE100889,Completed
CLM015596,2025-05-18,SALE100892,Pending
CLM015597,2021-07-11,SALE100898,Pending
CLM015598,2020-04-29,SALE100900,Completed
CLM015599,2022-04-15,SALE100901,Warranty Void
CLM015600,2025-02-16,SALE100902,Paid Repaired
CLM015601,2023-02-14,SALE100912,Warranty Void
CLM015602,2021-01-10,SALE100914,Completed
CLM015603,2025-06-22,SALE100921,Warranty Void
CLM015604,2021-08-19,SALE100928,Paid Repaired
CLM015605,2021-07-20,SALE100932,Completed
CLM015606,2025-06-24,SALE100945,Paid Repaired
CLM015607,2024-03-19,SALE100952,Replaced
CLM015608,2022-12-03,SALE100954,Completed
CLM015609,2024-03-08,SALE100958,Completed
CLM015610,2023-06-21,SALE100959,Pending
CLM015611,2021-06-13,SALE100960,Paid Repaired
CLM015612,2021-07-13,SALE100968,Completed
CLM015613,2023-09-14,SALE100971,Completed
CLM015614,2022-06-04,SALE100973,Replaced
CLM015615,2025-10-10,SALE100988,Replaced
CLM015616,2022-09-13,SALE101008,Paid Repaired
CLM015617,2021-10-31,SALE101024,Completed
CLM015618,2023-09-23,SALE101029,Completed
CLM015619,2024-02-08,SALE101030,Replaced
CLM015620,2021-04-27,SALE101034,Paid Repaired
CLM015621,2024-01-06,SALE101035,Completed
CLM015622,2021-11-26,SALE101058,Replaced
CLM015623,2025-09-01,SALE101062,Completed
CLM015624,2021-11-23,SALE101066,Pending
CLM015625,2022-08-06,SALE101067,Completed
CLM015626,2024-12-18,SALE101073,Pending
CLM015627,2022-05-26,SALE101076,Pending
CLM015628,2025-09-27,SALE101080,Completed
CLM015629,2024-11-08,SALE101082,Paid Repaired
CLM015630,2021-03-08,SALE101084,Completed
CLM015631,2025-12-30,SALE101091,Replaced
CLM015632,2023-11-22,SALE101095,Completed
CLM015633,2025-07-06,SALE101113,Completed
CLM015634,2020-12-19,SALE101121,Warranty Void
CLM015635,2025-05-14,SALE101127,Paid Repaired
CLM015636,2024-02-16,SALE101139,Replaced
CLM015637,2021-03-12,SALE101140,Completed
CLM015638,2025-02-16,SALE101145,Pending
CLM015639,2024-07-03,SALE101146,Completed
CLM015640,2020-12-16,SALE101153,Pending
CLM015641,2021-08-24,SALE101162,Pending
CLM015642,2021-07-19,SALE101173,Pending
CLM015643,2024-03-28,SALE101177,Completed
CLM015644,2024-11-01,SALE101178,Completed
CLM015645,2021-05-26,SALE101180,Replaced
CLM015646,2021-09-21,SALE101189,Replaced
CLM015647,2024-09-15,SALE101195,Paid Repaired
CLM015648,2025-05-25,SALE101196,Rejected
CLM015649,2025-12-31,SALE101204,Completed
CLM015650,2025-06-14,SALE101231,Paid Repaired
CLM015651,2022-10-15,SALE101232,Completed
CLM015652,2024-06-28,SALE101237,Completed
CLM015653,2021-12-11,SALE101249,Completed
CLM015654,2023-08-30,SALE101252,Completed
CLM015655,2021-11-06,SALE101255,Replaced
CLM015656,2023-04-10,SALE101262,Rejected
CLM015657,2024-01-23,SALE101268,Completed
CLM015658,2023-07-29,SALE101272,Completed
CLM015659,2025-12-07,SALE101284,Completed
CLM015660,2023-10-30,SALE101291,Paid Repaired
CLM015661,2024-05-29,SALE101302,Completed
CLM015662,2023-08-30,SALE101309,Rejected
CLM015663,2021-09-12,SALE101313,Paid Repaired
CLM015664,2023-08-10,SALE101317,Completed
CLM015665,2021-10-18,SALE101318,Completed
CLM015666,2020-12-21,SALE101319,Replaced
CLM015667,2022-04-24,SALE101320,Paid Repaired
CLM015668,2023-02-21,SALE101324,Completed
CLM015669,2021-04-11,SALE101329,Completed
CLM015670,2021-01-30,SALE101332,Completed
CLM015671,2024-09-09,SALE101334,Completed
CLM015672,2022-06-24,SALE101336,Completed
CLM015673,2022-11-15,SALE101342,Completed
CLM015674,2024-08-17,SALE101351,Replaced
CLM015675,2021-03-15,SALE101353,Warranty Void
CLM015676,2023-02-26,SALE101367,Completed
CLM015677,2022-09-22,SALE101369,Completed
CLM015678,2024-01-31,SALE101375,Replaced
CLM015679,2022-05-25,SALE101377,Completed
CLM015680,2021-10-09,SALE101378,Completed
CLM015681,2022-07-03,SALE101380,Completed
CLM015682,2023-01-04,SALE101382,Pending
CLM015683,2020-09-14,SALE101384,Replaced
CLM015684,2023-02-23,SALE101390,Pending
CLM015685,2023-05-22,SALE101401,Completed
CLM015686,2023-09-23,SALE101405,Completed
CLM015687,2021-01-25,SALE101409,Completed
CLM015688,2025-12-25,SALE101412,Completed
CLM015689,2024-07-19,SALE101415,Completed
CLM015690,2020-12-17,SALE101417,Completed
CLM015691,2025-10-01,SALE101424,Completed
CLM015692,2023-02-14,SALE101429,Completed
CLM015693,2024-08-04,SALE101434,Replaced
CLM015694,2023-09-30,SALE101436,Replaced
CLM015695,2023-07-08,SALE101438,Paid Repaired
CLM015696,2025-03-27,SALE101440,Warranty Void
CLM015697,2023-02-05,SALE101452,Completed
CLM015698,2022-04-27,SALE101460,Warranty Void
CLM015699,2022-08-15,SALE101461,Warranty Void
CLM015700,2022-10-02,SALE101478,Replaced
CLM015701,2020-06-16,SALE101500,Completed
CLM015702,2023-01-06,SALE101508,Rejected
CLM015703,2021-09-12,SALE101510,Replaced
CLM015704,2024-04-09,SALE101517,Completed
CLM015705,2024-04-26,SALE101532,Pending
CLM015706,2023-05-24,SALE101534,Replaced
CLM015707,2024-05-26,SALE101551,Paid Repaired
CLM015708,2023-12-17,SALE101556,Completed
CLM015709,2023-04-07,SALE101574,Paid Repaired
CLM015710,2024-07-31,SALE101582,Paid Repaired
CLM015711,2022-07-05,SALE101587,Rejected
CLM015712,2024-04-29,SALE101598,Replaced
CLM015713,2024-06-25,SALE101604,Completed
CLM015714,2020-10-06,SALE101607,Completed
CLM015715,2020-11-12,SALE101613,Completed
CLM015716,2022-10-16,SALE101620,Paid Repaired
CLM015717,2025-07-16,SALE101622,Completed
CLM015718,2022-08-18,SALE101624,Completed
CLM015719,2024-07-09,SALE101631,Paid Repaired
CLM015720,2023-01-13,SALE101633,Completed
CLM015721,2025-12-31,SALE101635,Completed
CLM015722,2022-07-01,SALE101638,Paid Repaired
CLM015723,2023-12-26,SALE101641,Completed
CLM015724,2023-02-24,SALE101644,Pending
CLM015725,2025-01-22,SALE101650,Completed
CLM015726,2023-05-10,SALE101651,Paid Repaired
CLM015727,2024-05-26,SALE101655,Pending
CLM015728,2022-10-06,SALE101659,Replaced
CLM015729,2022-07-22,SALE101660,Completed
CLM015730,2025-07-26,SALE101662,Replaced
CLM015731,2021-01-25,SALE101666,Paid Repaired
CLM015732,2025-12-18,SALE101703,Completed
CLM015733,2021-07-12,SALE101715,Paid Repaired
CLM015734,2022-01-26,SALE101716,Paid Repaired
CLM015735,2021-11-04,SALE101721,Completed
CLM015736,2024-09-20,SALE101728,Completed
CLM015737,2024-04-22,SALE101729,Pending
CLM015738,2023-05-23,SALE101735,Warranty Void
CLM015739,2021-08-07,SALE101737,Replaced
CLM015740,2025-07-14,SALE101738,Replaced
CLM015741,2024-08-17,SALE101742,Pending
CLM015742,2023-11-01,SALE101750,Completed
CLM015743,2024-04-06,SALE101766,Completed
CLM015744,2020-08-15,SALE101772,Completed
CLM015745,2021-12-09,SALE101773,Completed
CLM015746,2022-02-02,SALE101774,Replaced
CLM015747,2025-03-23,SALE101775,Replaced
CLM015748,2022-09-15,SALE101783,Replaced
CLM015749,2022-07-13,SALE101787,Completed
CLM015750,2021-01-18,SALE101796,Paid Repaired
CLM015751,2022-10-31,SALE101797,Warranty Void
CLM015752,2022-06-13,SALE101802,Pending
CLM015753,2024-06-22,SALE101819,Completed
CLM015754,2021-03-12,SALE101829,Paid Repaired
CLM015755,2022-10-27,SALE101831,Rejected
CLM015756,2021-08-21,SALE101843,Pending
CLM015757,2025-12-31,SALE101849,Paid Repaired
CLM015758,2022-02-08,SALE101854,Warranty Void
CLM015759,2020-12-02,SALE101855,Paid Repaired
CLM015760,2023-06-20,SALE101861,Pending
CLM015761,2024-09-11,SALE101862,Completed
CLM015762,2025-12-23,SALE101870,Replaced
CLM015763,2020-09-17,SALE101889,Replaced
CLM015764,2022-05-23,SALE101890,Completed
CLM015765,2025-02-18,SALE101898,Replaced
CLM015766,2022-10-15,SALE101900,Replaced
CLM015767,2025-07-30,SALE101905,Warranty Void
CLM015768,2022-05-19,SALE101906,Warranty Void
CLM015769,2024-10-28,SALE101932,Replaced
CLM015770,2025-07-29,SALE101933,Rejected
CLM015771,2025-04-20,SALE101936,Warranty Void
CLM015772,2025-06-28,SALE101938,Completed
CLM015773,2022-03-26,SALE101943,Replaced
CLM015774,2021-08-22,SALE101945,Warranty Void
CLM015775,2023-04-02,SALE101949,Completed
CLM015776,2022-01-31,SALE101951,Rejected
CLM015777,2022-07-31,SALE101958,Pending
CLM015778,2025-12-31,SALE101962,Pending
CLM015779,2025-12-31,SALE101963,Completed
CLM015780,2025-01-03,SALE101968,Warranty Void
CLM015781,2024-01-02,SALE101969,Paid Repaired
CLM015782,2022-05-13,SALE101971,Completed
CLM015783,2025-07-16,SALE101983,Completed
CLM015784,2025-12-31,SALE101986,Replaced
CLM015785,2022-05-13,SALE101996,Paid Repaired
CLM015786,2023-05-26,SALE102001,Rejected
CLM015787,2024-04-16,SALE102011,Completed
CLM015788,2023-01-06,SALE102014,Paid Repaired
CLM015789,2025-04-28,SALE102020,Paid Repaired
CLM015790,2025-11-19,SALE102021,Warranty Void
CLM015791,2022-05-07,SALE102033,Paid Repaired
CLM015792,2025-03-03,SALE102037,Completed
CLM015793,2022-05-22,SALE102054,Completed
CLM015794,2025-12-31,SALE102059,Completed
CLM015795,2021-07-12,SALE102063,Completed
CLM015796,2024-02-14,SALE102076,Paid Repaired
CLM015797,2024-09-24,SALE102079,Completed
CLM015798,2021-12-12,SALE102088,Pending
CLM015799,2022-05-08,SALE102089,Paid Repaired
CLM015800,2024-06-14,SALE102096,Paid Repaired
CLM015801,2025-12-08,SALE102102,Paid Repaired
CLM015802,2025-12-31,SALE102103,Replaced
CLM015803,2024-03-25,SALE102104,Completed
CLM015804,2020-03-16,SALE102113,Replaced
CLM015805,2025-12-31,SALE102127,Completed
CLM015806,2022-11-09,SALE102141,Completed
CLM015807,2021-02-08,SALE102153,Completed
CLM015808,2023-09-18,SALE102156,Pending
CLM015809,2022-03-08,SALE102168,Completed
CLM015810,2020-11-23,SALE102169,Completed
CLM015811,2021-04-19,SALE102173,Replaced
CLM015812,2024-03-18,SALE102174,Pending
CLM015813,2020-11-23,SALE102176,Warranty Void
CLM015814,2024-06-15,SALE102181,Completed
CLM015815,2025-12-19,SALE102182,Replaced
CLM015816,2021-11-09,SALE102192,Paid Repaired
CLM015817,2023-10-03,SALE102193,Completed
CLM015818,2023-04-25,SALE102196,Completed
CLM015819,2024-09-23,SALE102210,Replaced
CLM015820,2022-07-19,SALE102217,Completed
CLM015821,2022-05-02,SALE102219,Completed
CLM015822,2021-12-31,SALE102241,Rejected
CLM015823,2024-03-15,SALE102243,Completed
CLM015824,2022-09-20,SALE102250,Completed
CLM015825,2024-06-12,SALE102252,Replaced
CLM015826,2024-12-10,SALE102258,Replaced
CLM015827,2024-08-13,SALE102261,Completed
CLM015828,2025-02-01,SALE102270,Completed
CLM015829,2023-06-30,SALE102273,Completed
CLM015830,2022-10-25,SALE102274,Completed
CLM015831,2023-11-12,SALE102290,Warranty Void
CLM015832,2020-04-15,SALE102292,Paid Repaired
CLM015833,2021-03-04,SALE102295,Pending
CLM015834,2021-06-25,SALE102301,Completed
CLM015835,2023-10-08,SALE102303,Warranty Void
CLM015836,2022-08-19,SALE102306,Replaced
CLM015837,2022-09-03,SALE102312,Replaced
CLM015838,2024-05-08,SALE102322,Pending
CLM015839,2023-12-27,SALE102324,Pending
CLM015840,2022-10-18,SALE102326,Completed
CLM015841,2023-04-21,SALE102331,Completed
CLM015842,2024-10-14,SALE102341,Completed
CLM015843,2025-04-15,SALE102345,Replaced
CLM015844,2024-05-24,SALE102347,Completed
CLM015845,2024-03-21,SALE102356,Completed
CLM015846,2024-09-17,SALE102358,Completed
CLM015847,2021-03-13,SALE102359,Completed
CLM015848,2022-01-25,SALE102360,Completed
CLM015849,2025-12-31,SALE102377,Completed
CLM015850,2025-12-31,SALE102378,Replaced
CLM015851,2024-01-21,SALE102381,Completed
CLM015852,2024-11-01,SALE102384,Completed
CLM015853,2021-03-12,SALE102386,Rejected
CLM015854,2022-01-01,SALE102387,Warranty Void
CLM015855,2022-06-04,SALE102392,Warranty Void
CLM015856,2023-11-21,SALE102399,Warranty Void
CLM015857,2025-02-10,SALE102401,Replaced
CLM015858,2022-10-05,SALE102402,Rejected
CLM015859,2024-01-02,SALE102413,Completed
CLM015860,2022-03-30,SALE102418,Pending
CLM015861,2021-10-13,SALE102419,Paid Repaired
CLM015862,2021-02-24,SALE102428,Paid Repaired
CLM015863,2022-08-24,SALE102431,Replaced
CLM015864,2025-03-09,SALE102442,Replaced
CLM015865,2025-12-31,SALE102449,Pending
CLM015866,2024-11-07,SALE102454,Paid Repaired
CLM015867,2022-08-22,SALE102458,Replaced
CLM015868,2021-04-02,SALE102464,Completed
CLM015869,2025-12-31,SALE102470,Rejected
CLM015870,2024-10-02,SALE102490,Replaced
CLM015871,2023-02-23,SALE102492,Completed
CLM015872,2023-06-07,SALE102498,Replaced
CLM015873,2024-10-26,SALE102500,Replaced
CLM015874,2021-09-15,SALE102514,Paid Repaired
CLM015875,2020-12-28,SALE102536,Completed
CLM015876,2025-05-03,SALE102538,Replaced
CLM015877,2024-03-18,SALE102556,Completed
CLM015878,2025-12-31,SALE102564,Rejected
CLM015879,2021-08-13,SALE102566,Pending
CLM015880,2025-02-11,SALE102584,Warranty Void
CLM015881,2023-04-20,SALE102587,Completed
CLM015882,2025-12-31,SALE102588,Completed
CLM015883,2022-03-29,SALE102594,Completed
CLM015884,2024-09-08,SALE102595,Paid Repaired
CLM015885,2025-12-05,SALE102599,Completed
CLM015886,2021-09-22,SALE102609,Pending
CLM015887,2021-04-23,SALE102611,Completed
CLM015888,2024-03-22,SALE102618,Completed
CLM015889,2021-12-30,SALE102623,Pending
CLM015890,2020-12-17,SALE102624,Warranty Void
CLM015891,2021-05-26,SALE102631,Replaced
CLM015892,2023-12-28,SALE102634,Paid Repaired
CLM015893,2021-08-03,SALE102642,Pending
CLM015894,2024-03-29,SALE102649,Replaced
CLM015895,2024-07-25,SALE102650,Replaced
CLM015896,2021-08-21,SALE102651,Completed
CLM015897,2024-07-02,SALE102655,Paid Repaired
CLM015898,2020-04-07,SALE102659,Warranty Void
CLM015899,2022-02-08,SALE102660,Replaced
CLM015900,2025-03-19,SALE102671,Completed
CLM015901,2023-08-08,SALE102678,Paid Repaired
CLM015902,2023-08-18,SALE102690,Replaced
CLM015903,2023-06-16,SALE102697,Pending
CLM015904,2022-11-20,SALE102698,Completed
CLM015905,2024-04-18,SALE102715,Completed
CLM015906,2023-08-20,SALE102725,Warranty Void
CLM015907,2023-06-01,SALE102726,Completed
CLM015908,2021-04-11,SALE102727,Replaced
CLM015909,2025-03-04,SALE102750,Completed
CLM015910,2025-06-13,SALE102751,Pending
CLM015911,2022-04-24,SALE102762,Completed
CLM015912,2025-12-31,SALE102766,Warranty Void
CLM015913,2025-02-14,SALE102769,Replaced
CLM015914,2024-04-20,SALE102770,Pending
CLM015915,2021-09-25,SALE102773,Pending
CLM015916,2020-09-18,SALE102775,Completed
CLM015917,2023-03-05,SALE102782,Pending
CLM015918,2022-02-01,SALE102786,Replaced
CLM015919,2021-08-06,SALE102797,Completed
CLM015920,2020-06-19,SALE102798,Paid Repaired
CLM015921,2021-04-01,SALE102807,Replaced
CLM015922,2024-10-02,SALE102809,Replaced
CLM015923,2020-11-21,SALE102815,Replaced
CLM015924,2024-04-18,SALE102819,Replaced
CLM015925,2025-08-11,SALE102821,Completed
CLM015926,2023-09-02,SALE102825,Completed
CLM015927,2020-10-02,SALE102826,Completed
CLM015928,2022-06-09,SALE102839,Completed
CLM015929,2024-05-20,SALE102848,Replaced
CLM015930,2025-12-31,SALE102872,Rejected
CLM015931,2024-08-02,SALE102876,Pending
CLM015932,2020-04-22,SALE102887,Replaced
CLM015933,2021-11-18,SALE102888,Paid Repaired
CLM015934,2023-12-28,SALE102895,Completed
CLM015935,2020-08-19,SALE102897,Completed
CLM015936,2022-09-08,SALE102905,Paid Repaired
CLM015937,2025-03-16,SALE102907,Warranty Void
CLM015938,2022-03-11,SALE102910,Completed
CLM015939,2025-09-25,SALE102911,Replaced
CLM015940,2020-12-29,SALE102916,Completed
CLM015941,2021-07-02,SALE102922,Pending
CLM015942,2023-08-14,SALE102924,Warranty Void
CLM015943,2021-03-10,SALE102928,Completed
CLM015944,2023-10-29,SALE102934,Completed
CLM015945,2021-01-30,SALE102948,Completed
CLM015946,2023-04-04,SALE102959,Warranty Void
CLM015947,2025-05-16,SALE102967,Pending
CLM015948,2022-04-19,SALE102975,Replaced
CLM015949,2025-06-22,SALE102999,Paid Repaired
CLM015950,2022-04-29,SALE103000,Completed
CLM015951,2024-06-25,SALE103007,Completed
CLM015952,2024-08-18,SALE103024,Completed
CLM015953,2021-09-22,SALE103025,Completed
CLM015954,2021-11-15,SALE103033,Rejected
CLM015955,2025-08-17,SALE103035,Completed
CLM015956,2025-12-31,SALE103052,Completed
CLM015957,2024-06-09,SALE103060,Completed
CLM015958,2023-02-11,SALE103061,Completed
CLM015959,2021-09-01,SALE103076,Warranty Void
CLM015960,2021-03-12,SALE103093,Completed
CLM015961,2021-06-26,SALE103098,Completed
CLM015962,2025-12-31,SALE103100,Pending
CLM015963,2022-01-30,SALE103113,Completed
CLM015964,2025-12-31,SALE103117,Completed
CLM015965,2025-02-07,SALE103121,Paid Repaired
CLM015966,2021-01-17,SALE103129,Completed
CLM015967,2022-08-22,SALE103143,Completed
CLM015968,2021-09-28,SALE103161,Replaced
CLM015969,2022-07-14,SALE103183,Pending
CLM015970,2024-06-21,SALE103212,Completed
CLM015971,2022-10-28,SALE103215,Completed
CLM015972,2025-05-16,SALE103224,Pending
CLM015973,2020-09-02,SALE103225,Replaced
CLM015974,2022-03-15,SALE103226,Completed
CLM015975,2025-06-22,SALE103239,Completed
CLM015976,2022-05-17,SALE103241,Paid Repaired
CLM015977,2025-06-15,SALE103251,Replaced
CLM015978,2021-06-24,SALE103255,Completed
CLM015979,2025-07-28,SALE103258,Replaced
CLM015980,2024-06-01,SALE103261,Completed
CLM015981,2025-12-31,SALE103262,Replaced
CLM015982,2025-09-08,SALE103280,Completed
CLM015983,2021-05-14,SALE103282,Completed
CLM015984,2022-06-18,SALE103285,Paid Repaired
CLM015985,2024-12-28,SALE103286,Completed
CLM015986,2022-10-18,SALE103288,Warranty Void
CLM015987,2024-06-26,SALE103296,Replaced
CLM015988,2022-05-19,SALE103298,Completed
CLM015989,2023-11-09,SALE103300,Replaced
CLM015990,2020-07-30,SALE103303,Replaced
CLM015991,2022-10-06,SALE103305,Warranty Void
CLM015992,2021-06-20,SALE103310,Replaced
CLM015993,2024-08-03,SALE103312,Replaced
CLM015994,2025-12-27,SALE103317,Completed
CLM015995,2024-07-13,SALE103326,Pending
CLM015996,2025-12-18,SALE103339,Warranty Void
CLM015997,2024-05-24,SALE103345,Completed
CLM015998,2021-11-14,SALE103353,Replaced
CLM015999,2024-03-02,SALE103382,Completed
CLM016000,2021-03-27,SALE103383,Replaced
CLM016001,2023-07-02,SALE103386,Completed
CLM016002,2021-12-08,SALE103387,Completed
CLM016003,2024-09-08,SALE103399,Replaced
CLM016004,2022-09-27,SALE103405,Completed
CLM016005,2022-07-18,SALE103406,Completed
CLM016006,2022-02-06,SALE103408,Completed
CLM016007,2025-08-30,SALE103409,Rejected
CLM016008,2024-05-25,SALE103418,Replaced
CLM016009,2020-02-17,SALE103420,Paid Repaired
CLM016010,2022-01-26,SALE103423,Warranty Void
CLM016011,2025-12-31,SALE103431,Completed
CLM016012,2021-02-06,SALE103432,Completed
CLM016013,2022-07-05,SALE103440,Warranty Void
CLM016014,2021-06-03,SALE103449,Completed
CLM016015,2024-08-19,SALE103453,Replaced
CLM016016,2025-12-25,SALE103470,Completed
CLM016017,2025-09-28,SALE103474,Completed
CLM016018,2024-09-05,SALE103476,Replaced
CLM016019,2024-04-18,SALE103483,Replaced
CLM016020,2020-07-26,SALE103485,Paid Repaired
CLM016021,2023-08-07,SALE103491,Paid Repaired
CLM016022,2023-12-10,SALE103495,Replaced
CLM016023,2023-12-22,SALE103530,Paid Repaired
CLM016024,2024-03-13,SALE103532,Completed
CLM016025,2024-08-14,SALE103534,Paid Repaired
CLM016026,2022-06-28,SALE103535,Completed
CLM016027,2025-04-27,SALE103539,Paid Repaired
CLM016028,2021-12-10,SALE103550,Replaced
CLM016029,2024-01-02,SALE103551,Paid Repaired
CLM016030,2024-03-16,SALE103552,Completed
CLM016031,2025-11-13,SALE103555,Completed
CLM016032,2025-04-10,SALE103559,Rejected
CLM016033,2024-07-16,SALE103569,Completed
CLM016034,2025-12-31,SALE103581,Completed
CLM016035,2025-02-23,SALE103607,Completed
CLM016036,2023-03-13,SALE103621,Pending
CLM016037,2025-11-27,SALE103622,Completed
CLM016038,2021-07-19,SALE103627,Completed
CLM016039,2025-12-31,SALE103629,Warranty Void
CLM016040,2023-07-07,SALE103632,Rejected
CLM016041,2025-01-12,SALE103639,Replaced
CLM016042,2025-02-10,SALE103652,Replaced
CLM016043,2025-09-05,SALE103661,Pending
CLM016044,2025-12-31,SALE103677,Replaced
CLM016045,2024-11-06,SALE103678,Completed
CLM016046,2024-01-17,SALE103691,Completed
CLM016047,2023-03-19,SALE103698,Replaced
CLM016048,2023-04-19,SALE103710,Warranty Void
CLM016049,2025-03-17,SALE103715,Completed
CLM016050,2023-02-06,SALE103761,Replaced
CLM016051,2025-12-31,SALE103773,Completed
CLM016052,2025-12-31,SALE103779,Completed
CLM016053,2025-02-22,SALE103782,Completed
CLM016054,2022-06-20,SALE103784,Paid Repaired
CLM016055,2025-01-16,SALE103790,Completed
CLM016056,2025-12-31,SALE103795,Completed
CLM016057,2025-02-17,SALE103797,Completed
CLM016058,2023-03-07,SALE103827,Replaced
CLM016059,2022-01-12,SALE103829,Replaced
CLM016060,2025-12-31,SALE103843,Paid Repaired
CLM016061,2022-09-07,SALE103844,Completed
CLM016062,2022-07-26,SALE103845,Warranty Void
CLM016063,2025-07-11,SALE103852,Completed
CLM016064,2024-09-30,SALE103869,Replaced
CLM016065,2021-03-31,SALE103879,Replaced
CLM016066,2024-02-19,SALE103881,Paid Repaired
CLM016067,2025-12-09,SALE103882,Pending
CLM016068,2023-07-17,SALE103905,Paid Repaired
CLM016069,2024-10-02,SALE103917,Replaced
CLM016070,2021-04-27,SALE103923,Warranty Void
CLM016071,2025-02-16,SALE103927,Completed
CLM016072,2025-08-01,SALE103933,Paid Repaired
CLM016073,2021-05-01,SALE103937,Replaced
CLM016074,2022-11-26,SALE103939,Completed
CLM016075,2024-08-15,SALE103943,Completed
CLM016076,2024-09-24,SALE103946,Completed
CLM016077,2025-09-09,SALE103951,Completed
CLM016078,2024-06-16,SALE103955,Completed
CLM016079,2022-09-08,SALE103963,Replaced
CLM016080,2022-03-09,SALE103966,Pending
CLM016081,2021-05-19,SALE103982,Pending
CLM016082,2025-12-31,SALE103984,Paid Repaired
CLM016083,2023-10-08,SALE103987,Completed
CLM016084,2022-05-21,SALE103999,Completed
CLM016085,2023-01-16,SALE104003,Completed
CLM016086,2025-07-02,SALE104005,Completed
CLM016087,2024-12-18,SALE104006,Completed
CLM016088,2022-02-14,SALE104009,Completed
CLM016089,2022-10-02,SALE104011,Replaced
CLM016090,2022-11-29,SALE104013,Replaced
CLM016091,2021-09-03,SALE104015,Pending
CLM016092,2024-02-04,SALE104027,Replaced
CLM016093,2022-07-21,SALE104041,Completed
CLM016094,2021-06-16,SALE104047,Completed
CLM016095,2023-05-07,SALE104048,Replaced
CLM016096,2024-08-14,SALE104051,Warranty Void
CLM016097,2024-09-02,SALE104052,Paid Repaired
CLM016098,2021-09-07,SALE104053,Rejected
CLM016099,2021-10-13,SALE104071,Paid Repaired
CLM016100,2022-10-08,SALE104077,Completed
CLM016101,2023-05-14,SALE104087,Replaced
CLM016102,2022-07-22,SALE104088,Rejected
CLM016103,2025-12-31,SALE104089,Replaced
CLM016104,2021-11-10,SALE104093,Completed
CLM016105,2022-01-25,SALE104102,Replaced
CLM016106,2020-10-31,SALE104106,Completed
CLM016107,2021-12-08,SALE104108,Replaced
CLM016108,2024-06-25,SALE104112,Replaced
CLM016109,2020-08-19,SALE104120,Completed
CLM016110,2022-04-18,SALE104122,Paid Repaired
CLM016111,2024-09-27,SALE104128,Completed
CLM016112,2022-04-02,SALE104134,Pending
CLM016113,2022-04-24,SALE104136,Pending
CLM016114,2024-01-21,SALE104166,Completed
CLM016115,2023-02-08,SALE104172,Paid Repaired
CLM016116,2022-10-16,SALE104181,Completed
CLM016117,2024-02-27,SALE104183,Pending
CLM016118,2021-01-22,SALE104197,Warranty Void
CLM016119,2025-03-07,SALE104208,Paid Repaired
CLM016120,2023-02-15,SALE104222,Completed
CLM016121,2024-12-18,SALE104223,Replaced
CLM016122,2024-03-01,SALE104225,Replaced
CLM016123,2024-05-24,SALE104236,Replaced
CLM016124,2023-11-25,SALE104239,Pending
CLM016125,2022-12-30,SALE104245,Paid Repaired
CLM016126,2023-12-16,SALE104251,Replaced
CLM016127,2024-01-24,SALE104264,Replaced
CLM016128,2025-08-03,SALE104272,Completed
CLM016129,2024-08-08,SALE104275,Replaced
CLM016130,2022-11-13,SALE104281,Completed
CLM016131,2021-01-19,SALE104293,Completed
CLM016132,2021-06-05,SALE104299,Warranty Void
CLM016133,2022-03-29,SALE104304,Warranty Void
CLM016134,2022-05-10,SALE104305,Completed
CLM016135,2025-02-06,SALE104307,Pending
CLM016136,2022-02-21,SALE104312,Replaced
CLM016137,2024-01-11,SALE104317,Paid Repaired
CLM016138,2025-11-05,SALE104320,Completed
CLM016139,2023-07-09,SALE104327,Paid Repaired
CLM016140,2021-12-05,SALE104328,Completed
CLM016141,2022-03-02,SALE104329,Pending
CLM016142,2022-09-18,SALE104330,Completed
CLM016143,2025-09-06,SALE104344,Completed
CLM016144,2021-04-11,SALE104349,Completed
CLM016145,2024-09-19,SALE104355,Paid Repaired
CLM016146,2023-07-28,SALE104368,Paid Repaired
CLM016147,2023-04-13,SALE104379,Completed
CLM016148,2021-08-16,SALE104383,Completed
CLM016149,2023-03-15,SALE104393,Completed
CLM016150,2021-06-04,SALE104395,Pending
CLM016151,2022-11-29,SALE104401,Completed
CLM016152,2025-04-22,SALE104409,Completed
CLM016153,2023-10-10,SALE104414,Completed
CLM016154,2020-10-24,SALE104428,Completed
CLM016155,2024-02-24,SALE104435,Completed
CLM016156,2022-08-16,SALE104441,Completed
CLM016157,2020-10-28,SALE104463,Replaced
CLM016158,2021-08-12,SALE104466,Paid Repaired
CLM016159,2021-11-06,SALE104467,Rejected
CLM016160,2023-03-23,SALE104473,Completed
CLM016161,2024-03-05,SALE104478,Completed
CLM016162,2024-06-19,SALE104480,Warranty Void
CLM016163,2023-03-23,SALE104487,Completed
CLM016164,2023-01-20,SALE104490,Completed
CLM016165,2023-08-30,SALE104491,Completed
CLM016166,2023-11-19,SALE104493,Paid Repaired
CLM016167,2021-05-07,SALE104495,Completed
CLM016168,2023-06-10,SALE104501,Completed
CLM016169,2024-07-06,SALE104507,Completed
CLM016170,2025-12-31,SALE104508,Completed
CLM016171,2024-09-20,SALE104526,Completed
CLM016172,2023-06-16,SALE104530,Paid Repaired
CLM016173,2024-06-24,SALE104532,Replaced
CLM016174,2025-04-23,SALE104536,Completed
CLM016175,2022-01-06,SALE104539,Completed
CLM016176,2024-11-27,SALE104542,Paid Repaired
CLM016177,2022-11-12,SALE104545,Completed
CLM016178,2024-11-05,SALE104546,Pending
CLM016179,2022-09-10,SALE104553,Replaced
CLM016180,2021-11-04,SALE104557,Replaced
CLM016181,2021-05-07,SALE104558,Completed
CLM016182,2021-10-02,SALE104570,Warranty Void
CLM016183,2022-05-30,SALE104584,Completed
CLM016184,2025-12-31,SALE104592,Paid Repaired
CLM016185,2022-10-18,SALE104596,Paid Repaired
CLM016186,2025-01-20,SALE104602,Completed
CLM016187,2025-03-27,SALE104603,Paid Repaired
CLM016188,2022-11-03,SALE104604,Completed
CLM016189,2025-12-31,SALE104606,Paid Repaired
CLM016190,2025-03-22,SALE104610,Paid Repaired
CLM016191,2022-07-13,SALE104611,Completed
CLM016192,2025-09-22,SALE104620,Replaced
CLM016193,2021-05-12,SALE104626,Paid Repaired
CLM016194,2021-11-14,SALE104629,Completed
CLM016195,2025-10-06,SALE104630,Completed
CLM016196,2022-05-20,SALE104634,Paid Repaired
CLM016197,2024-03-15,SALE104649,Paid Repaired
CLM016198,2023-11-30,SALE104658,Replaced
CLM016199,2023-11-30,SALE104659,Replaced
CLM016200,2021-11-16,SALE104668,Rejected
CLM016201,2024-11-07,SALE104676,Completed
CLM016202,2020-09-10,SALE104682,Paid Repaired
CLM016203,2024-09-29,SALE104689,Replaced
CLM016204,2025-12-31,SALE104698,Pending
CLM016205,2024-03-30,SALE104709,Replaced
CLM016206,2021-08-30,SALE104710,Paid Repaired
CLM016207,2023-02-13,SALE104713,Completed
CLM016208,2023-11-15,SALE104714,Paid Repaired
CLM016209,2023-02-13,SALE104720,Replaced
CLM016210,2021-09-04,SALE104734,Completed
CLM016211,2024-11-05,SALE104739,Paid Repaired
CLM016212,2022-10-02,SALE104740,Replaced
CLM016213,2023-05-08,SALE104745,Completed
CLM016214,2022-10-24,SALE104749,Replaced
CLM016215,2023-11-26,SALE104750,Replaced
CLM016216,2025-12-31,SALE104762,Paid Repaired
CLM016217,2024-05-06,SALE104766,Paid Repaired
CLM016218,2022-03-14,SALE104767,Completed
CLM016219,2025-08-13,SALE104773,Completed
CLM016220,2022-11-19,SALE104784,Completed
CLM016221,2024-01-01,SALE104786,Completed
CLM016222,2025-06-03,SALE104789,Completed
CLM016223,2020-10-28,SALE104809,Replaced
CLM016224,2023-01-26,SALE104818,Replaced
CLM016225,2021-12-02,SALE104827,Completed
CLM016226,2025-07-30,SALE104836,Replaced
CLM016227,2020-07-16,SALE104837,Completed
CLM016228,2023-03-28,SALE104839,Paid Repaired
CLM016229,2025-08-18,SALE104846,Completed
CLM016230,2023-07-07,SALE104850,Paid Repaired
CLM016231,2024-12-12,SALE104852,Completed
CLM016232,2020-09-17,SALE104857,Warranty Void
CLM016233,2024-12-05,SALE104886,Completed
CLM016234,2024-10-17,SALE104893,Completed
CLM016235,2024-06-24,SALE104903,Completed
CLM016236,2023-09-18,SALE104907,Completed
CLM016237,2025-10-03,SALE104912,Replaced
CLM016238,2024-06-24,SALE104942,Paid Repaired
CLM016239,2023-12-20,SALE104945,Rejected
CLM016240,2021-07-18,SALE104956,Completed
CLM016241,2025-01-26,SALE104958,Completed
CLM016242,2024-04-25,SALE104960,Warranty Void
CLM016243,2023-06-29,SALE104964,Replaced
CLM016244,2021-03-01,SALE104970,Rejected
CLM016245,2025-06-25,SALE104992,Completed
CLM016246,2024-11-28,SALE105001,Completed
CLM016247,2022-04-04,SALE105007,Completed
CLM016248,2022-07-31,SALE105008,Completed
CLM016249,2022-10-16,SALE105010,Replaced
CLM016250,2025-09-27,SALE105020,Completed
CLM016251,2025-04-16,SALE105041,Replaced
CLM016252,2023-07-01,SALE105049,Paid Repaired
CLM016253,2023-04-25,SALE105051,Completed
CLM016254,2025-04-14,SALE105053,Warranty Void
CLM016255,2021-04-03,SALE105060,Replaced
CLM016256,2024-07-07,SALE105061,Completed
CLM016257,2022-07-16,SALE105063,Replaced
CLM016258,2025-12-31,SALE105067,Replaced
CLM016259,2024-06-16,SALE105075,Warranty Void
CLM016260,2021-07-13,SALE105077,Pending
CLM016261,2020-03-24,SALE105084,Completed
CLM016262,2023-05-04,SALE105085,Warranty Void
CLM016263,2024-02-29,SALE105091,Rejected
CLM016264,2024-04-21,SALE105099,Completed
CLM016265,2025-02-12,SALE105107,Replaced
CLM016266,2022-10-01,SALE105108,Replaced
CLM016267,2023-04-26,SALE105111,Paid Repaired
CLM016268,2022-10-29,SALE105160,Completed
CLM016269,2023-12-08,SALE105162,Pending
CLM016270,2021-03-10,SALE105171,Completed
CLM016271,2022-01-04,SALE105179,Completed
CLM016272,2025-12-31,SALE105184,Completed
CLM016273,2022-04-18,SALE105185,Rejected
CLM016274,2021-10-31,SALE105193,Warranty Void
CLM016275,2024-02-16,SALE105196,Pending
CLM016276,2022-01-18,SALE105199,Paid Repaired
CLM016277,2024-09-07,SALE105201,Replaced
CLM016278,2020-12-16,SALE105213,Replaced
CLM016279,2022-09-02,SALE105216,Paid Repaired
CLM016280,2023-05-20,SALE105218,Paid Repaired
CLM016281,2025-07-14,SALE105220,Completed
CLM016282,2022-07-11,SALE105224,Paid Repaired
CLM016283,2024-04-13,SALE105235,Completed
CLM016284,2020-06-06,SALE105239,Completed
CLM016285,2021-05-06,SALE105241,Completed
CLM016286,2024-08-19,SALE105242,Completed
CLM016287,2024-06-17,SALE105246,Completed
CLM016288,2024-11-07,SALE105253,Warranty Void
CLM016289,2023-01-17,SALE105256,Rejected
CLM016290,2021-02-15,SALE105257,Replaced
CLM016291,2023-04-29,SALE105271,Completed
CLM016292,2025-03-14,SALE105272,Completed
CLM016293,2022-07-05,SALE105277,Completed
CLM016294,2021-07-19,SALE105285,Completed
CLM016295,2022-11-28,SALE105287,Paid Repaired
CLM016296,2025-12-31,SALE105291,Replaced
CLM016297,2024-11-25,SALE105300,Pending
CLM016298,2021-11-17,SALE105303,Completed
CLM016299,2023-04-09,SALE105306,Warranty Void
CLM016300,2024-03-25,SALE105307,Pending
CLM016301,2022-03-07,SALE105328,Pending
CLM016302,2023-02-07,SALE105331,Pending
CLM016303,2022-12-05,SALE105332,Replaced
CLM016304,2022-10-24,SALE105340,Pending
CLM016305,2023-05-14,SALE105349,Completed
CLM016306,2022-06-10,SALE105350,Warranty Void
CLM016307,2024-02-25,SALE105354,Completed
CLM016308,2022-07-06,SALE105357,Completed
CLM016309,2025-11-30,SALE105361,Completed
CLM016310,2025-04-09,SALE105375,Rejected
CLM016311,2021-01-07,SALE105379,Replaced
CLM016312,2024-06-09,SALE105381,Paid Repaired
CLM016313,2022-06-25,SALE105382,Replaced
CLM016314,2021-05-21,SALE105389,Rejected
CLM016315,2020-08-24,SALE105394,Rejected
CLM016316,2024-12-01,SALE105396,Warranty Void
CLM016317,2021-09-26,SALE105398,Paid Repaired
CLM016318,2023-07-20,SALE105404,Completed
CLM016319,2020-11-15,SALE105410,Warranty Void
CLM016320,2021-01-11,SALE105416,Completed
CLM016321,2021-06-03,SALE105422,Rejected
CLM016322,2024-07-27,SALE105426,Completed
CLM016323,2023-06-14,SALE105427,Paid Repaired
CLM016324,2022-07-05,SALE105435,Replaced
CLM016325,2025-12-31,SALE105443,Replaced
CLM016326,2024-11-04,SALE105446,Paid Repaired
CLM016327,2025-06-27,SALE105448,Replaced
CLM016328,2023-01-02,SALE105449,Paid Repaired
CLM016329,2024-10-01,SALE105459,Replaced
CLM016330,2020-11-11,SALE105461,Paid Repaired
CLM016331,2023-12-20,SALE105463,Completed
CLM016332,2020-05-11,SALE105464,Completed
CLM016333,2025-12-31,SALE105466,Pending
CLM016334,2021-10-14,SALE105472,Replaced
CLM016335,2024-11-26,SALE105482,Completed
CLM016336,2025-07-06,SALE105486,Warranty Void
CLM016337,2022-03-01,SALE105487,Completed
CLM016338,2021-10-21,SALE105493,Completed
CLM016339,2024-05-15,SALE105494,Paid Repaired
CLM016340,2021-12-16,SALE105504,Completed
CLM016341,2021-09-18,SALE105507,Replaced
CLM016342,2022-04-29,SALE105511,Replaced
CLM016343,2021-08-27,SALE105518,Pending
CLM016344,2024-10-21,SALE105519,Warranty Void
CLM016345,2025-06-17,SALE105520,Completed
CLM016346,2021-05-24,SALE105521,Completed
CLM016347,2024-03-24,SALE105525,Completed
CLM016348,2025-06-28,SALE105527,Replaced
CLM016349,2022-03-21,SALE105536,Replaced
CLM016350,2022-05-06,SALE105548,Rejected
CLM016351,2022-04-22,SALE105549,Replaced
CLM016352,2024-02-04,SALE105554,Completed
CLM016353,2024-08-05,SALE105559,Rejected
CLM016354,2021-02-01,SALE105577,Completed
CLM016355,2022-07-25,SALE105582,Completed
CLM016356,2022-03-14,SALE105597,Completed
CLM016357,2025-09-28,SALE105600,Rejected
CLM016358,2022-10-30,SALE105609,Completed
CLM016359,2025-09-23,SALE105620,Completed
CLM016360,2022-07-24,SALE105625,Paid Repaired
CLM016361,2023-02-18,SALE105628,Replaced
CLM016362,2023-01-13,SALE105630,Completed
CLM016363,2023-09-05,SALE105635,Completed
CLM016364,2023-12-16,SALE105643,Completed
CLM016365,2021-09-01,SALE105644,Warranty Void
CLM016366,2023-04-15,SALE105655,Replaced
CLM016367,2022-10-26,SALE105663,Replaced
CLM016368,2021-07-26,SALE105667,Paid Repaired
CLM016369,2022-03-20,SALE105683,Completed
CLM016370,2024-05-21,SALE105692,Completed
CLM016371,2023-12-07,SALE105716,Warranty Void
CLM016372,2025-12-31,SALE105719,Warranty Void
CLM016373,2025-07-06,SALE105722,Replaced
CLM016374,2022-10-11,SALE105723,Paid Repaired
CLM016375,2024-06-01,SALE105725,Completed
CLM016376,2021-06-09,SALE105727,Completed
CLM016377,2024-02-27,SALE105738,Completed
CLM016378,2020-12-15,SALE105744,Completed
CLM016379,2022-02-04,SALE105751,Completed
CLM016380,2022-02-04,SALE105753,Pending
CLM016381,2025-12-31,SALE105755,Completed
CLM016382,2024-03-26,SALE105772,Paid Repaired
CLM016383,2022-12-15,SALE105775,Completed
CLM016384,2024-01-31,SALE105787,Replaced
CLM016385,2021-06-02,SALE105789,Rejected
CLM016386,2023-12-14,SALE105792,Paid Repaired
CLM016387,2022-10-28,SALE105795,Completed
CLM016388,2021-09-15,SALE105808,Pending
CLM016389,2022-06-29,SALE105813,Completed
CLM016390,2024-10-28,SALE105817,Pending
CLM016391,2023-09-29,SALE105819,Pending
CLM016392,2021-11-23,SALE105821,Replaced
CLM016393,2024-06-25,SALE105825,Completed
CLM016394,2024-10-21,SALE105834,Replaced
CLM016395,2023-04-27,SALE105843,Paid Repaired
CLM016396,2024-04-22,SALE105871,Paid Repaired
CLM016397,2025-07-18,SALE105872,Completed
CLM016398,2024-05-16,SALE105884,Replaced
CLM016399,2021-12-30,SALE105885,Replaced
CLM016400,2025-05-20,SALE105887,Completed
CLM016401,2022-12-18,SALE105895,Pending
CLM016402,2023-03-31,SALE105900,Completed
CLM016403,2021-12-20,SALE105906,Warranty Void
CLM016404,2023-11-15,SALE105907,Replaced
CLM016405,2023-04-13,SALE105913,Completed
CLM016406,2025-01-02,SALE105919,Rejected
CLM016407,2023-02-25,SALE105922,Rejected
CLM016408,2023-04-28,SALE105941,Completed
CLM016409,2020-06-24,SALE105948,Pending
CLM016410,2022-06-18,SALE105953,Rejected
CLM016411,2021-06-06,SALE105954,Pending
CLM016412,2020-08-08,SALE105959,Warranty Void
CLM016413,2023-02-20,SALE105963,Rejected
CLM016414,2021-08-19,SALE105980,Completed
CLM016415,2023-09-11,SALE105996,Replaced
CLM016416,2023-06-10,SALE106003,Completed
CLM016417,2025-09-05,SALE106037,Completed
CLM016418,2020-08-04,SALE106041,Replaced
CLM016419,2023-08-31,SALE106047,Paid Repaired
CLM016420,2023-02-12,SALE106053,Completed
CLM016421,2024-03-24,SALE106057,Completed
CLM016422,2024-03-11,SALE106060,Paid Repaired
CLM016423,2023-11-03,SALE106073,Completed
CLM016424,2024-09-07,SALE106077,Completed
CLM016425,2021-11-03,SALE106081,Replaced
CLM016426,2024-12-22,SALE106089,Completed
CLM016427,2021-12-13,SALE106094,Completed
CLM016428,2021-07-24,SALE106096,Warranty Void
CLM016429,2022-08-04,SALE106108,Completed
CLM016430,2023-03-23,SALE106112,Pending
CLM016431,2023-03-16,SALE106117,Paid Repaired
CLM016432,2025-08-11,SALE106132,Replaced
CLM016433,2021-04-18,SALE106138,Completed
CLM016434,2021-07-29,SALE106158,Pending
CLM016435,2020-11-22,SALE106159,Replaced
CLM016436,2022-02-11,SALE106168,Paid Repaired
CLM016437,2023-10-10,SALE106171,Completed
CLM016438,2023-02-23,SALE106176,Replaced
CLM016439,2023-03-06,SALE106177,Rejected
CLM016440,2022-12-12,SALE106186,Completed
CLM016441,2022-08-15,SALE106187,Warranty Void
CLM016442,2022-01-04,SALE106191,Paid Repaired
CLM016443,2025-12-31,SALE106195,Completed
CLM016444,2022-07-31,SALE106196,Replaced
CLM016445,2022-08-12,SALE106202,Replaced
CLM016446,2021-06-13,SALE106211,Paid Repaired
CLM016447,2024-03-20,SALE106214,Replaced
CLM016448,2024-04-27,SALE106215,Replaced
CLM016449,2025-05-07,SALE106219,Paid Repaired
CLM016450,2024-06-16,SALE106221,Paid Repaired
CLM016451,2024-04-14,SALE106227,Pending
CLM016452,2023-07-28,SALE106229,Completed
CLM016453,2024-11-18,SALE106236,Paid Repaired
CLM016454,2021-12-06,SALE106242,Completed
CLM016455,2024-01-11,SALE106247,Completed
CLM016456,2022-02-13,SALE106248,Warranty Void
CLM016457,2024-02-24,SALE106254,Pending
CLM016458,2024-01-20,SALE106258,Replaced
CLM016459,2023-03-31,SALE106270,Paid Repaired
CLM016460,2023-11-19,SALE106271,Replaced
CLM016461,2023-06-23,SALE106279,Completed
CLM016462,2025-07-06,SALE106281,Replaced
CLM016463,2023-06-01,SALE106283,Paid Repaired
CLM016464,2024-10-16,SALE106289,Pending
CLM016465,2020-08-19,SALE106298,Rejected
CLM016466,2023-04-15,SALE106306,Rejected
CLM016467,2020-03-19,SALE106309,Completed
CLM016468,2025-12-12,SALE106313,Replaced
CLM016469,2021-09-28,SALE106343,Completed
CLM016470,2025-07-18,SALE106344,Completed
CLM016471,2023-01-13,SALE106347,Completed
CLM016472,2020-09-09,SALE106351,Rejected
CLM016473,2021-12-01,SALE106354,Paid Repaired
CLM016474,2024-03-02,SALE106355,Replaced
CLM016475,2025-12-31,SALE106362,Completed
CLM016476,2022-01-23,SALE106365,Completed
CLM016477,2024-10-22,SALE106372,Paid Repaired
CLM016478,2025-12-31,SALE106378,Completed
CLM016479,2024-09-30,SALE106383,Paid Repaired
CLM016480,2023-03-21,SALE106387,Completed
CLM016481,2021-01-17,SALE106392,Paid Repaired
CLM016482,2023-09-30,SALE106393,Replaced
CLM016483,2024-03-23,SALE106398,Completed
CLM016484,2021-11-30,SALE106399,Warranty Void
CLM016485,2022-07-14,SALE106400,Completed
CLM016486,2023-12-21,SALE106410,Replaced
CLM016487,2021-08-23,SALE106419,Completed
CLM016488,2021-10-08,SALE106422,Completed
CLM016489,2024-02-15,SALE106431,Paid Repaired
CLM016490,2023-11-14,SALE106435,Replaced
CLM016491,2024-09-09,SALE106440,Warranty Void
CLM016492,2021-08-27,SALE106445,Paid Repaired
CLM016493,2025-12-31,SALE106452,Completed
CLM016494,2021-10-30,SALE106459,Replaced
CLM016495,2024-08-15,SALE106462,Replaced
CLM016496,2024-03-11,SALE106464,Replaced
CLM016497,2023-08-15,SALE106485,Completed
CLM016498,2021-02-03,SALE106488,Warranty Void
CLM016499,2025-12-31,SALE106494,Completed
CLM016500,2022-04-16,SALE106503,Rejected
CLM016501,2025-11-04,SALE106513,Paid Repaired
CLM016502,2020-11-17,SALE106514,Replaced
CLM016503,2022-09-20,SALE106519,Completed
CLM016504,2024-09-28,SALE106521,Replaced
CLM016505,2025-12-31,SALE106526,Replaced
CLM016506,2023-01-06,SALE106528,Paid Repaired
CLM016507,2024-06-03,SALE106531,Completed
CLM016508,2024-09-27,SALE106534,Replaced
CLM016509,2021-12-25,SALE106547,Completed
CLM016510,2025-12-31,SALE106558,Replaced
CLM016511,2024-01-04,SALE106560,Warranty Void
CLM016512,2022-03-18,SALE106567,Pending
CLM016513,2020-10-09,SALE106578,Paid Repaired
CLM016514,2023-04-02,SALE106579,Completed
CLM016515,2023-06-29,SALE106581,Paid Repaired
CLM016516,2025-11-30,SALE106603,Completed
CLM016517,2022-03-09,SALE106605,Completed
CLM016518,2021-11-07,SALE106606,Rejected
CLM016519,2022-03-09,SALE106610,Paid Repaired
CLM016520,2025-01-31,SALE106613,Paid Repaired
CLM016521,2020-09-20,SALE106617,Completed
CLM016522,2022-04-28,SALE106628,Completed
CLM016523,2025-12-31,SALE106649,Replaced
CLM016524,2022-01-08,SALE106663,Completed
CLM016525,2025-01-01,SALE106669,Completed
CLM016526,2023-12-11,SALE106673,Completed
CLM016527,2021-03-28,SALE106706,Paid Repaired
CLM016528,2023-11-03,SALE106711,Pending
CLM016529,2020-08-02,SALE106732,Completed
CLM016530,2022-04-14,SALE106740,Replaced
CLM016531,2022-06-01,SALE106748,Rejected
CLM016532,2024-08-24,SALE106750,Completed
CLM016533,2020-11-08,SALE106751,Pending
CLM016534,2024-09-13,SALE106761,Completed
CLM016535,2024-09-18,SALE106764,Completed
CLM016536,2024-12-21,SALE106771,Completed
CLM016537,2023-04-07,SALE106774,Completed
CLM016538,2023-07-14,SALE106778,Completed
CLM016539,2025-01-18,SALE106782,Paid Repaired
CLM016540,2025-12-31,SALE106787,Completed
CLM016541,2024-09-28,SALE106793,Completed
CLM016542,2025-05-24,SALE106796,Completed
CLM016543,2021-10-10,SALE106806,Completed
CLM016544,2025-07-13,SALE106814,Completed
CLM016545,2022-07-06,SALE106822,Pending
CLM016546,2025-05-25,SALE106844,Completed
CLM016547,2024-07-19,SALE106845,Completed
CLM016548,2022-12-15,SALE106846,Paid Repaired
CLM016549,2023-10-26,SALE106860,Paid Repaired
CLM016550,2024-11-01,SALE106862,Replaced
CLM016551,2024-03-09,SALE106863,Pending
CLM016552,2022-09-06,SALE106865,Completed
CLM016553,2023-08-28,SALE106866,Pending
CLM016554,2025-07-26,SALE106867,Replaced
CLM016555,2023-01-18,SALE106869,Rejected
CLM016556,2021-12-22,SALE106872,Completed
CLM016557,2022-02-12,SALE106873,Replaced
CLM016558,2024-04-05,SALE106884,Paid Repaired
CLM016559,2021-09-23,SALE106890,Pending
CLM016560,2023-01-04,SALE106893,Completed
CLM016561,2021-12-08,SALE106905,Completed
CLM016562,2023-11-23,SALE106907,Completed
CLM016563,2025-12-31,SALE106912,Replaced
CLM016564,2023-03-29,SALE106913,Paid Repaired
CLM016565,2025-11-10,SALE106936,Completed
CLM016566,2023-09-25,SALE106948,Completed
CLM016567,2022-05-06,SALE106952,Warranty Void
CLM016568,2025-01-31,SALE106953,Paid Repaired
CLM016569,2023-03-12,SALE106955,Paid Repaired
CLM016570,2025-08-10,SALE106959,Completed
CLM016571,2024-11-05,SALE106962,Pending
CLM016572,2025-07-18,SALE106963,Replaced
CLM016573,2025-08-30,SALE106969,Completed
CLM016574,2023-06-12,SALE106979,Warranty Void
CLM016575,2022-05-21,SALE106981,Replaced
CLM016576,2021-05-25,SALE106987,Paid Repaired
CLM016577,2021-12-14,SALE106990,Replaced
CLM016578,2024-10-12,SALE106996,Warranty Void
CLM016579,2020-11-23,SALE107004,Completed
CLM016580,2023-10-08,SALE107013,Replaced
CLM016581,2023-01-10,SALE107023,Replaced
CLM016582,2021-07-23,SALE107025,Completed
CLM016583,2024-06-30,SALE107026,Replaced
CLM016584,2021-04-22,SALE107036,Warranty Void
CLM016585,2025-07-13,SALE107041,Replaced
CLM016586,2023-01-02,SALE107045,Completed
CLM016587,2025-07-20,SALE107058,Completed
CLM016588,2025-10-13,SALE107062,Completed
CLM016589,2025-12-31,SALE107066,Completed
CLM016590,2023-04-20,SALE107072,Completed
CLM016591,2023-11-06,SALE107080,Completed
CLM016592,2025-02-17,SALE107082,Replaced
CLM016593,2023-10-24,SALE107084,Completed
CLM016594,2023-12-20,SALE107085,Completed
CLM016595,2025-03-01,SALE107091,Completed
CLM016596,2023-06-09,SALE107102,Replaced
CLM016597,2022-04-21,SALE107104,Completed
CLM016598,2024-12-25,SALE107105,Warranty Void
CLM016599,2025-03-22,SALE107106,Completed
CLM016600,2024-09-12,SALE107116,Completed
CLM016601,2022-11-05,SALE107125,Completed
CLM016602,2024-05-25,SALE107127,Replaced
CLM016603,2025-04-16,SALE107128,Paid Repaired
CLM016604,2021-11-27,SALE107132,Completed
CLM016605,2025-09-08,SALE107135,Paid Repaired
CLM016606,2021-04-13,SALE107139,Completed
CLM016607,2020-11-07,SALE107143,Replaced
CLM016608,2024-05-05,SALE107144,Completed
CLM016609,2024-04-12,SALE107149,Completed
CLM016610,2022-01-23,SALE107157,Replaced
CLM016611,2025-12-31,SALE107176,Completed
CLM016612,2023-06-03,SALE107179,Pending
CLM016613,2023-02-11,SALE107180,Completed
CLM016614,2020-11-12,SALE107195,Completed
CLM016615,2023-01-18,SALE107202,Completed
CLM016616,2020-12-10,SALE107203,Replaced
CLM016617,2021-08-28,SALE107210,Completed
CLM016618,2022-07-10,SALE107216,Completed
CLM016619,2025-09-24,SALE107230,Replaced
CLM016620,2025-02-25,SALE107241,Completed
CLM016621,2025-02-16,SALE107242,Completed
CLM016622,2023-10-10,SALE107247,Paid Repaired
CLM016623,2021-07-25,SALE107262,Rejected
CLM016624,2025-12-15,SALE107266,Pending
CLM016625,2025-07-15,SALE107269,Completed
CLM016626,2021-02-17,SALE107276,Completed
CLM016627,2024-11-03,SALE107280,Pending
CLM016628,2025-12-31,SALE107285,Rejected
CLM016629,2025-07-16,SALE107290,Paid Repaired
CLM016630,2025-01-21,SALE107295,Paid Repaired
CLM016631,2025-01-18,SALE107305,Pending
CLM016632,2024-07-15,SALE107317,Completed
CLM016633,2023-05-29,SALE107318,Paid Repaired
CLM016634,2025-10-30,SALE107321,Warranty Void
CLM016635,2024-07-09,SALE107346,Pending
CLM016636,2023-11-02,SALE107347,Completed
CLM016637,2022-11-21,SALE107362,Paid Repaired
CLM016638,2022-07-02,SALE107369,Pending
CLM016639,2025-07-29,SALE107371,Completed
CLM016640,2025-07-26,SALE107372,Completed
CLM016641,2021-08-06,SALE107374,Completed
CLM016642,2025-12-31,SALE107387,Pending
CLM016643,2022-06-15,SALE107397,Completed
CLM016644,2021-10-28,SALE107399,Replaced
CLM016645,2022-03-21,SALE107402,Completed
CLM016646,2025-07-06,SALE107414,Warranty Void
CLM016647,2025-05-05,SALE107415,Pending
CLM016648,2023-09-13,SALE107417,Completed
CLM016649,2023-02-02,SALE107422,Completed
CLM016650,2024-05-26,SALE107445,Warranty Void
CLM016651,2023-01-07,SALE107448,Completed
CLM016652,2025-06-23,SALE107458,Paid Repaired
CLM016653,2020-07-30,SALE107460,Completed
CLM016654,2025-05-21,SALE107466,Replaced
CLM016655,2024-06-06,SALE107467,Completed
CLM016656,2021-05-03,SALE107480,Warranty Void
CLM016657,2025-12-31,SALE107489,Rejected
CLM016658,2025-09-05,SALE107495,Rejected
CLM016659,2025-04-11,SALE107496,Completed
CLM016660,2022-03-31,SALE107500,Completed
CLM016661,2024-06-09,SALE107511,Completed
CLM016662,2024-07-20,SALE107513,Paid Repaired
CLM016663,2022-05-12,SALE107518,Pending
CLM016664,2023-08-04,SALE107519,Completed
CLM016665,2022-05-15,SALE107524,Pending
CLM016666,2024-04-28,SALE107549,Completed
CLM016667,2024-07-07,SALE107551,Completed
CLM016668,2025-03-14,SALE107552,Completed
CLM016669,2022-11-28,SALE107565,Paid Repaired
CLM016670,2024-02-19,SALE107576,Warranty Void
CLM016671,2022-12-07,SALE107588,Warranty Void
CLM016672,2023-11-18,SALE107595,Pending
CLM016673,2020-09-16,SALE107599,Completed
CLM016674,2023-05-09,SALE107606,Completed
CLM016675,2024-06-16,SALE107608,Warranty Void
CLM016676,2021-04-05,SALE107612,Completed
CLM016677,2020-11-03,SALE107618,Completed
CLM016678,2020-08-13,SALE107619,Completed
CLM016679,2023-02-19,SALE107627,Completed
CLM016680,2020-12-22,SALE107628,Completed
CLM016681,2020-07-05,SALE107634,Warranty Void
CLM016682,2023-04-21,SALE107641,Replaced
CLM016683,2024-08-08,SALE107646,Completed
CLM016684,2025-07-18,SALE107649,Completed
CLM016685,2022-04-28,SALE107651,Completed
CLM016686,2024-07-12,SALE107653,Completed
CLM016687,2025-04-02,SALE107657,Paid Repaired
CLM016688,2025-02-13,SALE107659,Paid Repaired
CLM016689,2024-09-08,SALE107670,Completed
CLM016690,2025-12-31,SALE107674,Rejected
CLM016691,2025-02-11,SALE107676,Completed
CLM016692,2023-10-14,SALE107680,Completed
CLM016693,2024-08-30,SALE107687,Completed
CLM016694,2024-05-24,SALE107697,Completed
CLM016695,2022-11-05,SALE107700,Completed
CLM016696,2025-04-03,SALE107703,Completed
CLM016697,2022-08-19,SALE107709,Pending
CLM016698,2024-09-16,SALE107722,Rejected
CLM016699,2022-06-05,SALE107728,Replaced
CLM016700,2023-01-02,SALE107733,Paid Repaired
CLM016701,2024-07-30,SALE107735,Completed
CLM016702,2023-01-05,SALE107755,Pending
CLM016703,2022-05-15,SALE107758,Replaced
CLM016704,2022-08-23,SALE107759,Replaced
CLM016705,2021-12-07,SALE107768,Paid Repaired
CLM016706,2025-06-30,SALE107791,Completed
CLM016707,2025-04-30,SALE107795,Completed
CLM016708,2023-11-06,SALE107798,Pending
CLM016709,2021-06-04,SALE107802,Completed
CLM016710,2025-02-05,SALE107825,Pending
CLM016711,2022-12-21,SALE107828,Completed
CLM016712,2024-11-19,SALE107834,Paid Repaired
CLM016713,2023-03-17,SALE107843,Completed
CLM016714,2025-12-31,SALE107853,Replaced
CLM016715,2025-12-31,SALE107866,Paid Repaired
CLM016716,2025-02-27,SALE107870,Completed
CLM016717,2024-09-24,SALE107871,Completed
CLM016718,2022-10-26,SALE107879,Completed
CLM016719,2025-08-25,SALE107884,Replaced
CLM016720,2022-07-14,SALE107888,Paid Repaired
CLM016721,2022-12-23,SALE107891,Completed
CLM016722,2025-12-31,SALE107893,Paid Repaired
CLM016723,2024-09-04,SALE107898,Paid Repaired
CLM016724,2022-01-12,SALE107913,Replaced
CLM016725,2025-04-19,SALE107919,Completed
CLM016726,2020-05-22,SALE107922,Replaced
CLM016727,2024-03-25,SALE107929,Completed
CLM016728,2021-02-08,SALE107934,Completed
CLM016729,2022-07-15,SALE107940,Completed
CLM016730,2021-11-13,SALE107944,Pending
CLM016731,2022-09-24,SALE107949,Completed
CLM016732,2021-02-16,SALE107952,Rejected
CLM016733,2024-03-25,SALE107956,Replaced
CLM016734,2024-02-02,SALE107960,Rejected
CLM016735,2025-10-14,SALE107963,Completed
CLM016736,2024-06-28,SALE107969,Pending
CLM016737,2024-05-15,SALE107982,Replaced
CLM016738,2023-11-08,SALE107983,Completed
CLM016739,2022-01-14,SALE107987,Completed
CLM016740,2021-06-30,SALE107988,Completed
CLM016741,2024-12-11,SALE107990,Paid Repaired
CLM016742,2024-07-27,SALE107998,Completed
CLM016743,2021-02-16,SALE108010,Paid Repaired
CLM016744,2020-12-20,SALE108018,Completed
CLM016745,2020-12-30,SALE108022,Replaced
CLM016746,2025-12-31,SALE108046,Completed
CLM016747,2023-12-12,SALE108047,Completed
CLM016748,2025-11-11,SALE108048,Replaced
CLM016749,2023-08-11,SALE108060,Completed
CLM016750,2025-05-30,SALE108070,Completed
CLM016751,2025-01-03,SALE108079,Rejected
CLM016752,2024-07-23,SALE108082,Replaced
CLM016753,2021-10-10,SALE108083,Completed
CLM016754,2020-08-12,SALE108089,Completed
CLM016755,2022-11-11,SALE108096,Paid Repaired
CLM016756,2024-08-11,SALE108098,Paid Repaired
CLM016757,2021-10-14,SALE108105,Completed
CLM016758,2023-02-12,SALE108111,Completed
CLM016759,2023-03-04,SALE108113,Completed
CLM016760,2022-02-08,SALE108122,Completed
CLM016761,2021-07-19,SALE108125,Completed
CLM016762,2021-12-08,SALE108126,Completed
CLM016763,2022-07-07,SALE108132,Paid Repaired
CLM016764,2023-12-20,SALE108153,Paid Repaired
CLM016765,2022-07-24,SALE108156,Completed
CLM016766,2022-03-04,SALE108157,Rejected
CLM016767,2020-02-14,SALE108160,Pending
CLM016768,2024-09-26,SALE108161,Pending
CLM016769,2021-12-07,SALE108163,Completed
CLM016770,2024-09-18,SALE108180,Pending
CLM016771,2022-02-20,SALE108183,Replaced
CLM016772,2023-08-03,SALE108184,Replaced
CLM016773,2023-04-12,SALE108188,Warranty Void
CLM016774,2022-02-14,SALE108192,Paid Repaired
CLM016775,2025-06-22,SALE108194,Replaced
CLM016776,2023-01-04,SALE108195,Rejected
CLM016777,2022-10-21,SALE108205,Completed
CLM016778,2021-02-05,SALE108211,Completed
CLM016779,2025-05-20,SALE108212,Completed
CLM016780,2024-12-18,SALE108214,Rejected
CLM016781,2025-04-20,SALE108224,Replaced
CLM016782,2024-02-28,SALE108228,Completed
CLM016783,2022-10-13,SALE108229,Completed
CLM016784,2024-04-23,SALE108233,Pending
CLM016785,2024-08-28,SALE108236,Completed
CLM016786,2025-12-31,SALE108237,Paid Repaired
CLM016787,2021-08-17,SALE108249,Completed
CLM016788,2021-08-26,SALE108255,Replaced
CLM016789,2024-02-24,SALE108261,Completed
CLM016790,2025-12-31,SALE108264,Completed
CLM016791,2024-08-31,SALE108269,Rejected
CLM016792,2024-02-13,SALE108270,Replaced
CLM016793,2023-05-02,SALE108272,Replaced
CLM016794,2025-06-30,SALE108288,Warranty Void
CLM016795,2021-04-09,SALE108296,Rejected
CLM016796,2024-04-25,SALE108297,Replaced
CLM016797,2023-03-11,SALE108304,Rejected
CLM016798,2025-08-09,SALE108309,Completed
CLM016799,2023-04-07,SALE108311,Completed
CLM016800,2025-01-10,SALE108312,Paid Repaired
CLM016801,2024-05-03,SALE108314,Completed
CLM016802,2021-08-24,SALE108317,Replaced
CLM016803,2021-12-13,SALE108318,Paid Repaired
CLM016804,2025-07-16,SALE108319,Rejected
CLM016805,2022-05-14,SALE108320,Paid Repaired
CLM016806,2025-01-24,SALE108326,Completed
CLM016807,2024-08-22,SALE108327,Paid Repaired
CLM016808,2021-03-12,SALE108336,Paid Repaired
CLM016809,2021-10-06,SALE108354,Completed
CLM016810,2022-03-02,SALE108376,Completed
CLM016811,2021-09-26,SALE108385,Pending
CLM016812,2025-01-21,SALE108395,Rejected
CLM016813,2021-03-20,SALE108397,Paid Repaired
CLM016814,2023-02-02,SALE108398,Pending
CLM016815,2024-02-01,SALE108404,Completed
CLM016816,2021-05-16,SALE108415,Rejected
CLM016817,2021-06-26,SALE108418,Completed
CLM016818,2024-06-21,SALE108424,Paid Repaired
CLM016819,2025-12-31,SALE108428,Replaced
CLM016820,2022-12-04,SALE108433,Warranty Void
CLM016821,2022-05-06,SALE108436,Completed
CLM016822,2021-10-20,SALE108452,Warranty Void
CLM016823,2020-10-18,SALE108455,Replaced
CLM016824,2023-02-20,SALE108462,Completed
CLM016825,2022-07-30,SALE108479,Replaced
CLM016826,2022-03-16,SALE108486,Completed
CLM016827,2022-03-10,SALE108491,Completed
CLM016828,2022-11-07,SALE108497,Paid Repaired
CLM016829,2022-04-11,SALE108508,Pending
CLM016830,2025-08-28,SALE108514,Completed
CLM016831,2020-05-15,SALE108518,Completed
CLM016832,2023-03-30,SALE108521,Warranty Void
CLM016833,2022-06-15,SALE108523,Replaced
CLM016834,2023-05-19,SALE108527,Warranty Void
CLM016835,2022-07-23,SALE108531,Paid Repaired
CLM016836,2024-03-01,SALE108532,Completed
CLM016837,2023-06-17,SALE108534,Completed
CLM016838,2024-06-15,SALE108549,Pending
CLM016839,2024-11-27,SALE108550,Completed
CLM016840,2024-02-22,SALE108565,Completed
CLM016841,2021-03-18,SALE108568,Paid Repaired
CLM016842,2023-12-31,SALE108571,Completed
CLM016843,2023-01-23,SALE108573,Completed
CLM016844,2025-12-31,SALE108585,Paid Repaired
CLM016845,2023-05-24,SALE108591,Warranty Void
CLM016846,2023-06-15,SALE108593,Completed
CLM016847,2025-10-22,SALE108594,Warranty Void
CLM016848,2024-12-31,SALE108600,Completed
CLM016849,2021-12-18,SALE108608,Pending
CLM016850,2020-11-30,SALE108610,Completed
CLM016851,2024-12-31,SALE108619,Pending
CLM016852,2023-10-30,SALE108620,Replaced
CLM016853,2021-01-18,SALE108623,Pending
CLM016854,2022-08-16,SALE108633,Completed
CLM016855,2025-11-06,SALE108635,Completed
CLM016856,2024-10-14,SALE108636,Completed
CLM016857,2022-09-12,SALE108637,Completed
CLM016858,2023-07-21,SALE108654,Warranty Void
CLM016859,2025-12-31,SALE108659,Replaced
CLM016860,2023-04-18,SALE108665,Completed
CLM016861,2023-09-18,SALE108666,Warranty Void
CLM016862,2024-06-13,SALE108677,Completed
CLM016863,2021-05-25,SALE108682,Paid Repaired
CLM016864,2025-11-15,SALE108684,Completed
CLM016865,2021-04-24,SALE108694,Rejected
CLM016866,2023-06-14,SALE108700,Completed
CLM016867,2023-06-12,SALE108703,Completed
CLM016868,2023-10-13,SALE108709,Pending
CLM016869,2024-01-24,SALE108717,Replaced
CLM016870,2021-06-09,SALE108721,Paid Repaired
CLM016871,2020-08-05,SALE108722,Replaced
CLM016872,2024-01-24,SALE108731,Pending
CLM016873,2025-01-23,SALE108732,Rejected
CLM016874,2025-06-18,SALE108733,Completed
CLM016875,2025-11-04,SALE108743,Completed
CLM016876,2022-02-16,SALE108744,Pending
CLM016877,2023-08-11,SALE108745,Completed
CLM016878,2025-03-18,SALE108753,Warranty Void
CLM016879,2024-11-03,SALE108756,Pending
CLM016880,2024-03-27,SALE108759,Replaced
CLM016881,2025-10-20,SALE108766,Replaced
CLM016882,2023-06-29,SALE108788,Paid Repaired
CLM016883,2025-12-31,SALE108794,Rejected
CLM016884,2024-12-18,SALE108798,Completed
CLM016885,2025-11-23,SALE108803,Completed
CLM016886,2021-06-11,SALE108805,Completed
CLM016887,2021-11-20,SALE108809,Replaced
CLM016888,2025-03-23,SALE108813,Completed
CLM016889,2024-11-23,SALE108817,Pending
CLM016890,2024-04-04,SALE108820,Completed
CLM016891,2025-06-02,SALE108823,Completed
CLM016892,2022-08-23,SALE108832,Replaced
CLM016893,2021-03-10,SALE108838,Paid Repaired
CLM016894,2025-04-15,SALE108845,Completed
CLM016895,2025-04-19,SALE108848,Completed
CLM016896,2023-04-28,SALE108851,Paid Repaired
CLM016897,2025-09-21,SALE108856,Completed
CLM016898,2025-09-21,SALE108864,Paid Repaired
CLM016899,2024-06-22,SALE108874,Completed
CLM016900,2025-12-31,SALE108885,Completed
CLM016901,2023-09-15,SALE108892,Completed
CLM016902,2024-01-18,SALE108895,Completed
CLM016903,2022-11-05,SALE108903,Completed
CLM016904,2021-11-09,SALE108905,Paid Repaired
CLM016905,2022-08-11,SALE108917,Completed
CLM016906,2020-06-23,SALE108918,Completed
CLM016907,2023-10-17,SALE108922,Pending
CLM016908,2022-09-04,SALE108930,Completed
CLM016909,2021-09-18,SALE108932,Paid Repaired
CLM016910,2021-10-01,SALE108935,Completed
CLM016911,2024-11-22,SALE108939,Paid Repaired
CLM016912,2025-03-21,SALE108943,Pending
CLM016913,2021-07-09,SALE108945,Paid Repaired
CLM016914,2025-02-19,SALE108946,Completed
CLM016915,2022-11-07,SALE108948,Completed
CLM016916,2024-09-04,SALE108949,Pending
CLM016917,2021-08-01,SALE108953,Completed
CLM016918,2022-01-26,SALE108957,Completed
CLM016919,2022-05-12,SALE108963,Paid Repaired
CLM016920,2020-10-08,SALE108967,Rejected
CLM016921,2023-08-31,SALE108974,Completed
CLM016922,2024-04-17,SALE108976,Paid Repaired
CLM016923,2025-07-27,SALE108981,Paid Repaired
CLM016924,2025-12-31,SALE108990,Replaced
CLM016925,2021-03-05,SALE109000,Completed
CLM016926,2023-09-18,SALE109002,Warranty Void
CLM016927,2025-07-10,SALE109005,Warranty Void
CLM016928,2022-05-16,SALE109012,Completed
CLM016929,2022-11-01,SALE109015,Completed
CLM016930,2025-12-31,SALE109030,Completed
CLM016931,2021-11-24,SALE109037,Paid Repaired
CLM016932,2023-05-21,SALE109042,Completed
CLM016933,2023-06-07,SALE109051,Completed
CLM016934,2025-05-10,SALE109060,Warranty Void
CLM016935,2024-09-16,SALE109070,Replaced
CLM016936,2024-01-28,SALE109093,Completed
CLM016937,2023-04-05,SALE109095,Replaced
CLM016938,2021-05-07,SALE109114,Warranty Void
CLM016939,2025-01-27,SALE109122,Pending
CLM016940,2022-10-30,SALE109123,Replaced
CLM016941,2025-05-31,SALE109127,Pending
CLM016942,2023-05-19,SALE109128,Replaced
CLM016943,2024-10-01,SALE109141,Completed
CLM016944,2022-11-21,SALE109144,Completed
CLM016945,2022-09-12,SALE109160,Paid Repaired
CLM016946,2022-05-12,SALE109170,Completed
CLM016947,2022-11-17,SALE109187,Paid Repaired
CLM016948,2021-04-05,SALE109193,Replaced
CLM016949,2025-02-10,SALE109197,Completed
CLM016950,2022-11-13,SALE109218,Pending
CLM016951,2025-06-29,SALE109220,Replaced
CLM016952,2022-09-22,SALE109221,Warranty Void
CLM016953,2021-09-02,SALE109223,Completed
CLM016954,2024-07-11,SALE109228,Replaced
CLM016955,2025-12-26,SALE109237,Completed
CLM016956,2022-06-15,SALE109247,Paid Repaired
CLM016957,2024-02-22,SALE109250,Warranty Void
CLM016958,2022-04-26,SALE109257,Completed
CLM016959,2024-06-22,SALE109263,Paid Repaired
CLM016960,2021-11-29,SALE109264,Pending
CLM016961,2025-12-31,SALE109267,Completed
CLM016962,2025-08-13,SALE109282,Replaced
CLM016963,2022-04-16,SALE109284,Paid Repaired
CLM016964,2025-09-05,SALE109297,Completed
CLM016965,2023-06-14,SALE109300,Replaced
CLM016966,2023-06-10,SALE109313,Pending
CLM016967,2022-10-26,SALE109317,Completed
CLM016968,2025-08-27,SALE109321,Completed
CLM016969,2025-12-31,SALE109328,Paid Repaired
CLM016970,2022-02-05,SALE109329,Replaced
CLM016971,2021-06-05,SALE109337,Completed
CLM016972,2022-11-25,SALE109371,Replaced
CLM016973,2024-05-27,SALE109379,Rejected
CLM016974,2023-07-04,SALE109381,Replaced
CLM016975,2025-08-09,SALE109383,Pending
CLM016976,2025-01-08,SALE109388,Paid Repaired
CLM016977,2025-10-13,SALE109391,Paid Repaired
CLM016978,2022-12-02,SALE109396,Replaced
CLM016979,2020-12-02,SALE109405,Completed
CLM016980,2023-03-24,SALE109409,Completed
CLM016981,2021-03-04,SALE109413,Completed
CLM016982,2024-07-06,SALE109430,Rejected
CLM016983,2023-04-30,SALE109433,Completed
CLM016984,2025-02-15,SALE109434,Completed
CLM016985,2024-03-27,SALE109439,Completed
CLM016986,2025-07-06,SALE109452,Completed
CLM016987,2022-02-19,SALE109456,Completed
CLM016988,2021-11-21,SALE109458,Replaced
CLM016989,2022-10-21,SALE109472,Replaced
CLM016990,2023-02-28,SALE109476,Replaced
CLM016991,2021-12-15,SALE109482,Completed
CLM016992,2022-10-06,SALE109499,Completed
CLM016993,2023-07-03,SALE109523,Replaced
CLM016994,2025-12-31,SALE109534,Completed
CLM016995,2024-07-26,SALE109537,Completed
CLM016996,2022-08-30,SALE109540,Completed
CLM016997,2023-11-12,SALE109541,Completed
CLM016998,2022-04-17,SALE109551,Completed
CLM016999,2024-11-23,SALE109558,Paid Repaired
CLM017000,2021-05-02,SALE109597,Rejected
CLM017001,2021-03-03,SALE109600,Warranty Void
CLM017002,2021-10-20,SALE109602,Completed
CLM017003,2021-03-24,SALE109611,Warranty Void
CLM017004,2025-01-30,SALE109615,Replaced
CLM017005,2022-11-30,SALE109621,Replaced
CLM017006,2024-02-07,SALE109626,Warranty Void
CLM017007,2021-04-10,SALE109636,Replaced
CLM017008,2024-07-03,SALE109649,Completed
CLM017009,2021-07-22,SALE109661,Replaced
CLM017010,2023-11-05,SALE109663,Warranty Void
CLM017011,2024-02-23,SALE109679,Completed
CLM017012,2024-07-10,SALE109682,Completed
CLM017013,2023-02-12,SALE109684,Replaced
CLM017014,2022-05-31,SALE109690,Paid Repaired
CLM017015,2021-05-08,SALE109697,Completed
CLM017016,2020-09-22,SALE109700,Replaced
CLM017017,2025-05-29,SALE109703,Paid Repaired
CLM017018,2021-11-25,SALE109706,Pending
CLM017019,2022-04-14,SALE109709,Completed
CLM017020,2023-08-09,SALE109723,Pending
CLM017021,2022-08-25,SALE109725,Replaced
CLM017022,2023-10-19,SALE109727,Replaced
CLM017023,2021-10-21,SALE109736,Paid Repaired
CLM017024,2022-05-13,SALE109738,Pending
CLM017025,2022-07-21,SALE109747,Replaced
CLM017026,2020-10-21,SALE109758,Completed
CLM017027,2025-12-31,SALE109765,Rejected
CLM017028,2021-07-10,SALE109767,Paid Repaired
CLM017029,2021-04-03,SALE109773,Replaced
CLM017030,2021-12-02,SALE109783,Replaced
CLM017031,2023-03-29,SALE109786,Paid Repaired
CLM017032,2021-06-13,SALE109789,Replaced
CLM017033,2024-03-20,SALE109793,Replaced
CLM017034,2020-09-18,SALE109800,Completed
CLM017035,2022-06-09,SALE109803,Completed
CLM017036,2024-01-21,SALE109805,Completed
CLM017037,2021-01-07,SALE109806,Completed
CLM017038,2025-05-27,SALE109808,Replaced
CLM017039,2021-09-05,SALE109825,Replaced
CLM017040,2024-10-28,SALE109829,Pending
CLM017041,2023-05-06,SALE109846,Warranty Void
CLM017042,2025-09-19,SALE109847,Completed
CLM017043,2023-03-23,SALE109851,Warranty Void
CLM017044,2025-01-26,SALE109855,Completed
CLM017045,2024-02-22,SALE109865,Completed
CLM017046,2025-05-15,SALE109876,Pending
CLM017047,2025-01-17,SALE109878,Pending
CLM017048,2025-11-08,SALE109880,Completed
CLM017049,2023-11-25,SALE109888,Completed
CLM017050,2024-07-20,SALE109891,Replaced
CLM017051,2025-07-31,SALE109893,Paid Repaired
CLM017052,2021-11-23,SALE109894,Paid Repaired
CLM017053,2023-10-16,SALE109907,Completed
CLM017054,2022-02-22,SALE109909,Completed
CLM017055,2025-05-24,SALE109913,Paid Repaired
CLM017056,2022-10-26,SALE109924,Completed
CLM017057,2024-04-19,SALE109936,Rejected
CLM017058,2021-05-20,SALE109939,Completed
CLM017059,2022-05-27,SALE109940,Warranty Void
CLM017060,2023-03-20,SALE109946,Completed
CLM017061,2025-03-05,SALE109950,Completed
CLM017062,2025-07-13,SALE109951,Completed
CLM017063,2024-12-05,SALE109954,Completed
CLM017064,2025-12-31,SALE109965,Warranty Void
CLM017065,2024-12-04,SALE109970,Completed
CLM017066,2021-08-09,SALE109979,Replaced
CLM017067,2025-07-18,SALE109989,Completed
CLM017068,2023-07-25,SALE110004,Replaced
CLM017069,2022-06-22,SALE110011,Completed
CLM017070,2022-04-22,SALE110025,Warranty Void
CLM017071,2023-10-11,SALE110031,Completed
CLM017072,2021-06-05,SALE110037,Completed
CLM017073,2024-12-11,SALE110041,Replaced
CLM017074,2023-04-03,SALE110047,Rejected
CLM017075,2024-08-06,SALE110059,Completed
CLM017076,2021-08-01,SALE110070,Completed
CLM017077,2021-03-14,SALE110085,Pending
CLM017078,2023-10-22,SALE110086,Replaced
CLM017079,2021-10-17,SALE110091,Completed
CLM017080,2025-12-31,SALE110092,Completed
CLM017081,2025-08-21,SALE110095,Completed
CLM017082,2025-12-31,SALE110096,Completed
CLM017083,2025-11-21,SALE110121,Replaced
CLM017084,2023-02-24,SALE110134,Pending
CLM017085,2020-05-23,SALE110139,Replaced
CLM017086,2022-08-25,SALE110142,Completed
CLM017087,2024-09-05,SALE110143,Completed
CLM017088,2024-11-10,SALE110146,Paid Repaired
CLM017089,2021-04-02,SALE110161,Completed
CLM017090,2022-12-01,SALE110163,Pending
CLM017091,2022-10-31,SALE110164,Paid Repaired
CLM017092,2025-07-11,SALE110168,Pending
CLM017093,2024-09-05,SALE110171,Rejected
CLM017094,2025-12-31,SALE110176,Rejected
CLM017095,2022-06-24,SALE110186,Paid Repaired
CLM017096,2023-06-26,SALE110225,Completed
CLM017097,2023-05-25,SALE110226,Completed
CLM017098,2021-05-02,SALE110227,Replaced
CLM017099,2022-01-16,SALE110230,Completed
CLM017100,2020-09-22,SALE110231,Completed
CLM017101,2024-01-01,SALE110232,Pending
CLM017102,2022-08-09,SALE110240,Pending
CLM017103,2025-01-12,SALE110242,Replaced
CLM017104,2025-12-31,SALE110243,Warranty Void
CLM017105,2025-12-11,SALE110249,Completed
CLM017106,2025-12-31,SALE110250,Replaced
CLM017107,2022-07-26,SALE110264,Pending
CLM017108,2020-07-01,SALE110265,Replaced
CLM017109,2023-10-30,SALE110269,Completed
CLM017110,2024-12-25,SALE110275,Replaced
CLM017111,2025-02-14,SALE110277,Completed
CLM017112,2023-01-21,SALE110283,Rejected
CLM017113,2020-10-26,SALE110284,Paid Repaired
CLM017114,2024-12-22,SALE110286,Pending
CLM017115,2023-09-01,SALE110289,Completed
CLM017116,2023-03-22,SALE110299,Completed
CLM017117,2022-01-20,SALE110302,Replaced
CLM017118,2021-09-04,SALE110306,Rejected
CLM017119,2024-03-07,SALE110312,Replaced
CLM017120,2021-04-23,SALE110354,Replaced
CLM017121,2024-07-22,SALE110368,Completed
CLM017122,2025-03-09,SALE110382,Completed
CLM017123,2025-12-31,SALE110384,Completed
CLM017124,2020-11-10,SALE110392,Replaced
CLM017125,2023-07-30,SALE110394,Pending
CLM017126,2024-11-17,SALE110395,Completed
CLM017127,2024-07-22,SALE110396,Paid Repaired
CLM017128,2022-02-27,SALE110406,Completed
CLM017129,2023-07-02,SALE110409,Warranty Void
CLM017130,2022-12-14,SALE110421,Paid Repaired
CLM017131,2023-01-12,SALE110427,Completed
CLM017132,2022-06-10,SALE110431,Replaced
CLM017133,2020-07-09,SALE110434,Completed
CLM017134,2024-01-26,SALE110448,Paid Repaired
CLM017135,2024-08-05,SALE110453,Completed
CLM017136,2025-12-31,SALE110459,Completed
CLM017137,2023-01-31,SALE110471,Completed
CLM017138,2021-05-25,SALE110476,Paid Repaired
CLM017139,2025-01-14,SALE110479,Paid Repaired
CLM017140,2025-10-29,SALE110486,Completed
CLM017141,2024-04-30,SALE110490,Paid Repaired
CLM017142,2023-02-23,SALE110492,Completed
CLM017143,2024-02-24,SALE110496,Completed
CLM017144,2025-09-18,SALE110497,Paid Repaired
CLM017145,2025-08-02,SALE110502,Completed
CLM017146,2025-12-31,SALE110506,Warranty Void
CLM017147,2023-01-16,SALE110507,Rejected
CLM017148,2025-11-22,SALE110508,Warranty Void
CLM017149,2025-12-31,SALE110516,Completed
CLM017150,2021-01-02,SALE110522,Replaced
CLM017151,2024-12-08,SALE110536,Completed
CLM017152,2025-05-12,SALE110543,Completed
CLM017153,2024-11-17,SALE110545,Completed
CLM017154,2021-12-06,SALE110548,Completed
CLM017155,2022-07-09,SALE110549,Completed
CLM017156,2023-02-12,SALE110555,Paid Repaired
CLM017157,2025-02-13,SALE110562,Completed
CLM017158,2023-07-19,SALE110564,Paid Repaired
CLM017159,2022-07-15,SALE110566,Paid Repaired
CLM017160,2021-08-26,SALE110580,Completed
CLM017161,2023-04-15,SALE110597,Warranty Void
CLM017162,2022-09-25,SALE110607,Completed
CLM017163,2024-08-14,SALE110611,Completed
CLM017164,2022-02-19,SALE110614,Rejected
CLM017165,2021-12-27,SALE110616,Completed
CLM017166,2022-06-17,SALE110618,Completed
CLM017167,2023-03-15,SALE110633,Replaced
CLM017168,2023-08-04,SALE110638,Pending
CLM017169,2024-05-28,SALE110643,Pending
CLM017170,2022-12-31,SALE110645,Completed
CLM017171,2023-05-23,SALE110655,Replaced
CLM017172,2022-04-16,SALE110665,Completed
CLM017173,2023-11-07,SALE110668,Completed
CLM017174,2025-12-12,SALE110695,Replaced
CLM017175,2022-10-19,SALE110698,Replaced
CLM017176,2023-12-29,SALE110700,Paid Repaired
CLM017177,2025-07-14,SALE110703,Completed
CLM017178,2025-12-31,SALE110714,Pending
CLM017179,2024-06-02,SALE110724,Pending
CLM017180,2023-09-18,SALE110729,Completed
CLM017181,2023-05-27,SALE110736,Completed
CLM017182,2022-01-16,SALE110759,Completed
CLM017183,2023-11-25,SALE110770,Paid Repaired
CLM017184,2025-12-31,SALE110784,Paid Repaired
CLM017185,2021-02-26,SALE110788,Replaced
CLM017186,2023-10-03,SALE110792,Replaced
CLM017187,2022-10-22,SALE110794,Replaced
CLM017188,2023-03-31,SALE110806,Pending
CLM017189,2021-08-09,SALE110817,Pending
CLM017190,2022-01-23,SALE110821,Completed
CLM017191,2025-06-06,SALE110825,Completed
CLM017192,2021-05-29,SALE110832,Paid Repaired
CLM017193,2024-01-08,SALE110835,Completed
CLM017194,2021-02-20,SALE110840,Completed
CLM017195,2024-04-30,SALE110842,Completed
CLM017196,2025-02-27,SALE110859,Paid Repaired
CLM017197,2025-01-17,SALE110866,Completed
CLM017198,2022-07-22,SALE110868,Paid Repaired
CLM017199,2021-05-01,SALE110877,Completed
CLM017200,2023-01-10,SALE110881,Warranty Void
CLM017201,2022-07-11,SALE110890,Paid Repaired
CLM017202,2021-01-06,SALE110903,Warranty Void
CLM017203,2023-02-19,SALE110907,Replaced
CLM017204,2025-05-09,SALE110908,Completed
CLM017205,2024-09-23,SALE110913,Completed
CLM017206,2022-03-07,SALE110914,Replaced
CLM017207,2022-08-08,SALE110918,Warranty Void
CLM017208,2020-07-17,SALE110921,Completed
CLM017209,2025-12-10,SALE110925,Completed
CLM017210,2021-03-20,SALE110933,Warranty Void
CLM017211,2022-02-10,SALE110938,Completed
CLM017212,2025-02-21,SALE110953,Completed
CLM017213,2022-11-22,SALE110975,Completed
CLM017214,2021-02-14,SALE110979,Warranty Void
CLM017215,2020-02-29,SALE110982,Completed
CLM017216,2025-08-03,SALE110986,Pending
CLM017217,2022-10-02,SALE110989,Warranty Void
CLM017218,2024-10-04,SALE110995,Completed
CLM017219,2021-08-31,SALE111004,Completed
CLM017220,2022-10-27,SALE111023,Completed
CLM017221,2023-08-28,SALE111028,Completed
CLM017222,2023-11-26,SALE111057,Completed
CLM017223,2021-01-12,SALE111077,Replaced
CLM017224,2024-11-04,SALE111096,Pending
CLM017225,2020-07-02,SALE111098,Replaced
CLM017226,2021-11-10,SALE111101,Warranty Void
CLM017227,2021-07-14,SALE111103,Completed
CLM017228,2022-02-16,SALE111108,Replaced
CLM017229,2024-01-22,SALE111109,Completed
CLM017230,2022-12-04,SALE111110,Completed
CLM017231,2025-02-09,SALE111120,Completed
CLM017232,2023-10-11,SALE111123,Paid Repaired
CLM017233,2025-12-31,SALE111127,Completed
CLM017234,2023-01-25,SALE111137,Completed
CLM017235,2025-05-18,SALE111142,Replaced
CLM017236,2024-05-28,SALE111149,Paid Repaired
CLM017237,2025-12-31,SALE111158,Completed
CLM017238,2024-04-24,SALE111166,Rejected
CLM017239,2025-09-04,SALE111180,Warranty Void
CLM017240,2025-04-21,SALE111189,Warranty Void
CLM017241,2022-03-02,SALE111194,Warranty Void
CLM017242,2025-08-12,SALE111202,Pending
CLM017243,2025-10-27,SALE111209,Completed
CLM017244,2023-02-17,SALE111211,Pending
CLM017245,2024-05-29,SALE111221,Completed
CLM017246,2023-10-13,SALE111223,Completed
CLM017247,2021-04-25,SALE111235,Rejected
CLM017248,2022-07-01,SALE111240,Paid Repaired
CLM017249,2024-11-21,SALE111243,Completed
CLM017250,2025-06-04,SALE111245,Replaced
CLM017251,2024-01-21,SALE111251,Completed
CLM017252,2022-02-17,SALE111259,Warranty Void
CLM017253,2021-05-23,SALE111266,Warranty Void
CLM017254,2025-09-04,SALE111268,Completed
CLM017255,2023-04-16,SALE111269,Completed
CLM017256,2021-02-23,SALE111280,Paid Repaired
CLM017257,2025-11-02,SALE111282,Paid Repaired
CLM017258,2023-03-21,SALE111291,Rejected
CLM017259,2024-12-25,SALE111296,Completed
CLM017260,2022-08-11,SALE111301,Completed
CLM017261,2022-11-05,SALE111314,Replaced
CLM017262,2021-05-02,SALE111317,Completed
CLM017263,2025-10-23,SALE111322,Completed
CLM017264,2021-12-07,SALE111339,Completed
CLM017265,2025-12-31,SALE111347,Completed
CLM017266,2021-11-28,SALE111352,Completed
CLM017267,2022-12-11,SALE111357,Pending
CLM017268,2023-02-21,SALE111358,Completed
CLM017269,2023-01-29,SALE111365,Replaced
CLM017270,2023-09-30,SALE111366,Completed
CLM017271,2024-03-14,SALE111368,Paid Repaired
CLM017272,2022-04-20,SALE111369,Completed
CLM017273,2022-12-29,SALE111373,Completed
CLM017274,2022-09-10,SALE111381,Pending
CLM017275,2025-12-02,SALE111390,Paid Repaired
CLM017276,2025-12-31,SALE111392,Completed
CLM017277,2022-10-18,SALE111409,Completed
CLM017278,2023-02-13,SALE111412,Pending
CLM017279,2022-03-30,SALE111413,Replaced
CLM017280,2022-01-26,SALE111418,Completed
CLM017281,2022-07-03,SALE111420,Pending
CLM017282,2025-06-15,SALE111430,Replaced
CLM017283,2025-04-21,SALE111437,Completed
CLM017284,2023-09-23,SALE111447,Completed
CLM017285,2024-02-28,SALE111451,Warranty Void
CLM017286,2023-11-04,SALE111454,Replaced
CLM017287,2023-01-08,SALE111459,Pending
CLM017288,2021-07-14,SALE111471,Completed
CLM017289,2022-07-05,SALE111486,Rejected
CLM017290,2025-02-20,SALE111487,Replaced
CLM017291,2024-03-26,SALE111488,Completed
CLM017292,2025-11-06,SALE111502,Completed
CLM017293,2023-03-12,SALE111505,Completed
CLM017294,2023-04-29,SALE111506,Replaced
CLM017295,2023-01-10,SALE111521,Completed
CLM017296,2021-09-05,SALE111525,Paid Repaired
CLM017297,2022-02-12,SALE111530,Warranty Void
CLM017298,2023-09-01,SALE111532,Completed
CLM017299,2025-02-04,SALE111536,Completed
CLM017300,2023-07-09,SALE111539,Completed
CLM017301,2023-09-30,SALE111543,Replaced
CLM017302,2023-08-22,SALE111549,Replaced
CLM017303,2021-03-09,SALE111553,Replaced
CLM017304,2024-12-18,SALE111554,Completed
CLM017305,2025-12-31,SALE111571,Completed
CLM017306,2024-07-29,SALE111572,Replaced
CLM017307,2023-11-06,SALE111575,Paid Repaired
CLM017308,2021-12-09,SALE111597,Pending
CLM017309,2024-07-20,SALE111598,Paid Repaired
CLM017310,2021-02-06,SALE111599,Completed
CLM017311,2025-03-27,SALE111603,Pending
CLM017312,2024-11-04,SALE111604,Rejected
CLM017313,2024-07-31,SALE111608,Replaced
CLM017314,2022-02-21,SALE111612,Pending
CLM017315,2022-11-13,SALE111616,Completed
CLM017316,2023-12-13,SALE111636,Completed
CLM017317,2025-01-30,SALE111647,Completed
CLM017318,2020-02-06,SALE111651,Completed
CLM017319,2021-09-02,SALE111655,Completed
CLM017320,2023-11-09,SALE111683,Rejected
CLM017321,2024-03-23,SALE111694,Completed
CLM017322,2025-05-18,SALE111700,Rejected
CLM017323,2022-07-28,SALE111709,Paid Repaired
CLM017324,2024-01-02,SALE111718,Completed
CLM017325,2025-12-28,SALE111719,Completed
CLM017326,2024-04-30,SALE111720,Warranty Void
CLM017327,2025-06-18,SALE111722,Replaced
CLM017328,2023-02-18,SALE111734,Completed
CLM017329,2024-07-18,SALE111741,Replaced
CLM017330,2024-12-08,SALE111745,Paid Repaired
CLM017331,2024-01-25,SALE111750,Warranty Void
CLM017332,2023-12-16,SALE111753,Paid Repaired
CLM017333,2023-11-19,SALE111760,Replaced
CLM017334,2022-05-09,SALE111763,Replaced
CLM017335,2024-06-23,SALE111770,Completed
CLM017336,2024-11-17,SALE111773,Completed
CLM017337,2023-04-25,SALE111774,Completed
CLM017338,2021-01-08,SALE111778,Replaced
CLM017339,2021-07-03,SALE111783,Completed
CLM017340,2023-02-06,SALE111792,Pending
CLM017341,2023-07-05,SALE111802,Paid Repaired
CLM017342,2025-12-31,SALE111805,Completed
CLM017343,2021-05-16,SALE111814,Pending
CLM017344,2021-03-06,SALE111821,Replaced
CLM017345,2021-12-17,SALE111822,Completed
CLM017346,2024-12-01,SALE111827,Replaced
CLM017347,2022-11-28,SALE111832,Completed
CLM017348,2025-08-04,SALE111838,Pending
CLM017349,2024-05-19,SALE111840,Replaced
CLM017350,2025-08-26,SALE111841,Replaced
CLM017351,2024-10-23,SALE111848,Completed
CLM017352,2024-08-26,SALE111851,Completed
CLM017353,2021-09-27,SALE111856,Completed
CLM017354,2025-12-31,SALE111865,Replaced
CLM017355,2025-03-31,SALE111876,Pending
CLM017356,2025-04-26,SALE111884,Rejected
CLM017357,2023-03-25,SALE111885,Replaced
CLM017358,2025-05-19,SALE111899,Completed
CLM017359,2024-11-28,SALE111901,Completed
CLM017360,2023-05-07,SALE111903,Completed
CLM017361,2024-08-11,SALE111905,Paid Repaired
CLM017362,2021-11-15,SALE111907,Paid Repaired
CLM017363,2024-01-13,SALE111912,Paid Repaired
CLM017364,2022-11-24,SALE111914,Rejected
CLM017365,2025-02-23,SALE111927,Replaced
CLM017366,2025-05-04,SALE111928,Replaced
CLM017367,2022-01-05,SALE111930,Completed
CLM017368,2023-09-05,SALE111947,Replaced
CLM017369,2021-09-14,SALE111950,Completed
CLM017370,2022-07-21,SALE111951,Pending
CLM017371,2021-01-24,SALE111953,Completed
CLM017372,2021-07-11,SALE111955,Completed
CLM017373,2024-07-10,SALE111958,Paid Repaired
CLM017374,2025-12-31,SALE111960,Completed
CLM017375,2025-10-31,SALE111962,Completed
CLM017376,2023-03-13,SALE111964,Replaced
CLM017377,2022-10-12,SALE111965,Completed
CLM017378,2023-01-16,SALE111981,Rejected
CLM017379,2021-11-15,SALE111984,Warranty Void
CLM017380,2020-07-14,SALE112000,Paid Repaired
CLM017381,2021-07-23,SALE112007,Warranty Void
CLM017382,2022-08-15,SALE112013,Completed
CLM017383,2023-03-28,SALE112015,Completed
CLM017384,2022-07-29,SALE112018,Completed
CLM017385,2021-03-11,SALE112030,Completed
CLM017386,2025-12-31,SALE112047,Warranty Void
CLM017387,2021-11-09,SALE112055,Completed
CLM017388,2020-06-02,SALE112056,Paid Repaired
CLM017389,2020-12-17,SALE112059,Replaced
CLM017390,2020-12-08,SALE112069,Completed
CLM017391,2023-08-24,SALE112075,Completed
CLM017392,2024-04-27,SALE112077,Pending
CLM017393,2025-05-22,SALE112084,Replaced
CLM017394,2020-11-13,SALE112087,Completed
CLM017395,2025-10-11,SALE112091,Completed
CLM017396,2023-07-07,SALE112095,Paid Repaired
CLM017397,2025-12-31,SALE112103,Paid Repaired
CLM017398,2022-02-07,SALE112104,Warranty Void
CLM017399,2021-02-23,SALE112110,Pending
CLM017400,2025-11-06,SALE112111,Pending
CLM017401,2023-03-12,SALE112113,Completed
CLM017402,2021-02-25,SALE112121,Completed
CLM017403,2025-03-15,SALE112127,Warranty Void
CLM017404,2022-04-25,SALE112133,Completed
CLM017405,2024-09-10,SALE112136,Completed
CLM017406,2023-09-20,SALE112143,Completed
CLM017407,2025-09-12,SALE112144,Paid Repaired
CLM017408,2024-03-14,SALE112145,Pending
CLM017409,2024-12-29,SALE112148,Warranty Void
CLM017410,2024-08-22,SALE112161,Replaced
CLM017411,2024-10-01,SALE112165,Completed
CLM017412,2021-04-11,SALE112167,Completed
CLM017413,2022-07-25,SALE112169,Replaced
CLM017414,2020-08-09,SALE112179,Paid Repaired
CLM017415,2024-03-04,SALE112182,Completed
CLM017416,2021-09-21,SALE112183,Paid Repaired
CLM017417,2021-03-09,SALE112187,Completed
CLM017418,2021-10-21,SALE112189,Pending
CLM017419,2023-10-29,SALE112191,Rejected
CLM017420,2022-06-16,SALE112197,Replaced
CLM017421,2023-05-08,SALE112198,Completed
CLM017422,2025-10-28,SALE112199,Completed
CLM017423,2022-08-05,SALE112205,Completed
CLM017424,2023-03-29,SALE112212,Completed
CLM017425,2025-09-17,SALE112215,Replaced
CLM017426,2021-03-08,SALE112216,Completed
CLM017427,2022-01-11,SALE112218,Completed
CLM017428,2025-08-27,SALE112220,Pending
CLM017429,2024-01-21,SALE112228,Completed
CLM017430,2022-01-05,SALE112239,Warranty Void
CLM017431,2021-10-23,SALE112254,Replaced
CLM017432,2021-03-07,SALE112259,Pending
CLM017433,2025-08-09,SALE112260,Replaced
CLM017434,2022-02-25,SALE112277,Completed
CLM017435,2022-09-18,SALE112278,Completed
CLM017436,2025-01-15,SALE112279,Completed
CLM017437,2022-02-21,SALE112286,Completed
CLM017438,2025-05-27,SALE112287,Pending
CLM017439,2022-02-24,SALE112288,Completed
CLM017440,2023-12-28,SALE112295,Replaced
CLM017441,2025-03-20,SALE112301,Completed
CLM017442,2021-06-18,SALE112305,Paid Repaired
CLM017443,2025-12-16,SALE112312,Pending
CLM017444,2022-04-15,SALE112327,Pending
CLM017445,2022-05-22,SALE112332,Paid Repaired
CLM017446,2021-05-13,SALE112333,Completed
CLM017447,2024-07-29,SALE112342,Rejected
CLM017448,2021-06-05,SALE112343,Completed
CLM017449,2022-01-31,SALE112347,Paid Repaired
CLM017450,2023-12-10,SALE112353,Replaced
CLM017451,2024-09-18,SALE112355,Replaced
CLM017452,2023-12-22,SALE112356,Replaced
CLM017453,2024-09-28,SALE112362,Pending
CLM017454,2020-11-03,SALE112372,Paid Repaired
CLM017455,2024-09-28,SALE112376,Replaced
CLM017456,2023-11-18,SALE112380,Completed
CLM017457,2020-12-24,SALE112400,Completed
CLM017458,2020-12-06,SALE112421,Rejected
CLM017459,2023-10-03,SALE112424,Paid Repaired
CLM017460,2023-09-20,SALE112426,Completed
CLM017461,2024-10-14,SALE112438,Completed
CLM017462,2024-01-01,SALE112446,Pending
CLM017463,2023-06-09,SALE112457,Completed
CLM017464,2020-12-19,SALE112491,Replaced
CLM017465,2025-12-09,SALE112504,Rejected
CLM017466,2025-05-18,SALE112506,Paid Repaired
CLM017467,2023-05-23,SALE112519,Completed
CLM017468,2022-02-11,SALE112522,Paid Repaired
CLM017469,2023-12-26,SALE112537,Pending
CLM017470,2021-06-21,SALE112542,Paid Repaired
CLM017471,2025-05-11,SALE112555,Pending
CLM017472,2025-12-31,SALE112568,Completed
CLM017473,2023-09-15,SALE112569,Completed
CLM017474,2023-02-12,SALE112575,Pending
CLM017475,2025-04-11,SALE112583,Completed
CLM017476,2021-08-22,SALE112584,Completed
CLM017477,2024-12-31,SALE112591,Completed
CLM017478,2025-02-20,SALE112609,Completed
CLM017479,2025-04-02,SALE112624,Pending
CLM017480,2024-09-11,SALE112649,Replaced
CLM017481,2025-12-31,SALE112664,Completed
CLM017482,2025-08-09,SALE112673,Completed
CLM017483,2025-11-26,SALE112675,Paid Repaired
CLM017484,2021-06-25,SALE112678,Completed
CLM017485,2025-12-31,SALE112680,Paid Repaired
CLM017486,2021-08-31,SALE112684,Paid Repaired
CLM017487,2021-02-08,SALE112691,Rejected
CLM017488,2025-10-17,SALE112692,Paid Repaired
CLM017489,2022-01-31,SALE112694,Paid Repaired
CLM017490,2024-06-10,SALE112696,Completed
CLM017491,2025-12-31,SALE112713,Replaced
CLM017492,2020-12-15,SALE112714,Replaced
CLM017493,2023-08-28,SALE112719,Completed
CLM017494,2025-02-10,SALE112726,Completed
CLM017495,2021-04-03,SALE112727,Completed
CLM017496,2024-03-12,SALE112740,Completed
CLM017497,2023-05-13,SALE112750,Completed
CLM017498,2021-05-27,SALE112754,Pending
CLM017499,2023-04-11,SALE112760,Paid Repaired
CLM017500,2023-02-24,SALE112761,Replaced
CLM017501,2023-04-09,SALE112763,Completed
CLM017502,2022-04-06,SALE112778,Completed
CLM017503,2025-03-13,SALE112783,Completed
CLM017504,2022-04-06,SALE112785,Rejected
CLM017505,2023-04-28,SALE112795,Pending
CLM017506,2023-03-26,SALE112802,Paid Repaired
CLM017507,2021-03-04,SALE112803,Completed
CLM017508,2023-01-07,SALE112807,Paid Repaired
CLM017509,2021-11-21,SALE112809,Completed
CLM017510,2023-01-25,SALE112814,Replaced
CLM017511,2023-03-23,SALE112832,Completed
CLM017512,2025-02-13,SALE112833,Completed
CLM017513,2023-06-23,SALE112834,Completed
CLM017514,2023-06-25,SALE112849,Completed
CLM017515,2022-11-08,SALE112850,Completed
CLM017516,2022-01-08,SALE112853,Rejected
CLM017517,2023-05-08,SALE112854,Completed
CLM017518,2023-06-26,SALE112867,Warranty Void
CLM017519,2023-05-22,SALE112876,Replaced
CLM017520,2022-07-20,SALE112886,Rejected
CLM017521,2025-06-26,SALE112890,Completed
CLM017522,2025-12-31,SALE112897,Paid Repaired
CLM017523,2021-05-31,SALE112898,Rejected
CLM017524,2022-12-29,SALE112902,Completed
CLM017525,2025-11-28,SALE112903,Replaced
CLM017526,2023-06-07,SALE112910,Completed
CLM017527,2023-07-05,SALE112915,Completed
CLM017528,2022-02-12,SALE112930,Completed
CLM017529,2024-04-07,SALE112942,Completed
CLM017530,2025-03-22,SALE112944,Replaced
CLM017531,2020-12-19,SALE112950,Completed
CLM017532,2024-09-13,SALE112955,Completed
CLM017533,2023-02-03,SALE112956,Completed
CLM017534,2021-04-29,SALE112959,Replaced
CLM017535,2025-12-02,SALE112960,Completed
CLM017536,2023-12-25,SALE112963,Completed
CLM017537,2025-12-31,SALE112964,Warranty Void
CLM017538,2022-01-31,SALE112973,Replaced
CLM017539,2024-09-24,SALE112984,Completed
CLM017540,2022-05-01,SALE113025,Completed
CLM017541,2022-12-13,SALE113026,Completed
CLM017542,2022-03-31,SALE113030,Paid Repaired
CLM017543,2022-12-18,SALE113031,Completed
CLM017544,2025-11-02,SALE113037,Completed
CLM017545,2021-11-24,SALE113049,Replaced
CLM017546,2022-03-29,SALE113062,Pending
CLM017547,2025-01-23,SALE113065,Completed
CLM017548,2023-05-26,SALE113066,Pending
CLM017549,2025-12-31,SALE113076,Completed
CLM017550,2021-03-14,SALE113077,Replaced
CLM017551,2023-12-05,SALE113085,Rejected
CLM017552,2024-10-17,SALE113096,Pending
CLM017553,2022-09-19,SALE113097,Paid Repaired
CLM017554,2023-04-19,SALE113102,Paid Repaired
CLM017555,2023-02-08,SALE113107,Completed
CLM017556,2025-08-22,SALE113120,Replaced
CLM017557,2022-03-02,SALE113130,Completed
CLM017558,2022-03-13,SALE113134,Replaced
CLM017559,2022-03-30,SALE113136,Completed
CLM017560,2022-07-29,SALE113147,Paid Repaired
CLM017561,2021-02-17,SALE113158,Replaced
CLM017562,2024-04-26,SALE113169,Completed
CLM017563,2024-01-26,SALE113177,Replaced
CLM017564,2023-12-15,SALE113201,Paid Repaired
CLM017565,2021-06-26,SALE113212,Completed
CLM017566,2024-02-24,SALE113214,Warranty Void
CLM017567,2025-02-06,SALE113220,Completed
CLM017568,2021-08-27,SALE113230,Completed
CLM017569,2023-09-13,SALE113247,Completed
CLM017570,2022-05-07,SALE113249,Completed
CLM017571,2025-03-30,SALE113273,Pending
CLM017572,2021-11-21,SALE113278,Rejected
CLM017573,2023-06-09,SALE113279,Paid Repaired
CLM017574,2025-04-24,SALE113280,Completed
CLM017575,2023-04-03,SALE113282,Completed
CLM017576,2021-08-11,SALE113286,Paid Repaired
CLM017577,2024-08-15,SALE113287,Completed
CLM017578,2023-08-26,SALE113288,Completed
CLM017579,2024-04-24,SALE113301,Completed
CLM017580,2025-10-17,SALE113318,Pending
CLM017581,2024-01-27,SALE113323,Completed
CLM017582,2022-10-27,SALE113334,Rejected
CLM017583,2025-12-31,SALE113339,Completed
CLM017584,2021-09-22,SALE113347,Completed
CLM017585,2023-11-11,SALE113350,Pending
CLM017586,2021-12-25,SALE113351,Replaced
CLM017587,2025-04-18,SALE113362,Pending
CLM017588,2025-08-05,SALE113365,Pending
CLM017589,2023-03-09,SALE113381,Pending
CLM017590,2022-04-02,SALE113389,Pending
CLM017591,2021-12-21,SALE113401,Completed
CLM017592,2025-04-05,SALE113404,Paid Repaired
CLM017593,2021-06-16,SALE113413,Completed
CLM017594,2021-08-01,SALE113421,Completed
CLM017595,2025-12-31,SALE113436,Completed
CLM017596,2022-04-30,SALE113438,Pending
CLM017597,2025-12-31,SALE113443,Warranty Void
CLM017598,2021-01-14,SALE113448,Paid Repaired
CLM017599,2025-08-15,SALE113449,Completed
CLM017600,2022-02-12,SALE113450,Paid Repaired
CLM017601,2022-03-15,SALE113453,Paid Repaired
CLM017602,2022-11-21,SALE113478,Rejected
CLM017603,2023-03-04,SALE113487,Paid Repaired
CLM017604,2023-12-02,SALE113490,Paid Repaired
CLM017605,2025-01-20,SALE113501,Pending
CLM017606,2021-10-12,SALE113502,Replaced
CLM017607,2020-09-24,SALE113512,Paid Repaired
CLM017608,2023-05-27,SALE113521,Completed
CLM017609,2024-07-23,SALE113522,Completed
CLM017610,2024-05-09,SALE113527,Replaced
CLM017611,2025-08-14,SALE113528,Completed
CLM017612,2025-03-22,SALE113539,Replaced
CLM017613,2022-05-25,SALE113552,Completed
CLM017614,2025-08-29,SALE113559,Completed
CLM017615,2024-05-30,SALE113562,Replaced
CLM017616,2021-01-20,SALE113564,Replaced
CLM017617,2024-03-05,SALE113568,Warranty Void
CLM017618,2023-07-08,SALE113586,Replaced
CLM017619,2025-01-31,SALE113589,Completed
CLM017620,2020-09-16,SALE113603,Completed
CLM017621,2020-04-17,SALE113611,Completed
CLM017622,2021-04-09,SALE113612,Completed
CLM017623,2022-07-02,SALE113632,Completed
CLM017624,2023-06-29,SALE113633,Replaced
CLM017625,2021-10-08,SALE113638,Paid Repaired
CLM017626,2024-01-16,SALE113643,Completed
CLM017627,2022-02-10,SALE113645,Completed
CLM017628,2022-10-12,SALE113652,Replaced
CLM017629,2023-09-07,SALE113662,Pending
CLM017630,2021-01-17,SALE113673,Completed
CLM017631,2022-02-22,SALE113677,Completed
CLM017632,2020-09-07,SALE113679,Completed
CLM017633,2022-10-12,SALE113688,Completed
CLM017634,2023-02-07,SALE113694,Warranty Void
CLM017635,2022-01-31,SALE113704,Paid Repaired
CLM017636,2024-04-04,SALE113715,Warranty Void
CLM017637,2023-01-23,SALE113717,Warranty Void
CLM017638,2024-05-29,SALE113735,Completed
CLM017639,2022-03-05,SALE113749,Paid Repaired
CLM017640,2025-06-04,SALE113753,Completed
CLM017641,2024-01-06,SALE113754,Completed
CLM017642,2022-08-10,SALE113759,Pending
CLM017643,2024-10-13,SALE113763,Paid Repaired
CLM017644,2021-07-20,SALE113771,Paid Repaired
CLM017645,2023-08-29,SALE113775,Replaced
CLM017646,2024-02-08,SALE113784,Paid Repaired
CLM017647,2022-11-19,SALE113800,Rejected
CLM017648,2024-04-18,SALE113804,Paid Repaired
CLM017649,2025-12-31,SALE113818,Completed
CLM017650,2025-05-28,SALE113820,Completed
CLM017651,2022-01-09,SALE113829,Pending
CLM017652,2025-03-20,SALE113842,Completed
CLM017653,2022-12-17,SALE113849,Completed
CLM017654,2023-02-14,SALE113853,Pending
CLM017655,2024-12-14,SALE113856,Rejected
CLM017656,2023-11-14,SALE113873,Paid Repaired
CLM017657,2025-07-12,SALE113876,Replaced
CLM017658,2023-06-08,SALE113883,Warranty Void
CLM017659,2023-01-07,SALE113904,Completed
CLM017660,2024-08-13,SALE113905,Completed
CLM017661,2023-09-22,SALE113912,Paid Repaired
CLM017662,2022-05-02,SALE113917,Completed
CLM017663,2024-07-09,SALE113919,Completed
CLM017664,2023-08-31,SALE113927,Replaced
CLM017665,2021-05-28,SALE113928,Replaced
CLM017666,2025-11-19,SALE113932,Completed
CLM017667,2024-02-20,SALE113936,Warranty Void
CLM017668,2021-06-19,SALE113940,Completed
CLM017669,2025-12-31,SALE113955,Completed
CLM017670,2021-04-14,SALE113956,Replaced
CLM017671,2021-08-23,SALE113962,Completed
CLM017672,2020-10-25,SALE113981,Rejected
CLM017673,2021-08-09,SALE113995,Completed
CLM017674,2021-02-05,SALE114002,Warranty Void
CLM017675,2024-07-09,SALE114005,Paid Repaired
CLM017676,2024-12-24,SALE114011,Completed
CLM017677,2023-01-03,SALE114021,Paid Repaired
CLM017678,2022-05-10,SALE114031,Completed
CLM017679,2024-06-10,SALE114039,Warranty Void
CLM017680,2024-03-10,SALE114042,Completed
CLM017681,2024-02-11,SALE114052,Completed
CLM017682,2021-05-06,SALE114114,Pending
CLM017683,2022-09-09,SALE114124,Replaced
CLM017684,2025-04-19,SALE114135,Pending
CLM017685,2023-07-15,SALE114137,Completed
CLM017686,2022-01-30,SALE114141,Pending
CLM017687,2024-04-28,SALE114144,Replaced
CLM017688,2024-12-02,SALE114145,Completed
CLM017689,2023-05-01,SALE114150,Completed
CLM017690,2024-01-08,SALE114156,Rejected
CLM017691,2022-03-19,SALE114159,Completed
CLM017692,2023-05-30,SALE114172,Paid Repaired
CLM017693,2025-12-31,SALE114174,Pending
CLM017694,2023-04-17,SALE114176,Paid Repaired
CLM017695,2024-08-21,SALE114187,Rejected
CLM017696,2025-07-05,SALE114198,Completed
CLM017697,2025-11-21,SALE114200,Pending
CLM017698,2021-11-25,SALE114203,Paid Repaired
CLM017699,2024-03-08,SALE114207,Replaced
CLM017700,2025-12-31,SALE114212,Completed
CLM017701,2024-08-27,SALE114216,Replaced
CLM017702,2023-12-16,SALE114219,Completed
CLM017703,2023-11-28,SALE114221,Warranty Void
CLM017704,2022-04-03,SALE114246,Completed
CLM017705,2022-12-01,SALE114250,Replaced
CLM017706,2023-01-06,SALE114256,Replaced
CLM017707,2021-02-10,SALE114269,Completed
CLM017708,2020-05-06,SALE114291,Warranty Void
CLM017709,2025-12-31,SALE114296,Paid Repaired
CLM017710,2024-10-05,SALE114309,Completed
CLM017711,2025-11-12,SALE114320,Pending
CLM017712,2025-04-30,SALE114321,Replaced
CLM017713,2022-01-13,SALE114322,Paid Repaired
CLM017714,2023-05-25,SALE114346,Completed
CLM017715,2023-05-10,SALE114347,Rejected
CLM017716,2022-11-10,SALE114349,Replaced
CLM017717,2025-01-07,SALE114366,Completed
CLM017718,2024-04-25,SALE114367,Paid Repaired
CLM017719,2024-10-22,SALE114382,Completed
CLM017720,2022-01-18,SALE114385,Completed
CLM017721,2025-12-31,SALE114392,Replaced
CLM017722,2025-05-16,SALE114396,Paid Repaired
CLM017723,2020-09-06,SALE114397,Pending
CLM017724,2025-12-31,SALE114400,Completed
CLM017725,2025-04-14,SALE114409,Completed
CLM017726,2022-12-10,SALE114410,Completed
CLM017727,2021-07-13,SALE114415,Replaced
CLM017728,2020-11-12,SALE114425,Completed
CLM017729,2021-10-13,SALE114428,Warranty Void
CLM017730,2022-05-13,SALE114430,Completed
CLM017731,2025-10-23,SALE114448,Pending
CLM017732,2025-04-02,SALE114449,Completed
CLM017733,2025-12-31,SALE114452,Completed
CLM017734,2023-12-23,SALE114455,Replaced
CLM017735,2025-01-31,SALE114457,Completed
CLM017736,2022-10-13,SALE114475,Completed
CLM017737,2024-02-01,SALE114484,Paid Repaired
CLM017738,2025-10-17,SALE114485,Completed
CLM017739,2024-09-18,SALE114486,Rejected
CLM017740,2025-07-13,SALE114487,Completed
CLM017741,2025-12-31,SALE114498,Replaced
CLM017742,2023-05-04,SALE114502,Completed
CLM017743,2023-02-23,SALE114523,Warranty Void
CLM017744,2024-03-11,SALE114534,Paid Repaired
CLM017745,2022-12-05,SALE114540,Completed
CLM017746,2020-08-12,SALE114547,Paid Repaired
CLM017747,2023-10-19,SALE114559,Paid Repaired
CLM017748,2021-04-29,SALE114560,Replaced
CLM017749,2024-06-22,SALE114572,Pending
CLM017750,2021-06-13,SALE114573,Completed
CLM017751,2025-12-07,SALE114577,Completed
CLM017752,2024-10-28,SALE114578,Completed
CLM017753,2020-05-30,SALE114580,Completed
CLM017754,2021-03-26,SALE114590,Completed
CLM017755,2024-12-13,SALE114594,Replaced
CLM017756,2025-10-28,SALE114600,Replaced
CLM017757,2025-09-06,SALE114607,Paid Repaired
CLM017758,2020-12-04,SALE114611,Warranty Void
CLM017759,2025-05-17,SALE114613,Completed
CLM017760,2022-10-06,SALE114619,Rejected
CLM017761,2022-02-04,SALE114621,Warranty Void
CLM017762,2024-09-18,SALE114632,Completed
CLM017763,2021-11-10,SALE114633,Completed
CLM017764,2023-02-07,SALE114639,Completed
CLM017765,2023-12-20,SALE114658,Paid Repaired
CLM017766,2023-08-02,SALE114666,Warranty Void
CLM017767,2024-08-04,SALE114667,Replaced
CLM017768,2023-08-29,SALE114670,Completed
CLM017769,2021-11-09,SALE114675,Replaced
CLM017770,2025-08-28,SALE114677,Completed
CLM017771,2022-02-15,SALE114683,Completed
CLM017772,2023-11-04,SALE114688,Completed
CLM017773,2021-04-04,SALE114690,Paid Repaired
CLM017774,2024-02-11,SALE114694,Paid Repaired
CLM017775,2022-09-08,SALE114696,Completed
CLM017776,2025-04-12,SALE114698,Paid Repaired
CLM017777,2023-06-25,SALE114700,Paid Repaired
CLM017778,2024-05-10,SALE114709,Completed
CLM017779,2025-08-23,SALE114714,Replaced
CLM017780,2024-02-15,SALE114717,Completed
CLM017781,2025-09-05,SALE114734,Paid Repaired
CLM017782,2024-05-31,SALE114739,Pending
CLM017783,2020-08-23,SALE114740,Paid Repaired
CLM017784,2024-02-27,SALE114741,Completed
CLM017785,2024-02-17,SALE114743,Completed
CLM017786,2024-06-01,SALE114748,Pending
CLM017787,2025-05-28,SALE114759,Completed
CLM017788,2025-10-30,SALE114769,Warranty Void
CLM017789,2024-11-19,SALE114779,Completed
CLM017790,2025-08-21,SALE114781,Paid Repaired
CLM017791,2021-09-12,SALE114784,Completed
CLM017792,2025-02-02,SALE114803,Paid Repaired
CLM017793,2021-01-08,SALE114809,Completed
CLM017794,2020-12-13,SALE114817,Completed
CLM017795,2025-12-31,SALE114835,Replaced
CLM017796,2022-09-27,SALE114839,Replaced
CLM017797,2021-09-03,SALE114843,Replaced
CLM017798,2025-11-06,SALE114849,Paid Repaired
CLM017799,2025-01-24,SALE114858,Warranty Void
CLM017800,2022-01-01,SALE114863,Warranty Void
CLM017801,2023-07-18,SALE114867,Pending
CLM017802,2023-02-17,SALE114870,Completed
CLM017803,2024-08-08,SALE114873,Completed
CLM017804,2024-07-17,SALE114877,Completed
CLM017805,2025-10-06,SALE114878,Completed
CLM017806,2025-03-05,SALE114882,Replaced
CLM017807,2023-05-30,SALE114883,Completed
CLM017808,2023-09-30,SALE114906,Completed
CLM017809,2025-08-26,SALE114916,Completed
CLM017810,2021-10-09,SALE114927,Paid Repaired
CLM017811,2024-03-03,SALE114934,Rejected
CLM017812,2021-04-23,SALE114940,Paid Repaired
CLM017813,2023-05-11,SALE114949,Paid Repaired
CLM017814,2025-12-31,SALE114950,Completed
CLM017815,2021-08-29,SALE114956,Warranty Void
CLM017816,2024-07-30,SALE114957,Warranty Void
CLM017817,2025-03-06,SALE114962,Replaced
CLM017818,2025-08-07,SALE114964,Replaced
CLM017819,2022-08-09,SALE114977,Replaced
CLM017820,2025-12-31,SALE114978,Completed
CLM017821,2022-12-15,SALE114984,Warranty Void
CLM017822,2024-11-15,SALE114985,Completed
CLM017823,2025-12-31,SALE114990,Completed
CLM017824,2022-03-09,SALE115006,Pending
CLM017825,2025-02-07,SALE115016,Completed
CLM017826,2024-08-15,SALE115019,Completed
CLM017827,2025-09-09,SALE115025,Completed
CLM017828,2022-06-05,SALE115028,Completed
CLM017829,2022-04-02,SALE115035,Rejected
CLM017830,2022-08-24,SALE115047,Completed
CLM017831,2025-01-19,SALE115050,Completed
CLM017832,2023-10-23,SALE115053,Paid Repaired
CLM017833,2025-01-01,SALE115055,Warranty Void
CLM017834,2025-12-31,SALE115067,Replaced
CLM017835,2025-05-29,SALE115068,Completed
CLM017836,2021-06-09,SALE115069,Pending
CLM017837,2025-12-31,SALE115075,Paid Repaired
CLM017838,2023-01-30,SALE115076,Paid Repaired
CLM017839,2025-12-31,SALE115079,Paid Repaired
CLM017840,2023-03-06,SALE115083,Completed
CLM017841,2021-09-28,SALE115093,Completed
CLM017842,2025-12-31,SALE115098,Warranty Void
CLM017843,2025-04-12,SALE115117,Paid Repaired
CLM017844,2024-01-19,SALE115132,Warranty Void
CLM017845,2025-11-11,SALE115135,Completed
CLM017846,2024-04-25,SALE115150,Warranty Void
CLM017847,2023-07-07,SALE115153,Pending
CLM017848,2025-08-19,SALE115156,Paid Repaired
CLM017849,2025-04-24,SALE115160,Replaced
CLM017850,2025-12-31,SALE115161,Completed
CLM017851,2025-12-31,SALE115172,Completed
CLM017852,2023-11-10,SALE115173,Completed
CLM017853,2023-10-15,SALE115174,Pending
CLM017854,2023-07-24,SALE115178,Pending
CLM017855,2024-12-05,SALE115189,Replaced
CLM017856,2024-07-16,SALE115199,Completed
CLM017857,2023-11-07,SALE115205,Pending
CLM017858,2024-08-19,SALE115211,Replaced
CLM017859,2025-04-09,SALE115212,Rejected
CLM017860,2024-01-28,SALE115214,Paid Repaired
CLM017861,2024-04-18,SALE115215,Completed
CLM017862,2025-02-27,SALE115218,Pending
CLM017863,2023-01-16,SALE115220,Replaced
CLM017864,2025-12-31,SALE115221,Rejected
CLM017865,2023-10-15,SALE115223,Completed
CLM017866,2024-07-18,SALE115227,Completed
CLM017867,2021-07-11,SALE115240,Replaced
CLM017868,2023-11-19,SALE115245,Paid Repaired
CLM017869,2023-03-16,SALE115248,Replaced
CLM017870,2021-09-13,SALE115255,Completed
CLM017871,2024-05-08,SALE115256,Completed
CLM017872,2024-07-30,SALE115266,Replaced
CLM017873,2022-04-10,SALE115270,Pending
CLM017874,2021-02-27,SALE115281,Pending
CLM017875,2025-04-03,SALE115284,Pending
CLM017876,2024-07-20,SALE115287,Completed
CLM017877,2025-03-22,SALE115292,Completed
CLM017878,2023-04-19,SALE115302,Paid Repaired
CLM017879,2025-12-31,SALE115303,Pending
CLM017880,2024-09-12,SALE115304,Replaced
CLM017881,2022-05-02,SALE115307,Pending
CLM017882,2021-11-10,SALE115313,Completed
CLM017883,2022-04-03,SALE115317,Completed
CLM017884,2022-01-31,SALE115330,Completed
CLM017885,2022-06-27,SALE115338,Replaced
CLM017886,2025-04-27,SALE115345,Completed
CLM017887,2021-07-27,SALE115347,Completed
CLM017888,2021-08-31,SALE115352,Pending
CLM017889,2021-10-16,SALE115358,Replaced
CLM017890,2022-05-31,SALE115362,Completed
CLM017891,2022-01-19,SALE115373,Completed
CLM017892,2025-12-31,SALE115381,Completed
CLM017893,2025-02-04,SALE115383,Replaced
CLM017894,2024-04-14,SALE115387,Pending
CLM017895,2023-05-21,SALE115388,Pending
CLM017896,2023-03-15,SALE115394,Completed
CLM017897,2021-11-08,SALE115403,Completed
CLM017898,2023-04-22,SALE115406,Completed
CLM017899,2021-08-13,SALE115418,Completed
CLM017900,2021-06-20,SALE115422,Paid Repaired
CLM017901,2022-05-16,SALE115434,Warranty Void
CLM017902,2021-02-15,SALE115445,Pending
CLM017903,2021-09-18,SALE115447,Completed
CLM017904,2024-07-20,SALE115452,Completed
CLM017905,2023-08-09,SALE115457,Rejected
CLM017906,2021-11-30,SALE115460,Completed
CLM017907,2025-12-31,SALE115474,Completed
CLM017908,2025-10-07,SALE115482,Completed
CLM017909,2022-05-09,SALE115488,Paid Repaired
CLM017910,2021-10-04,SALE115494,Warranty Void
CLM017911,2023-01-04,SALE115496,Paid Repaired
CLM017912,2023-03-31,SALE115498,Completed
CLM017913,2021-06-09,SALE115505,Warranty Void
CLM017914,2024-09-28,SALE115510,Completed
CLM017915,2023-12-03,SALE115515,Completed
CLM017916,2023-11-24,SALE115517,Rejected
CLM017917,2024-07-08,SALE115518,Completed
CLM017918,2024-08-13,SALE115530,Paid Repaired
CLM017919,2025-09-09,SALE115534,Completed
CLM017920,2025-11-22,SALE115540,Completed
CLM017921,2021-10-21,SALE115555,Completed
CLM017922,2023-04-28,SALE115556,Completed
CLM017923,2024-11-21,SALE115557,Warranty Void
CLM017924,2025-05-17,SALE115563,Replaced
CLM017925,2024-11-21,SALE115571,Completed
CLM017926,2021-12-28,SALE115578,Completed
CLM017927,2024-12-12,SALE115580,Paid Repaired
CLM017928,2023-01-18,SALE115581,Replaced
CLM017929,2023-02-13,SALE115601,Completed
CLM017930,2021-04-14,SALE115610,Paid Repaired
CLM017931,2023-10-17,SALE115616,Completed
CLM017932,2025-07-07,SALE115628,Warranty Void
CLM017933,2023-05-06,SALE115630,Replaced
CLM017934,2025-06-02,SALE115631,Pending
CLM017935,2025-02-12,SALE115632,Completed
CLM017936,2023-10-05,SALE115652,Replaced
CLM017937,2025-08-01,SALE115656,Warranty Void
CLM017938,2021-09-02,SALE115659,Completed
CLM017939,2023-10-04,SALE115660,Warranty Void
CLM017940,2023-04-10,SALE115663,Completed
CLM017941,2022-07-27,SALE115665,Paid Repaired
CLM017942,2022-02-25,SALE115669,Replaced
CLM017943,2022-11-26,SALE115687,Rejected
CLM017944,2025-10-06,SALE115689,Completed
CLM017945,2020-07-10,SALE115696,Paid Repaired
CLM017946,2023-08-20,SALE115701,Replaced
CLM017947,2022-03-14,SALE115702,Warranty Void
CLM017948,2023-10-29,SALE115724,Completed
CLM017949,2024-12-21,SALE115739,Warranty Void
CLM017950,2022-04-18,SALE115741,Completed
CLM017951,2024-02-20,SALE115748,Replaced
CLM017952,2023-03-20,SALE115764,Completed
CLM017953,2023-07-26,SALE115770,Completed
CLM017954,2023-04-13,SALE115771,Pending
CLM017955,2024-08-19,SALE115785,Warranty Void
CLM017956,2024-11-25,SALE115793,Completed
CLM017957,2023-09-11,SALE115797,Completed
CLM017958,2022-11-25,SALE115808,Completed
CLM017959,2021-03-25,SALE115811,Completed
CLM017960,2023-03-05,SALE115819,Paid Repaired
CLM017961,2021-03-31,SALE115821,Paid Repaired
CLM017962,2024-10-29,SALE115832,Completed
CLM017963,2023-06-01,SALE115834,Warranty Void
CLM017964,2021-06-26,SALE115852,Replaced
CLM017965,2024-03-29,SALE115877,Completed
CLM017966,2025-08-13,SALE115883,Pending
CLM017967,2022-12-08,SALE115898,Completed
CLM017968,2023-10-07,SALE115903,Completed
CLM017969,2025-07-01,SALE115906,Completed
CLM017970,2024-02-25,SALE115911,Pending
CLM017971,2021-08-27,SALE115912,Completed
CLM017972,2020-05-27,SALE115916,Paid Repaired
CLM017973,2020-12-01,SALE115920,Completed
CLM017974,2025-08-24,SALE115926,Completed
CLM017975,2024-09-15,SALE115928,Completed
CLM017976,2021-11-14,SALE115934,Pending
CLM017977,2022-12-05,SALE115940,Warranty Void
CLM017978,2022-02-06,SALE115954,Completed
CLM017979,2024-12-30,SALE115955,Paid Repaired
CLM017980,2020-06-27,SALE115962,Completed
CLM017981,2021-09-24,SALE115963,Replaced
CLM017982,2021-08-18,SALE115972,Completed
CLM017983,2025-03-15,SALE115976,Replaced
CLM017984,2022-04-07,SALE115984,Completed
CLM017985,2022-08-15,SALE115986,Completed
CLM017986,2025-12-31,SALE116003,Replaced
CLM017987,2024-08-03,SALE116004,Paid Repaired
CLM017988,2023-07-31,SALE116008,Paid Repaired
CLM017989,2022-03-01,SALE116017,Completed
CLM017990,2025-12-31,SALE116023,Rejected
CLM017991,2025-12-31,SALE116025,Replaced
CLM017992,2021-09-24,SALE116027,Completed
CLM017993,2023-02-21,SALE116036,Warranty Void
CLM017994,2022-07-26,SALE116041,Completed
CLM017995,2023-04-18,SALE116043,Completed
CLM017996,2025-03-13,SALE116056,Completed
CLM017997,2025-12-31,SALE116057,Completed
CLM017998,2021-04-22,SALE116062,Replaced
CLM017999,2021-01-07,SALE116064,Completed
CLM018000,2023-10-24,SALE116070,Replaced
CLM018001,2023-10-17,SALE116071,Warranty Void
CLM018002,2021-12-11,SALE116074,Replaced
CLM018003,2023-01-10,SALE116075,Completed
CLM018004,2022-01-02,SALE116083,Rejected
CLM018005,2020-08-28,SALE116087,Completed
CLM018006,2023-02-01,SALE116096,Pending
CLM018007,2022-01-25,SALE116100,Rejected
CLM018008,2024-07-10,SALE116102,Completed
CLM018009,2022-01-30,SALE116103,Completed
CLM018010,2020-07-20,SALE116105,Paid Repaired
CLM018011,2025-01-22,SALE116106,Replaced
CLM018012,2023-10-30,SALE116116,Replaced
CLM018013,2025-06-15,SALE116121,Pending
CLM018014,2024-04-10,SALE116122,Replaced
CLM018015,2023-02-27,SALE116128,Completed
CLM018016,2023-12-01,SALE116133,Completed
CLM018017,2022-05-11,SALE116136,Completed
CLM018018,2025-12-31,SALE116137,Pending
CLM018019,2021-09-16,SALE116139,Completed
CLM018020,2022-11-01,SALE116141,Replaced
CLM018021,2023-06-13,SALE116146,Paid Repaired
CLM018022,2025-01-30,SALE116160,Rejected
CLM018023,2025-12-31,SALE116165,Pending
CLM018024,2021-07-17,SALE116173,Completed
CLM018025,2024-09-01,SALE116175,Completed
CLM018026,2023-04-28,SALE116177,Completed
CLM018027,2021-01-28,SALE116201,Completed
CLM018028,2025-04-18,SALE116207,Paid Repaired
CLM018029,2024-06-25,SALE116208,Replaced
CLM018030,2021-10-04,SALE116209,Paid Repaired
CLM018031,2022-09-08,SALE116216,Completed
CLM018032,2022-02-18,SALE116220,Replaced
CLM018033,2022-01-17,SALE116231,Warranty Void
CLM018034,2020-12-30,SALE116233,Replaced
CLM018035,2022-06-20,SALE116240,Replaced
CLM018036,2023-07-07,SALE116243,Rejected
CLM018037,2020-12-15,SALE116251,Warranty Void
CLM018038,2024-01-23,SALE116260,Completed
CLM018039,2022-01-17,SALE116263,Warranty Void
CLM018040,2024-07-03,SALE116265,Completed
CLM018041,2025-12-31,SALE116278,Completed
CLM018042,2023-07-15,SALE116285,Replaced
CLM018043,2021-03-08,SALE116288,Paid Repaired
CLM018044,2023-07-11,SALE116291,Paid Repaired
CLM018045,2024-10-10,SALE116297,Pending
CLM018046,2025-12-31,SALE116301,Completed
CLM018047,2022-05-18,SALE116312,Paid Repaired
CLM018048,2024-10-12,SALE116320,Completed
CLM018049,2021-07-28,SALE116321,Replaced
CLM018050,2024-01-02,SALE116323,Completed
CLM018051,2023-01-07,SALE116325,Completed
CLM018052,2021-12-10,SALE116326,Replaced
CLM018053,2024-03-09,SALE116335,Paid Repaired
CLM018054,2024-04-04,SALE116342,Replaced
CLM018055,2022-08-14,SALE116345,Completed
CLM018056,2025-03-06,SALE116357,Completed
CLM018057,2021-10-21,SALE116363,Completed
CLM018058,2023-06-19,SALE116366,Completed
CLM018059,2023-01-07,SALE116367,Completed
CLM018060,2025-12-07,SALE116370,Pending
CLM018061,2024-05-07,SALE116374,Replaced
CLM018062,2024-03-17,SALE116381,Pending
CLM018063,2025-12-03,SALE116389,Pending
CLM018064,2022-07-25,SALE116391,Completed
CLM018065,2022-10-04,SALE116398,Replaced
CLM018066,2024-09-24,SALE116401,Completed
CLM018067,2021-11-29,SALE116404,Paid Repaired
CLM018068,2021-01-20,SALE116407,Completed
CLM018069,2022-05-16,SALE116420,Rejected
CLM018070,2023-03-11,SALE116428,Warranty Void
CLM018071,2022-01-20,SALE116432,Warranty Void
CLM018072,2025-12-31,SALE116445,Replaced
CLM018073,2025-05-17,SALE116456,Completed
CLM018074,2025-10-12,SALE116461,Completed
CLM018075,2024-12-30,SALE116464,Rejected
CLM018076,2024-01-12,SALE116469,Completed
CLM018077,2025-12-31,SALE116476,Paid Repaired
CLM018078,2023-02-01,SALE116477,Replaced
CLM018079,2022-03-10,SALE116482,Rejected
CLM018080,2023-02-25,SALE116484,Completed
CLM018081,2022-01-24,SALE116495,Completed
CLM018082,2023-05-06,SALE116503,Pending
CLM018083,2022-01-02,SALE116504,Replaced
CLM018084,2024-12-23,SALE116506,Replaced
CLM018085,2025-05-08,SALE116510,Pending
CLM018086,2025-09-24,SALE116535,Paid Repaired
CLM018087,2022-11-09,SALE116547,Completed
CLM018088,2023-07-29,SALE116552,Completed
CLM018089,2025-12-28,SALE116554,Warranty Void
CLM018090,2021-06-22,SALE116568,Replaced
CLM018091,2024-04-19,SALE116571,Replaced
CLM018092,2023-11-10,SALE116574,Completed
CLM018093,2021-08-18,SALE116582,Completed
CLM018094,2025-12-21,SALE116584,Paid Repaired
CLM018095,2022-02-09,SALE116593,Completed
CLM018096,2020-09-06,SALE116595,Completed
CLM018097,2024-03-20,SALE116616,Completed
CLM018098,2023-11-30,SALE116623,Replaced
CLM018099,2021-06-15,SALE116624,Completed
CLM018100,2022-07-01,SALE116626,Completed
CLM018101,2023-10-28,SALE116629,Paid Repaired
CLM018102,2021-06-12,SALE116633,Completed
CLM018103,2022-08-11,SALE116635,Rejected
CLM018104,2022-12-28,SALE116645,Replaced
CLM018105,2024-12-06,SALE116649,Replaced
CLM018106,2025-12-31,SALE116651,Warranty Void
CLM018107,2023-09-06,SALE116654,Paid Repaired
CLM018108,2022-01-09,SALE116659,Rejected
CLM018109,2020-08-12,SALE116671,Replaced
CLM018110,2022-03-27,SALE116674,Paid Repaired
CLM018111,2025-03-07,SALE116676,Replaced
CLM018112,2021-06-30,SALE116681,Warranty Void
CLM018113,2024-10-21,SALE116682,Rejected
CLM018114,2021-04-08,SALE116685,Completed
CLM018115,2025-11-28,SALE116688,Replaced
CLM018116,2023-07-15,SALE116690,Pending
CLM018117,2023-12-13,SALE116691,Completed
CLM018118,2024-02-19,SALE116704,Paid Repaired
CLM018119,2025-01-13,SALE116707,Completed
CLM018120,2021-10-18,SALE116718,Completed
CLM018121,2020-11-30,SALE116726,Warranty Void
CLM018122,2021-11-28,SALE116734,Completed
CLM018123,2025-09-07,SALE116743,Completed
CLM018124,2023-12-07,SALE116745,Replaced
CLM018125,2025-06-16,SALE116748,Replaced
CLM018126,2022-12-30,SALE116750,Completed
CLM018127,2024-04-30,SALE116754,Replaced
CLM018128,2025-04-17,SALE116763,Paid Repaired
CLM018129,2025-05-25,SALE116768,Warranty Void
CLM018130,2022-10-13,SALE116774,Rejected
CLM018131,2024-06-01,SALE116776,Paid Repaired
CLM018132,2025-07-18,SALE116790,Rejected
CLM018133,2025-04-11,SALE116798,Replaced
CLM018134,2021-12-30,SALE116799,Replaced
CLM018135,2021-09-16,SALE116821,Paid Repaired
CLM018136,2022-12-30,SALE116827,Pending
CLM018137,2023-03-11,SALE116835,Replaced
CLM018138,2024-08-25,SALE116842,Warranty Void
CLM018139,2024-02-04,SALE116844,Replaced
CLM018140,2022-08-05,SALE116849,Pending
CLM018141,2021-02-22,SALE116855,Replaced
CLM018142,2022-01-28,SALE116871,Paid Repaired
CLM018143,2023-09-22,SALE116877,Completed
CLM018144,2022-11-25,SALE116894,Completed
CLM018145,2024-07-06,SALE116902,Completed
CLM018146,2021-09-11,SALE116904,Completed
CLM018147,2023-12-19,SALE116909,Completed
CLM018148,2022-12-01,SALE116911,Replaced
CLM018149,2023-06-16,SALE116918,Rejected
CLM018150,2025-12-04,SALE116924,Warranty Void
CLM018151,2025-12-07,SALE116933,Warranty Void
CLM018152,2024-11-09,SALE116934,Rejected
CLM018153,2021-10-23,SALE116938,Completed
CLM018154,2024-01-31,SALE116942,Paid Repaired
CLM018155,2021-06-17,SALE116950,Completed
CLM018156,2025-11-16,SALE116951,Completed
CLM018157,2022-07-16,SALE116959,Replaced
CLM018158,2025-12-31,SALE116960,Warranty Void
CLM018159,2025-01-11,SALE116968,Completed
CLM018160,2025-12-31,SALE116977,Paid Repaired
CLM018161,2025-06-24,SALE116978,Completed
CLM018162,2023-05-21,SALE116983,Replaced
CLM018163,2023-03-27,SALE116984,Completed
CLM018164,2021-06-07,SALE116985,Completed
CLM018165,2025-01-20,SALE116986,Completed
CLM018166,2023-04-06,SALE116989,Warranty Void
CLM018167,2025-07-30,SALE117010,Completed
CLM018168,2023-10-27,SALE117017,Completed
CLM018169,2023-01-08,SALE117018,Replaced
CLM018170,2024-04-19,SALE117024,Completed
CLM018171,2023-11-11,SALE117031,Completed
CLM018172,2023-03-26,SALE117041,Paid Repaired
CLM018173,2024-10-14,SALE117048,Replaced
CLM018174,2021-02-15,SALE117049,Completed
CLM018175,2025-06-11,SALE117060,Completed
CLM018176,2024-02-16,SALE117068,Completed
CLM018177,2021-12-09,SALE117073,Completed
CLM018178,2024-04-28,SALE117085,Paid Repaired
CLM018179,2024-05-05,SALE117086,Pending
CLM018180,2024-11-01,SALE117093,Replaced
CLM018181,2022-01-21,SALE117097,Replaced
CLM018182,2023-04-13,SALE117106,Paid Repaired
CLM018183,2024-03-13,SALE117108,Paid Repaired
CLM018184,2020-12-17,SALE117113,Completed
CLM018185,2021-03-12,SALE117123,Paid Repaired
CLM018186,2020-08-21,SALE117139,Replaced
CLM018187,2023-01-17,SALE117143,Pending
CLM018188,2023-05-07,SALE117148,Completed
CLM018189,2022-10-01,SALE117160,Completed
CLM018190,2025-12-31,SALE117163,Completed
CLM018191,2022-09-22,SALE117164,Completed
CLM018192,2022-11-19,SALE117167,Completed
CLM018193,2022-11-25,SALE117169,Completed
CLM018194,2024-08-26,SALE117174,Completed
CLM018195,2023-04-28,SALE117177,Completed
CLM018196,2023-12-13,SALE117183,Completed
CLM018197,2025-12-31,SALE117190,Replaced
CLM018198,2021-09-15,SALE117209,Replaced
CLM018199,2025-12-31,SALE117212,Paid Repaired
CLM018200,2022-02-26,SALE117213,Completed
CLM018201,2025-01-27,SALE117217,Paid Repaired
CLM018202,2023-02-13,SALE117222,Completed
CLM018203,2021-11-20,SALE117230,Paid Repaired
CLM018204,2024-07-18,SALE117231,Pending
CLM018205,2023-04-13,SALE117234,Replaced
CLM018206,2025-02-06,SALE117236,Pending
CLM018207,2020-06-24,SALE117239,Completed
CLM018208,2023-02-15,SALE117240,Warranty Void
CLM018209,2023-04-05,SALE117249,Completed
CLM018210,2025-02-25,SALE117264,Completed
CLM018211,2021-05-30,SALE117268,Completed
CLM018212,2025-12-31,SALE117271,Completed
CLM018213,2024-09-21,SALE117276,Completed
CLM018214,2024-06-19,SALE117278,Warranty Void
CLM018215,2025-02-12,SALE117280,Replaced
CLM018216,2021-05-30,SALE117283,Paid Repaired
CLM018217,2023-06-06,SALE117293,Paid Repaired
CLM018218,2024-01-11,SALE117294,Replaced
CLM018219,2023-07-26,SALE117312,Replaced
CLM018220,2025-12-31,SALE117313,Completed
CLM018221,2022-09-29,SALE117318,Pending
CLM018222,2024-02-12,SALE117320,Completed
CLM018223,2025-04-28,SALE117324,Paid Repaired
CLM018224,2021-09-01,SALE117326,Completed
CLM018225,2023-11-13,SALE117340,Pending
CLM018226,2020-10-16,SALE117343,Completed
CLM018227,2025-12-31,SALE117354,Paid Repaired
CLM018228,2025-01-21,SALE117356,Completed
CLM018229,2025-12-31,SALE117362,Replaced
CLM018230,2024-04-29,SALE117368,Completed
CLM018231,2025-12-31,SALE117369,Completed
CLM018232,2021-08-31,SALE117374,Completed
CLM018233,2025-12-31,SALE117375,Replaced
CLM018234,2020-09-11,SALE117389,Replaced
CLM018235,2022-11-04,SALE117393,Paid Repaired
CLM018236,2024-01-23,SALE117394,Rejected
CLM018237,2021-08-28,SALE117395,Rejected
CLM018238,2020-09-06,SALE117397,Completed
CLM018239,2024-07-29,SALE117398,Rejected
CLM018240,2023-10-29,SALE117400,Completed
CLM018241,2021-10-29,SALE117401,Completed
CLM018242,2024-09-22,SALE117405,Completed
CLM018243,2025-04-02,SALE117411,Rejected
CLM018244,2024-09-26,SALE117414,Warranty Void
CLM018245,2025-12-31,SALE117417,Paid Repaired
CLM018246,2021-10-07,SALE117418,Pending
CLM018247,2024-03-22,SALE117425,Pending
CLM018248,2022-10-23,SALE117426,Replaced
CLM018249,2022-05-09,SALE117459,Replaced
CLM018250,2023-04-14,SALE117461,Completed
CLM018251,2024-01-16,SALE117471,Replaced
CLM018252,2022-02-16,SALE117472,Paid Repaired
CLM018253,2025-04-26,SALE117474,Rejected
CLM018254,2024-05-08,SALE117480,Paid Repaired
CLM018255,2024-11-28,SALE117482,Warranty Void
CLM018256,2025-11-09,SALE117483,Replaced
CLM018257,2022-01-26,SALE117488,Completed
CLM018258,2022-08-19,SALE117519,Completed
CLM018259,2025-12-31,SALE117528,Rejected
CLM018260,2020-04-08,SALE117529,Rejected
CLM018261,2021-03-13,SALE117546,Completed
CLM018262,2022-08-10,SALE117550,Completed
CLM018263,2023-02-13,SALE117553,Rejected
CLM018264,2021-05-09,SALE117555,Completed
CLM018265,2022-07-03,SALE117556,Completed
CLM018266,2022-06-24,SALE117566,Replaced
CLM018267,2024-07-23,SALE117575,Paid Repaired
CLM018268,2025-12-18,SALE117585,Rejected
CLM018269,2025-07-06,SALE117588,Warranty Void
CLM018270,2025-01-01,SALE117591,Pending
CLM018271,2025-12-31,SALE117593,Completed
CLM018272,2022-02-26,SALE117598,Paid Repaired
CLM018273,2024-05-17,SALE117599,Completed
CLM018274,2023-06-23,SALE117610,Completed
CLM018275,2020-12-01,SALE117611,Completed
CLM018276,2024-04-22,SALE117618,Completed
CLM018277,2022-03-30,SALE117624,Completed
CLM018278,2024-10-02,SALE117625,Completed
CLM018279,2025-04-27,SALE117646,Paid Repaired
CLM018280,2024-12-28,SALE117665,Completed
CLM018281,2024-03-24,SALE117678,Pending
CLM018282,2025-03-08,SALE117681,Completed
CLM018283,2024-04-23,SALE117682,Pending
CLM018284,2025-12-21,SALE117689,Completed
CLM018285,2021-02-27,SALE117690,Completed
CLM018286,2024-07-10,SALE117699,Completed
CLM018287,2024-10-20,SALE117709,Completed
CLM018288,2021-11-20,SALE117715,Paid Repaired
CLM018289,2021-03-03,SALE117717,Paid Repaired
CLM018290,2020-12-29,SALE117719,Paid Repaired
CLM018291,2024-01-05,SALE117727,Completed
CLM018292,2022-12-14,SALE117740,Completed
CLM018293,2024-04-07,SALE117742,Completed
CLM018294,2025-09-24,SALE117750,Rejected
CLM018295,2024-06-16,SALE117767,Replaced
CLM018296,2021-02-02,SALE117770,Completed
CLM018297,2024-01-11,SALE117780,Replaced
CLM018298,2023-03-14,SALE117788,Completed
CLM018299,2020-04-27,SALE117789,Warranty Void
CLM018300,2024-06-13,SALE117792,Pending
CLM018301,2025-12-31,SALE117795,Completed
CLM018302,2025-11-18,SALE117796,Completed
CLM018303,2023-04-29,SALE117811,Replaced
CLM018304,2023-01-24,SALE117812,Rejected
CLM018305,2021-11-30,SALE117813,Completed
CLM018306,2023-02-27,SALE117823,Completed
CLM018307,2023-06-05,SALE117841,Completed
CLM018308,2025-12-31,SALE117843,Completed
CLM018309,2024-06-04,SALE117844,Pending
CLM018310,2024-10-05,SALE117855,Replaced
CLM018311,2024-10-22,SALE117857,Pending
CLM018312,2023-01-31,SALE117858,Warranty Void
CLM018313,2022-11-09,SALE117861,Completed
CLM018314,2023-06-06,SALE117864,Replaced
CLM018315,2021-12-03,SALE117875,Completed
CLM018316,2022-10-19,SALE117896,Paid Repaired
CLM018317,2025-02-25,SALE117910,Completed
CLM018318,2024-02-03,SALE117914,Pending
CLM018319,2020-10-02,SALE117918,Replaced
CLM018320,2023-08-09,SALE117927,Paid Repaired
CLM018321,2021-11-22,SALE117928,Replaced
CLM018322,2023-04-19,SALE117930,Completed
CLM018323,2024-02-07,SALE117936,Replaced
CLM018324,2023-01-28,SALE117943,Completed
CLM018325,2023-04-20,SALE117949,Completed
CLM018326,2024-04-28,SALE117950,Completed
CLM018327,2022-05-07,SALE117954,Completed
CLM018328,2023-08-18,SALE117957,Completed
CLM018329,2022-05-27,SALE117958,Warranty Void
CLM018330,2021-11-23,SALE117959,Pending
CLM018331,2023-03-11,SALE117962,Rejected
CLM018332,2023-05-06,SALE117966,Paid Repaired
CLM018333,2024-08-16,SALE117968,Pending
CLM018334,2023-07-28,SALE117981,Completed
CLM018335,2025-12-31,SALE117982,Replaced
CLM018336,2023-03-20,SALE117990,Replaced
CLM018337,2025-03-31,SALE117991,Replaced
CLM018338,2023-11-16,SALE118002,Warranty Void
CLM018339,2023-12-04,SALE118003,Replaced
CLM018340,2021-09-20,SALE118006,Completed
CLM018341,2023-05-04,SALE118008,Replaced
CLM018342,2025-06-13,SALE118011,Paid Repaired
CLM018343,2021-08-04,SALE118016,Paid Repaired
CLM018344,2022-06-20,SALE118022,Pending
CLM018345,2023-09-23,SALE118027,Completed
CLM018346,2024-07-02,SALE118030,Replaced
CLM018347,2022-05-18,SALE118046,Warranty Void
CLM018348,2020-11-11,SALE118049,Completed
CLM018349,2020-05-03,SALE118059,Paid Repaired
CLM018350,2023-01-07,SALE118073,Completed
CLM018351,2023-03-23,SALE118077,Pending
CLM018352,2022-04-20,SALE118091,Replaced
CLM018353,2025-08-17,SALE118105,Pending
CLM018354,2025-10-03,SALE118118,Replaced
CLM018355,2023-10-17,SALE118121,Replaced
CLM018356,2025-12-31,SALE118124,Replaced
CLM018357,2021-08-16,SALE118136,Completed
CLM018358,2021-05-26,SALE118147,Completed
CLM018359,2025-12-31,SALE118163,Paid Repaired
CLM018360,2025-12-31,SALE118164,Replaced
CLM018361,2022-02-02,SALE118175,Warranty Void
CLM018362,2023-11-11,SALE118193,Completed
CLM018363,2025-06-13,SALE118194,Replaced
CLM018364,2020-07-29,SALE118200,Paid Repaired
CLM018365,2021-08-07,SALE118202,Paid Repaired
CLM018366,2021-03-08,SALE118208,Completed
CLM018367,2021-02-19,SALE118215,Paid Repaired
CLM018368,2024-06-14,SALE118225,Completed
CLM018369,2022-08-13,SALE118228,Completed
CLM018370,2023-12-30,SALE118248,Completed
CLM018371,2023-05-16,SALE118253,Completed
CLM018372,2021-03-21,SALE118257,Paid Repaired
CLM018373,2022-12-10,SALE118259,Replaced
CLM018374,2022-07-07,SALE118263,Completed
CLM018375,2020-10-09,SALE118276,Pending
CLM018376,2022-02-07,SALE118278,Completed
CLM018377,2025-12-31,SALE118280,Paid Repaired
CLM018378,2022-05-02,SALE118283,Completed
CLM018379,2023-09-29,SALE118303,Completed
CLM018380,2024-04-19,SALE118310,Pending
CLM018381,2021-02-25,SALE118315,Pending
CLM018382,2025-12-31,SALE118318,Replaced
CLM018383,2021-10-10,SALE118328,Completed
CLM018384,2023-08-15,SALE118340,Completed
CLM018385,2025-06-29,SALE118343,Replaced
CLM018386,2024-07-10,SALE118353,Completed
CLM018387,2023-03-21,SALE118355,Completed
CLM018388,2024-01-17,SALE118361,Paid Repaired
CLM018389,2023-01-01,SALE118366,Completed
CLM018390,2021-10-01,SALE118372,Rejected
CLM018391,2022-02-19,SALE118379,Completed
CLM018392,2023-01-10,SALE118387,Completed
CLM018393,2024-02-14,SALE118388,Pending
CLM018394,2021-09-08,SALE118397,Completed
CLM018395,2023-03-05,SALE118399,Completed
CLM018396,2024-07-09,SALE118401,Replaced
CLM018397,2025-12-31,SALE118407,Completed
CLM018398,2022-12-28,SALE118412,Replaced
CLM018399,2022-09-04,SALE118424,Completed
CLM018400,2024-09-29,SALE118425,Rejected
CLM018401,2022-05-30,SALE118430,Replaced
CLM018402,2024-07-03,SALE118431,Pending
CLM018403,2024-02-24,SALE118432,Completed
CLM018404,2023-11-25,SALE118433,Pending
CLM018405,2022-03-09,SALE118438,Completed
CLM018406,2025-02-01,SALE118440,Replaced
CLM018407,2020-12-18,SALE118445,Pending
CLM018408,2023-02-20,SALE118448,Completed
CLM018409,2022-09-13,SALE118457,Completed
CLM018410,2022-03-13,SALE118465,Paid Repaired
CLM018411,2023-12-10,SALE118467,Replaced
CLM018412,2021-10-18,SALE118482,Completed
CLM018413,2024-06-10,SALE118487,Completed
CLM018414,2022-11-10,SALE118493,Paid Repaired
CLM018415,2025-07-30,SALE118496,Paid Repaired
CLM018416,2021-10-29,SALE118498,Completed
CLM018417,2022-03-20,SALE118503,Completed
CLM018418,2020-10-11,SALE118532,Completed
CLM018419,2022-08-13,SALE118533,Pending
CLM018420,2025-03-08,SALE118542,Completed
CLM018421,2025-01-25,SALE118554,Pending
CLM018422,2023-01-09,SALE118558,Pending
CLM018423,2021-08-31,SALE118559,Warranty Void
CLM018424,2022-06-21,SALE118562,Completed
CLM018425,2023-01-14,SALE118563,Rejected
CLM018426,2025-11-28,SALE118570,Completed
CLM018427,2023-05-04,SALE118585,Pending
CLM018428,2022-03-17,SALE118596,Replaced
CLM018429,2023-04-15,SALE118601,Paid Repaired
CLM018430,2023-07-06,SALE118602,Completed
CLM018431,2021-09-26,SALE118608,Completed
CLM018432,2022-04-08,SALE118610,Completed
CLM018433,2024-11-22,SALE118614,Completed
CLM018434,2023-01-30,SALE118615,Completed
CLM018435,2023-04-27,SALE118621,Replaced
CLM018436,2025-12-31,SALE118630,Completed
CLM018437,2021-09-30,SALE118635,Completed
CLM018438,2022-07-09,SALE118638,Completed
CLM018439,2022-02-10,SALE118645,Completed
CLM018440,2025-12-31,SALE118662,Completed
CLM018441,2024-05-04,SALE118666,Completed
CLM018442,2023-06-21,SALE118683,Pending
CLM018443,2025-12-31,SALE118689,Completed
CLM018444,2021-06-10,SALE118700,Replaced
CLM018445,2023-07-01,SALE118703,Completed
CLM018446,2022-12-29,SALE118709,Completed
CLM018447,2024-02-13,SALE118714,Pending
CLM018448,2020-09-18,SALE118748,Replaced
CLM018449,2021-05-25,SALE118758,Replaced
CLM018450,2022-10-20,SALE118759,Paid Repaired
CLM018451,2025-09-10,SALE118768,Completed
CLM018452,2020-09-17,SALE118770,Completed
CLM018453,2022-02-05,SALE118776,Paid Repaired
CLM018454,2025-02-02,SALE118800,Completed
CLM018455,2024-01-22,SALE118806,Pending
CLM018456,2021-07-23,SALE118809,Completed
CLM018457,2021-10-04,SALE118814,Replaced
CLM018458,2025-09-23,SALE118824,Completed
CLM018459,2022-02-17,SALE118831,Paid Repaired
CLM018460,2022-05-04,SALE118832,Pending
CLM018461,2021-09-24,SALE118835,Completed
CLM018462,2024-03-18,SALE118838,Pending
CLM018463,2023-05-14,SALE118842,Completed
CLM018464,2022-08-14,SALE118863,Completed
CLM018465,2020-11-23,SALE118864,Paid Repaired
CLM018466,2025-06-06,SALE118868,Paid Repaired
CLM018467,2022-03-11,SALE118870,Replaced
CLM018468,2022-03-17,SALE118871,Completed
CLM018469,2022-07-31,SALE118879,Rejected
CLM018470,2025-01-25,SALE118890,Completed
CLM018471,2022-06-22,SALE118896,Pending
CLM018472,2022-08-08,SALE118909,Completed
CLM018473,2022-08-08,SALE118914,Pending
CLM018474,2023-08-04,SALE118926,Replaced
CLM018475,2021-12-17,SALE118943,Completed
CLM018476,2021-02-13,SALE118944,Replaced
CLM018477,2024-06-04,SALE118948,Completed
CLM018478,2021-08-14,SALE118949,Completed
CLM018479,2025-12-26,SALE118951,Completed
CLM018480,2025-12-31,SALE118957,Completed
CLM018481,2023-01-12,SALE118960,Paid Repaired
CLM018482,2023-02-07,SALE118963,Completed
CLM018483,2023-12-27,SALE118969,Completed
CLM018484,2025-11-15,SALE118977,Completed
CLM018485,2024-12-10,SALE118987,Paid Repaired
CLM018486,2024-12-19,SALE118991,Completed
CLM018487,2025-11-13,SALE118994,Paid Repaired
CLM018488,2024-09-12,SALE118995,Completed
CLM018489,2023-02-21,SALE118996,Pending
CLM018490,2022-08-21,SALE118999,Warranty Void
CLM018491,2023-10-07,SALE119003,Completed
CLM018492,2024-12-24,SALE119014,Pending
CLM018493,2022-11-14,SALE119015,Rejected
CLM018494,2025-08-25,SALE119017,Completed
CLM018495,2025-09-25,SALE119018,Completed
CLM018496,2021-01-28,SALE119038,Completed
CLM018497,2023-11-16,SALE119048,Completed
CLM018498,2024-11-30,SALE119050,Completed
CLM018499,2025-05-07,SALE119056,Completed
CLM018500,2024-09-17,SALE119063,Warranty Void
CLM018501,2024-11-04,SALE119081,Paid Repaired
CLM018502,2025-10-26,SALE119084,Completed
CLM018503,2022-07-12,SALE119085,Warranty Void
CLM018504,2024-10-29,SALE119088,Pending
CLM018505,2025-04-05,SALE119104,Completed
CLM018506,2021-01-01,SALE119109,Pending
CLM018507,2022-05-06,SALE119111,Completed
CLM018508,2023-08-12,SALE119122,Pending
CLM018509,2022-06-04,SALE119126,Completed
CLM018510,2024-08-20,SALE119132,Rejected
CLM018511,2024-02-10,SALE119143,Pending
CLM018512,2025-12-31,SALE119151,Completed
CLM018513,2021-03-09,SALE119159,Completed
CLM018514,2021-12-12,SALE119167,Completed
CLM018515,2022-08-06,SALE119168,Paid Repaired
CLM018516,2025-10-22,SALE119177,Completed
CLM018517,2023-11-03,SALE119187,Replaced
CLM018518,2025-10-31,SALE119200,Completed
CLM018519,2024-04-10,SALE119201,Pending
CLM018520,2021-10-15,SALE119211,Replaced
CLM018521,2023-05-07,SALE119217,Warranty Void
CLM018522,2023-06-03,SALE119224,Completed
CLM018523,2023-08-27,SALE119229,Replaced
CLM018524,2021-09-01,SALE119238,Completed
CLM018525,2023-07-05,SALE119242,Paid Repaired
CLM018526,2021-05-14,SALE119247,Replaced
CLM018527,2021-03-13,SALE119251,Completed
CLM018528,2023-05-31,SALE119252,Completed
CLM018529,2024-11-04,SALE119264,Warranty Void
CLM018530,2023-09-07,SALE119274,Warranty Void
CLM018531,2021-05-20,SALE119278,Paid Repaired
CLM018532,2022-07-26,SALE119280,Completed
CLM018533,2024-04-15,SALE119296,Replaced
CLM018534,2025-06-06,SALE119305,Completed
CLM018535,2025-02-18,SALE119318,Completed
CLM018536,2024-11-28,SALE119324,Replaced
CLM018537,2021-11-20,SALE119327,Pending
CLM018538,2022-03-30,SALE119341,Replaced
CLM018539,2025-11-16,SALE119350,Completed
CLM018540,2024-06-27,SALE119352,Pending
CLM018541,2022-01-10,SALE119365,Paid Repaired
CLM018542,2021-09-07,SALE119368,Warranty Void
CLM018543,2022-12-03,SALE119378,Paid Repaired
CLM018544,2024-03-29,SALE119389,Completed
CLM018545,2024-01-05,SALE119390,Completed
CLM018546,2025-09-05,SALE119398,Completed
CLM018547,2021-12-20,SALE119405,Paid Repaired
CLM018548,2022-07-20,SALE119408,Completed
CLM018549,2022-08-03,SALE119417,Rejected
CLM018550,2023-01-02,SALE119418,Replaced
CLM018551,2023-10-14,SALE119433,Replaced
CLM018552,2020-07-16,SALE119446,Completed
CLM018553,2021-03-23,SALE119449,Pending
CLM018554,2021-04-24,SALE119462,Completed
CLM018555,2024-02-20,SALE119467,Pending
CLM018556,2024-05-23,SALE119470,Completed
CLM018557,2022-02-16,SALE119479,Replaced
CLM018558,2021-08-19,SALE119482,Completed
CLM018559,2022-09-07,SALE119485,Replaced
CLM018560,2022-07-29,SALE119496,Replaced
CLM018561,2021-08-24,SALE119508,Completed
CLM018562,2022-04-05,SALE119509,Completed
CLM018563,2025-04-25,SALE119515,Completed
CLM018564,2021-05-27,SALE119526,Completed
CLM018565,2023-11-29,SALE119527,Completed
CLM018566,2023-09-29,SALE119542,Completed
CLM018567,2025-12-31,SALE119544,Completed
CLM018568,2024-09-14,SALE119547,Completed
CLM018569,2025-12-18,SALE119550,Rejected
CLM018570,2025-08-29,SALE119551,Completed
CLM018571,2024-05-24,SALE119552,Replaced
CLM018572,2022-01-09,SALE119569,Replaced
CLM018573,2024-02-05,SALE119571,Paid Repaired
CLM018574,2021-12-09,SALE119582,Completed
CLM018575,2024-01-25,SALE119589,Completed
CLM018576,2025-04-29,SALE119595,Completed
CLM018577,2021-03-17,SALE119600,Completed
CLM018578,2024-07-25,SALE119602,Pending
CLM018579,2025-08-01,SALE119604,Completed
CLM018580,2020-08-30,SALE119626,Completed
CLM018581,2025-04-07,SALE119628,Completed
CLM018582,2023-05-26,SALE119641,Replaced
CLM018583,2020-12-26,SALE119644,Completed
CLM018584,2025-06-02,SALE119652,Completed
CLM018585,2022-06-21,SALE119653,Completed
CLM018586,2022-02-13,SALE119658,Pending
CLM018587,2025-12-31,SALE119659,Completed
CLM018588,2021-10-28,SALE119660,Rejected
CLM018589,2025-12-31,SALE119661,Warranty Void
CLM018590,2021-05-22,SALE119670,Paid Repaired
CLM018591,2024-02-24,SALE119673,Completed
CLM018592,2023-02-17,SALE119682,Replaced
CLM018593,2025-05-13,SALE119683,Completed
CLM018594,2023-10-15,SALE119705,Pending
CLM018595,2020-06-18,SALE119706,Completed
CLM018596,2024-04-18,SALE119707,Pending
CLM018597,2023-07-09,SALE119720,Warranty Void
CLM018598,2022-07-14,SALE119749,Paid Repaired
CLM018599,2023-05-17,SALE119750,Paid Repaired
CLM018600,2023-07-27,SALE119754,Completed
CLM018601,2025-01-24,SALE119769,Paid Repaired
CLM018602,2021-10-17,SALE119791,Completed
CLM018603,2023-03-09,SALE119793,Paid Repaired
CLM018604,2025-07-13,SALE119796,Paid Repaired
CLM018605,2023-09-21,SALE119807,Completed
CLM018606,2021-04-04,SALE119809,Pending
CLM018607,2025-08-25,SALE119813,Completed
CLM018608,2023-04-08,SALE119824,Rejected
CLM018609,2024-04-21,SALE119838,Completed
CLM018610,2023-04-14,SALE119840,Pending
CLM018611,2025-12-31,SALE119842,Completed
CLM018612,2025-12-31,SALE119844,Completed
CLM018613,2024-06-23,SALE119845,Completed
CLM018614,2022-02-27,SALE119850,Completed
CLM018615,2023-03-09,SALE119851,Completed
CLM018616,2021-12-16,SALE119868,Paid Repaired
CLM018617,2024-09-21,SALE119873,Completed
CLM018618,2023-06-26,SALE119879,Replaced
CLM018619,2023-09-04,SALE119897,Pending
CLM018620,2021-04-27,SALE119912,Completed
CLM018621,2023-05-19,SALE119924,Pending
CLM018622,2023-01-25,SALE119930,Paid Repaired
CLM018623,2021-12-11,SALE119934,Pending
CLM018624,2023-04-04,SALE119941,Paid Repaired
CLM018625,2025-03-18,SALE119947,Paid Repaired
CLM018626,2023-02-08,SALE119952,Completed
CLM018627,2025-09-01,SALE119953,Completed
CLM018628,2025-05-08,SALE119966,Replaced
CLM018629,2023-04-04,SALE119969,Completed
CLM018630,2025-12-31,SALE119972,Completed
CLM018631,2023-03-24,SALE119978,Completed
CLM018632,2021-03-15,SALE119982,Completed
CLM018633,2020-07-06,SALE119986,Completed
CLM018634,2021-03-18,SALE119988,Paid Repaired
CLM018635,2020-08-24,SALE119989,Completed
CLM018636,2023-10-08,SALE119994,Completed
CLM018637,2023-07-18,SALE119996,Paid Repaired
CLM018638,2022-07-03,SALE120006,Completed
CLM018639,2024-06-13,SALE120014,Completed
CLM018640,2021-07-29,SALE120019,Completed
CLM018641,2023-02-14,SALE120023,Pending
CLM018642,2022-01-01,SALE120027,Completed
CLM018643,2022-11-21,SALE120045,Replaced
CLM018644,2021-10-19,SALE120071,Warranty Void
CLM018645,2023-11-17,SALE120074,Pending
CLM018646,2022-04-22,SALE120086,Paid Repaired
CLM018647,2024-08-18,SALE120089,Completed
CLM018648,2022-02-24,SALE120092,Replaced
CLM018649,2023-06-22,SALE120093,Pending
CLM018650,2022-02-21,SALE120095,Replaced
CLM018651,2025-12-15,SALE120105,Completed
CLM018652,2023-10-26,SALE120107,Paid Repaired
CLM018653,2025-01-07,SALE120123,Completed
CLM018654,2021-03-24,SALE120126,Paid Repaired
CLM018655,2023-01-14,SALE120127,Completed
CLM018656,2025-10-24,SALE120129,Replaced
CLM018657,2023-08-28,SALE120150,Completed
CLM018658,2020-10-18,SALE120159,Completed
CLM018659,2025-12-17,SALE120179,Completed
CLM018660,2023-10-12,SALE120181,Pending
CLM018661,2024-10-29,SALE120186,Completed
CLM018662,2025-04-28,SALE120190,Replaced
CLM018663,2025-09-18,SALE120191,Replaced
CLM018664,2022-12-09,SALE120204,Completed
CLM018665,2023-09-03,SALE120208,Completed
CLM018666,2025-08-28,SALE120221,Replaced
CLM018667,2025-12-31,SALE120235,Rejected
CLM018668,2022-02-21,SALE120242,Pending
CLM018669,2025-01-18,SALE120249,Completed
CLM018670,2024-04-21,SALE120250,Warranty Void
CLM018671,2022-07-21,SALE120251,Pending
CLM018672,2024-11-02,SALE120252,Completed
CLM018673,2022-09-09,SALE120254,Replaced
CLM018674,2024-10-27,SALE120260,Completed
CLM018675,2023-09-25,SALE120262,Rejected
CLM018676,2022-01-29,SALE120268,Pending
CLM018677,2021-09-29,SALE120271,Completed
CLM018678,2023-11-10,SALE120273,Completed
CLM018679,2021-12-14,SALE120276,Paid Repaired
CLM018680,2022-03-01,SALE120300,Completed
CLM018681,2022-11-20,SALE120301,Paid Repaired
CLM018682,2021-06-27,SALE120325,Paid Repaired
CLM018683,2020-08-29,SALE120327,Replaced
CLM018684,2022-05-21,SALE120332,Replaced
CLM018685,2024-03-04,SALE120335,Paid Repaired
CLM018686,2023-11-12,SALE120337,Completed
CLM018687,2020-12-20,SALE120349,Completed
CLM018688,2025-03-25,SALE120360,Completed
CLM018689,2023-04-19,SALE120385,Completed
CLM018690,2023-01-13,SALE120395,Paid Repaired
CLM018691,2025-07-01,SALE120406,Completed
CLM018692,2023-02-06,SALE120415,Replaced
CLM018693,2022-02-02,SALE120426,Completed
CLM018694,2025-12-31,SALE120436,Completed
CLM018695,2024-01-09,SALE120440,Completed
CLM018696,2024-06-30,SALE120448,Completed
CLM018697,2020-11-20,SALE120454,Replaced
CLM018698,2022-07-04,SALE120455,Warranty Void
CLM018699,2024-05-12,SALE120473,Paid Repaired
CLM018700,2021-04-04,SALE120474,Warranty Void
CLM018701,2024-03-07,SALE120477,Completed
CLM018702,2025-02-15,SALE120490,Pending
CLM018703,2024-12-05,SALE120493,Paid Repaired
CLM018704,2025-09-09,SALE120498,Warranty Void
CLM018705,2025-08-29,SALE120517,Completed
CLM018706,2023-11-08,SALE120536,Completed
CLM018707,2023-05-01,SALE120540,Warranty Void
CLM018708,2024-01-09,SALE120547,Pending
CLM018709,2021-08-06,SALE120549,Replaced
CLM018710,2022-02-23,SALE120550,Pending
CLM018711,2025-01-23,SALE120558,Completed
CLM018712,2025-08-14,SALE120559,Completed
CLM018713,2020-11-18,SALE120580,Replaced
CLM018714,2025-05-05,SALE120581,Warranty Void
CLM018715,2025-03-09,SALE120582,Completed
CLM018716,2024-05-08,SALE120593,Completed
CLM018717,2025-02-21,SALE120600,Completed
CLM018718,2022-04-29,SALE120610,Paid Repaired
CLM018719,2023-01-13,SALE120614,Replaced
CLM018720,2022-05-27,SALE120626,Completed
CLM018721,2025-04-12,SALE120632,Paid Repaired
CLM018722,2023-02-13,SALE120636,Paid Repaired
CLM018723,2025-12-31,SALE120640,Completed
CLM018724,2024-08-13,SALE120642,Paid Repaired
CLM018725,2023-07-12,SALE120645,Completed
CLM018726,2025-08-27,SALE120649,Completed
CLM018727,2024-06-06,SALE120671,Completed
CLM018728,2021-10-15,SALE120673,Completed
CLM018729,2022-12-30,SALE120676,Completed
CLM018730,2022-06-20,SALE120681,Warranty Void
CLM018731,2023-01-30,SALE120688,Pending
CLM018732,2022-03-27,SALE120698,Paid Repaired
CLM018733,2025-08-20,SALE120701,Replaced
CLM018734,2023-10-08,SALE120706,Replaced
CLM018735,2025-12-19,SALE120718,Completed
CLM018736,2023-10-25,SALE120723,Completed
CLM018737,2023-07-21,SALE120726,Completed
CLM018738,2022-07-31,SALE120733,Pending
CLM018739,2024-09-06,SALE120736,Completed
CLM018740,2022-07-28,SALE120744,Completed
CLM018741,2022-01-01,SALE120747,Paid Repaired
CLM018742,2025-07-05,SALE120753,Replaced
CLM018743,2024-03-04,SALE120757,Completed
CLM018744,2021-11-04,SALE120766,Completed
CLM018745,2021-03-06,SALE120768,Warranty Void
CLM018746,2021-07-09,SALE120770,Completed
CLM018747,2025-12-31,SALE120774,Completed
CLM018748,2021-06-06,SALE120788,Completed
CLM018749,2024-02-09,SALE120789,Replaced
CLM018750,2023-12-15,SALE120791,Completed
CLM018751,2022-07-15,SALE120797,Rejected
CLM018752,2023-10-24,SALE120803,Pending
CLM018753,2020-12-21,SALE120810,Replaced
CLM018754,2022-01-27,SALE120818,Completed
CLM018755,2021-12-18,SALE120824,Completed
CLM018756,2023-06-10,SALE120827,Completed
CLM018757,2024-07-26,SALE120830,Pending
CLM018758,2021-11-15,SALE120833,Completed
CLM018759,2024-03-13,SALE120835,Completed
CLM018760,2021-01-27,SALE120842,Completed
CLM018761,2021-02-22,SALE120862,Completed
CLM018762,2024-05-23,SALE120864,Completed
CLM018763,2022-07-03,SALE120865,Completed
CLM018764,2023-09-14,SALE120867,Completed
CLM018765,2021-01-29,SALE120869,Completed
CLM018766,2024-04-21,SALE120873,Completed
CLM018767,2021-07-18,SALE120875,Completed
CLM018768,2025-12-31,SALE120880,Paid Repaired
CLM018769,2024-03-30,SALE120882,Completed
CLM018770,2022-06-07,SALE120883,Paid Repaired
CLM018771,2021-06-11,SALE120886,Paid Repaired
CLM018772,2024-11-19,SALE120890,Pending
CLM018773,2025-10-22,SALE120902,Replaced
CLM018774,2022-10-14,SALE120903,Replaced
CLM018775,2024-01-09,SALE120904,Completed
CLM018776,2022-09-28,SALE120906,Completed
CLM018777,2025-04-30,SALE120924,Completed
CLM018778,2020-10-15,SALE120932,Completed
CLM018779,2024-01-02,SALE120938,Replaced
CLM018780,2025-01-27,SALE120945,Completed
CLM018781,2025-01-16,SALE120951,Replaced
CLM018782,2023-04-10,SALE120959,Pending
CLM018783,2021-04-07,SALE120976,Completed
CLM018784,2023-10-29,SALE121015,Warranty Void
CLM018785,2020-12-14,SALE121021,Warranty Void
CLM018786,2022-03-31,SALE121048,Warranty Void
CLM018787,2025-01-19,SALE121050,Warranty Void
CLM018788,2025-05-07,SALE121060,Completed
CLM018789,2022-01-10,SALE121064,Paid Repaired
CLM018790,2023-02-19,SALE121065,Paid Repaired
CLM018791,2025-12-31,SALE121068,Completed
CLM018792,2024-08-19,SALE121074,Completed
CLM018793,2023-12-04,SALE121079,Replaced
CLM018794,2024-11-03,SALE121083,Completed
CLM018795,2022-04-02,SALE121089,Warranty Void
CLM018796,2023-02-10,SALE121092,Pending
CLM018797,2024-10-10,SALE121094,Paid Repaired
CLM018798,2023-08-07,SALE121095,Completed
CLM018799,2021-09-04,SALE121105,Completed
CLM018800,2022-01-04,SALE121108,Completed
CLM018801,2021-10-11,SALE121115,Warranty Void
CLM018802,2025-05-25,SALE121119,Paid Repaired
CLM018803,2020-11-12,SALE121120,Completed
CLM018804,2024-05-28,SALE121127,Completed
CLM018805,2022-02-26,SALE121130,Replaced
CLM018806,2020-06-10,SALE121144,Replaced
CLM018807,2022-01-15,SALE121154,Replaced
CLM018808,2024-09-16,SALE121156,Completed
CLM018809,2024-07-12,SALE121159,Completed
CLM018810,2025-02-04,SALE121161,Replaced
CLM018811,2022-06-03,SALE121162,Completed
CLM018812,2023-08-21,SALE121163,Replaced
CLM018813,2024-07-10,SALE121168,Completed
CLM018814,2022-03-25,SALE121169,Pending
CLM018815,2024-12-27,SALE121170,Rejected
CLM018816,2023-08-13,SALE121185,Rejected
CLM018817,2022-09-09,SALE121195,Paid Repaired
CLM018818,2023-09-11,SALE121216,Completed
CLM018819,2022-07-15,SALE121217,Warranty Void
CLM018820,2022-11-18,SALE121220,Replaced
CLM018821,2024-04-15,SALE121224,Replaced
CLM018822,2024-06-30,SALE121225,Completed
CLM018823,2024-09-25,SALE121231,Rejected
CLM018824,2022-04-18,SALE121233,Warranty Void
CLM018825,2021-09-03,SALE121234,Pending
CLM018826,2025-07-06,SALE121257,Completed
CLM018827,2023-02-19,SALE121259,Pending
CLM018828,2024-12-27,SALE121261,Replaced
CLM018829,2022-04-30,SALE121275,Completed
CLM018830,2024-02-06,SALE121297,Paid Repaired
CLM018831,2023-02-01,SALE121311,Completed
CLM018832,2024-05-30,SALE121313,Rejected
CLM018833,2024-07-22,SALE121317,Completed
CLM018834,2025-02-20,SALE121328,Warranty Void
CLM018835,2024-02-27,SALE121329,Warranty Void
CLM018836,2024-07-18,SALE121340,Paid Repaired
CLM018837,2022-10-17,SALE121341,Completed
CLM018838,2022-01-25,SALE121358,Replaced
CLM018839,2021-01-20,SALE121359,Completed
CLM018840,2024-10-14,SALE121396,Replaced
CLM018841,2021-08-04,SALE121401,Completed
CLM018842,2024-10-12,SALE121407,Replaced
CLM018843,2024-08-06,SALE121417,Replaced
CLM018844,2024-05-12,SALE121425,Completed
CLM018845,2024-08-12,SALE121440,Paid Repaired
CLM018846,2025-02-23,SALE121445,Completed
CLM018847,2025-12-31,SALE121454,Completed
CLM018848,2022-10-04,SALE121460,Replaced
CLM018849,2022-04-16,SALE121465,Replaced
CLM018850,2025-10-25,SALE121477,Paid Repaired
CLM018851,2025-03-29,SALE121505,Completed
CLM018852,2025-12-31,SALE121509,Completed
CLM018853,2024-06-13,SALE121515,Completed
CLM018854,2021-10-06,SALE121525,Completed
CLM018855,2021-12-18,SALE121527,Completed
CLM018856,2023-07-26,SALE121528,Replaced
CLM018857,2023-03-02,SALE121537,Replaced
CLM018858,2023-07-11,SALE121538,Paid Repaired
CLM018859,2024-11-10,SALE121542,Paid Repaired
CLM018860,2025-12-31,SALE121551,Completed
CLM018861,2024-10-15,SALE121570,Replaced
CLM018862,2022-03-29,SALE121572,Replaced
CLM018863,2023-07-05,SALE121578,Paid Repaired
CLM018864,2024-03-03,SALE121587,Rejected
CLM018865,2020-11-13,SALE121592,Completed
CLM018866,2023-05-21,SALE121593,Completed
CLM018867,2022-10-09,SALE121597,Completed
CLM018868,2025-03-25,SALE121598,Completed
CLM018869,2023-04-04,SALE121605,Completed
CLM018870,2024-05-17,SALE121624,Paid Repaired
CLM018871,2023-01-29,SALE121627,Pending
CLM018872,2022-12-10,SALE121628,Completed
CLM018873,2023-05-15,SALE121637,Completed
CLM018874,2023-04-20,SALE121648,Completed
CLM018875,2021-01-09,SALE121650,Warranty Void
CLM018876,2024-09-07,SALE121653,Warranty Void
CLM018877,2021-10-16,SALE121664,Replaced
CLM018878,2024-05-01,SALE121667,Completed
CLM018879,2022-05-28,SALE121669,Replaced
CLM018880,2021-06-27,SALE121676,Paid Repaired
CLM018881,2022-08-09,SALE121677,Paid Repaired
CLM018882,2022-01-24,SALE121678,Paid Repaired
CLM018883,2024-03-02,SALE121687,Completed
CLM018884,2021-05-31,SALE121694,Paid Repaired
CLM018885,2025-12-31,SALE121697,Paid Repaired
CLM018886,2024-09-23,SALE121702,Completed
CLM018887,2021-01-03,SALE121704,Completed
CLM018888,2024-12-15,SALE121710,Completed
CLM018889,2024-01-08,SALE121712,Completed
CLM018890,2020-12-24,SALE121715,Completed
CLM018891,2023-07-14,SALE121721,Completed
CLM018892,2024-05-13,SALE121744,Completed
CLM018893,2024-02-20,SALE121751,Completed
CLM018894,2021-02-01,SALE121756,Completed
CLM018895,2024-05-14,SALE121761,Pending
CLM018896,2022-02-27,SALE121767,Completed
CLM018897,2022-03-21,SALE121770,Paid Repaired
CLM018898,2022-11-01,SALE121777,Completed
CLM018899,2022-12-21,SALE121783,Replaced
CLM018900,2023-07-26,SALE121785,Completed
CLM018901,2022-01-18,SALE121789,Completed
CLM018902,2024-04-10,SALE121791,Pending
CLM018903,2023-12-03,SALE121792,Completed
CLM018904,2025-12-31,SALE121819,Pending
CLM018905,2021-02-17,SALE121820,Paid Repaired
CLM018906,2021-12-04,SALE121826,Completed
CLM018907,2025-12-31,SALE121827,Completed
CLM018908,2025-07-04,SALE121841,Replaced
CLM018909,2021-02-25,SALE121845,Completed
CLM018910,2024-12-07,SALE121846,Replaced
CLM018911,2023-03-26,SALE121850,Replaced
CLM018912,2021-04-20,SALE121852,Pending
CLM018913,2021-05-27,SALE121854,Paid Repaired
CLM018914,2024-08-26,SALE121856,Warranty Void
CLM018915,2021-08-07,SALE121859,Rejected
CLM018916,2025-07-10,SALE121860,Replaced
CLM018917,2022-06-13,SALE121862,Paid Repaired
CLM018918,2023-01-28,SALE121864,Completed
CLM018919,2020-12-24,SALE121870,Pending
CLM018920,2022-06-03,SALE121872,Warranty Void
CLM018921,2023-01-29,SALE121876,Rejected
CLM018922,2022-08-30,SALE121877,Pending
CLM018923,2022-03-23,SALE121878,Completed
CLM018924,2025-01-28,SALE121879,Completed
CLM018925,2021-06-24,SALE121889,Completed
CLM018926,2025-07-27,SALE121891,Completed
CLM018927,2025-09-27,SALE121922,Replaced
CLM018928,2025-12-31,SALE121939,Paid Repaired
CLM018929,2023-04-22,SALE121952,Completed
CLM018930,2021-12-06,SALE121956,Completed
CLM018931,2025-10-07,SALE121968,Paid Repaired
CLM018932,2024-12-11,SALE121979,Completed
CLM018933,2023-01-31,SALE121981,Completed
CLM018934,2025-07-17,SALE121988,Replaced
CLM018935,2023-05-24,SALE121995,Completed
CLM018936,2024-08-01,SALE122008,Replaced
CLM018937,2024-05-11,SALE122015,Completed
CLM018938,2025-12-31,SALE122020,Completed
CLM018939,2023-12-19,SALE122026,Completed
CLM018940,2023-12-16,SALE122031,Replaced
CLM018941,2023-05-23,SALE122038,Replaced
CLM018942,2022-06-27,SALE122039,Replaced
CLM018943,2020-10-26,SALE122044,Paid Repaired
CLM018944,2023-08-30,SALE122049,Paid Repaired
CLM018945,2023-03-14,SALE122050,Completed
CLM018946,2020-10-09,SALE122053,Completed
CLM018947,2022-03-11,SALE122054,Completed
CLM018948,2025-12-31,SALE122055,Pending
CLM018949,2020-06-13,SALE122066,Completed
CLM018950,2022-07-16,SALE122078,Rejected
CLM018951,2025-02-04,SALE122087,Replaced
CLM018952,2023-05-16,SALE122088,Pending
CLM018953,2022-10-17,SALE122097,Paid Repaired
CLM018954,2022-08-28,SALE122099,Pending
CLM018955,2023-06-20,SALE122103,Paid Repaired
CLM018956,2023-11-30,SALE122105,Completed
CLM018957,2022-10-16,SALE122111,Paid Repaired
CLM018958,2024-12-13,SALE122113,Replaced
CLM018959,2024-02-23,SALE122118,Completed
CLM018960,2023-04-19,SALE122145,Warranty Void
CLM018961,2023-04-12,SALE122150,Completed
CLM018962,2024-02-18,SALE122155,Completed
CLM018963,2025-04-12,SALE122161,Completed
CLM018964,2025-07-15,SALE122171,Completed
CLM018965,2025-04-03,SALE122174,Completed
CLM018966,2025-01-17,SALE122176,Paid Repaired
CLM018967,2023-08-22,SALE122179,Completed
CLM018968,2021-11-12,SALE122188,Replaced
CLM018969,2021-10-02,SALE122196,Completed
CLM018970,2022-01-26,SALE122199,Paid Repaired
CLM018971,2025-03-23,SALE122201,Completed
CLM018972,2021-06-07,SALE122205,Paid Repaired
CLM018973,2021-10-19,SALE122207,Replaced
CLM018974,2023-04-17,SALE122208,Paid Repaired
CLM018975,2023-10-01,SALE122210,Paid Repaired
CLM018976,2022-05-17,SALE122220,Rejected
CLM018977,2025-05-22,SALE122226,Replaced
CLM018978,2021-11-18,SALE122228,Paid Repaired
CLM018979,2023-10-09,SALE122229,Replaced
CLM018980,2022-01-20,SALE122241,Completed
CLM018981,2020-12-21,SALE122243,Completed
CLM018982,2022-09-15,SALE122247,Completed
CLM018983,2022-02-08,SALE122259,Completed
CLM018984,2021-12-18,SALE122266,Completed
CLM018985,2022-04-20,SALE122268,Completed
CLM018986,2024-03-19,SALE122270,Completed
CLM018987,2024-10-08,SALE122282,Completed
CLM018988,2024-12-02,SALE122309,Rejected
CLM018989,2022-12-27,SALE122310,Completed
CLM018990,2022-05-06,SALE122320,Rejected
CLM018991,2025-06-29,SALE122323,Paid Repaired
CLM018992,2022-01-05,SALE122343,Paid Repaired
CLM018993,2021-12-11,SALE122348,Completed
CLM018994,2024-05-03,SALE122356,Warranty Void
CLM018995,2025-12-31,SALE122358,Completed
CLM018996,2021-04-06,SALE122360,Replaced
CLM018997,2025-11-07,SALE122375,Replaced
CLM018998,2021-06-05,SALE122379,Completed
CLM018999,2020-09-23,SALE122383,Replaced
CLM019000,2025-05-29,SALE122388,Completed
CLM019001,2023-10-29,SALE122396,Warranty Void
CLM019002,2021-11-01,SALE122399,Replaced
CLM019003,2020-07-15,SALE122402,Completed
CLM019004,2023-01-08,SALE122421,Replaced
CLM019005,2021-08-20,SALE122422,Completed
CLM019006,2024-11-26,SALE122424,Replaced
CLM019007,2022-07-28,SALE122428,Completed
CLM019008,2022-02-03,SALE122433,Paid Repaired
CLM019009,2021-06-20,SALE122435,Completed
CLM019010,2023-02-20,SALE122437,Paid Repaired
CLM019011,2021-09-23,SALE122439,Replaced
CLM019012,2024-07-28,SALE122444,Completed
CLM019013,2023-03-31,SALE122452,Completed
CLM019014,2022-04-02,SALE122454,Pending
CLM019015,2025-12-02,SALE122456,Replaced
CLM019016,2023-08-27,SALE122466,Completed
CLM019017,2025-02-28,SALE122470,Completed
CLM019018,2025-01-28,SALE122479,Pending
CLM019019,2025-07-27,SALE122480,Completed
CLM019020,2024-01-11,SALE122490,Paid Repaired
CLM019021,2023-08-05,SALE122495,Replaced
CLM019022,2022-03-26,SALE122498,Replaced
CLM019023,2024-04-20,SALE122513,Paid Repaired
CLM019024,2023-01-11,SALE122518,Pending
CLM019025,2021-02-02,SALE122521,Replaced
CLM019026,2024-11-21,SALE122522,Completed
CLM019027,2025-02-18,SALE122528,Completed
CLM019028,2025-12-31,SALE122542,Rejected
CLM019029,2023-01-23,SALE122544,Completed
CLM019030,2025-11-20,SALE122545,Replaced
CLM019031,2022-05-04,SALE122555,Completed
CLM019032,2020-05-30,SALE122570,Replaced
CLM019033,2020-12-22,SALE122576,Completed
CLM019034,2023-05-10,SALE122578,Completed
CLM019035,2023-11-10,SALE122587,Completed
CLM019036,2022-04-04,SALE122593,Completed
CLM019037,2024-03-31,SALE122596,Pending
CLM019038,2022-09-14,SALE122601,Pending
CLM019039,2024-07-10,SALE122616,Pending
CLM019040,2022-05-01,SALE122626,Completed
CLM019041,2025-12-03,SALE122631,Completed
CLM019042,2021-10-10,SALE122645,Rejected
CLM019043,2021-04-13,SALE122646,Completed
CLM019044,2024-02-04,SALE122649,Completed
CLM019045,2020-11-20,SALE122651,Completed
CLM019046,2022-09-09,SALE122671,Completed
CLM019047,2020-11-17,SALE122677,Pending
CLM019048,2023-01-06,SALE122685,Paid Repaired
CLM019049,2020-12-06,SALE122691,Replaced
CLM019050,2021-10-06,SALE122692,Completed
CLM019051,2025-10-07,SALE122693,Completed
CLM019052,2022-08-22,SALE122695,Replaced
CLM019053,2025-05-11,SALE122705,Warranty Void
CLM019054,2025-05-23,SALE122708,Completed
CLM019055,2025-08-07,SALE122719,Completed
CLM019056,2023-01-29,SALE122720,Completed
CLM019057,2021-07-17,SALE122747,Pending
CLM019058,2025-03-27,SALE122748,Completed
CLM019059,2024-10-13,SALE122750,Completed
CLM019060,2023-05-27,SALE122752,Pending
CLM019061,2022-04-24,SALE122754,Completed
CLM019062,2023-06-03,SALE122759,Paid Repaired
CLM019063,2025-07-18,SALE122762,Paid Repaired
CLM019064,2022-08-13,SALE122764,Completed
CLM019065,2024-10-01,SALE122767,Paid Repaired
CLM019066,2022-12-29,SALE122777,Warranty Void
CLM019067,2025-12-20,SALE122779,Rejected
CLM019068,2022-07-27,SALE122786,Completed
CLM019069,2025-12-31,SALE122788,Pending
CLM019070,2025-03-20,SALE122790,Warranty Void
CLM019071,2023-09-21,SALE122794,Replaced
CLM019072,2021-12-02,SALE122803,Completed
CLM019073,2025-10-31,SALE122805,Completed
CLM019074,2022-06-04,SALE122815,Rejected
CLM019075,2024-05-09,SALE122816,Rejected
CLM019076,2025-11-21,SALE122820,Warranty Void
CLM019077,2025-12-31,SALE122824,Paid Repaired
CLM019078,2023-06-27,SALE122827,Replaced
CLM019079,2024-11-15,SALE122829,Replaced
CLM019080,2021-12-18,SALE122841,Completed
CLM019081,2022-02-27,SALE122856,Completed
CLM019082,2023-04-23,SALE122858,Paid Repaired
CLM019083,2023-11-18,SALE122864,Completed
CLM019084,2023-09-07,SALE122866,Replaced
CLM019085,2021-07-22,SALE122869,Completed
CLM019086,2022-10-25,SALE122872,Replaced
CLM019087,2023-05-06,SALE122890,Replaced
CLM019088,2025-12-31,SALE122896,Completed
CLM019089,2024-05-30,SALE122900,Replaced
CLM019090,2021-05-29,SALE122903,Warranty Void
CLM019091,2020-08-04,SALE122911,Replaced
CLM019092,2025-01-21,SALE122914,Paid Repaired
CLM019093,2021-08-17,SALE122919,Completed
CLM019094,2024-07-30,SALE122922,Rejected
CLM019095,2020-04-18,SALE122926,Warranty Void
CLM019096,2023-03-21,SALE122928,Paid Repaired
CLM019097,2022-09-15,SALE122933,Warranty Void
CLM019098,2022-07-19,SALE122935,Completed
CLM019099,2025-12-19,SALE122938,Replaced
CLM019100,2021-01-19,SALE122944,Completed
CLM019101,2023-05-05,SALE122947,Completed
CLM019102,2024-02-10,SALE122948,Completed
CLM019103,2022-10-31,SALE122952,Completed
CLM019104,2023-12-12,SALE122955,Pending
CLM019105,2023-11-28,SALE122962,Pending
CLM019106,2021-03-12,SALE122967,Replaced
CLM019107,2021-06-02,SALE122968,Completed
CLM019108,2024-09-21,SALE122973,Pending
CLM019109,2025-07-02,SALE122975,Completed
CLM019110,2020-11-11,SALE122977,Completed
CLM019111,2024-01-12,SALE122980,Completed
CLM019112,2021-10-30,SALE123001,Completed
CLM019113,2021-08-10,SALE123008,Pending
CLM019114,2024-09-24,SALE123011,Completed
CLM019115,2022-05-11,SALE123017,Paid Repaired
CLM019116,2025-10-08,SALE123021,Completed
CLM019117,2022-03-22,SALE123028,Rejected
CLM019118,2022-04-06,SALE123033,Pending
CLM019119,2023-03-13,SALE123034,Completed
CLM019120,2024-05-07,SALE123035,Replaced
CLM019121,2022-08-09,SALE123039,Completed
CLM019122,2024-08-20,SALE123048,Warranty Void
CLM019123,2023-05-31,SALE123054,Replaced
CLM019124,2022-07-12,SALE123056,Paid Repaired
CLM019125,2022-12-18,SALE123064,Paid Repaired
CLM019126,2024-01-01,SALE123082,Completed
CLM019127,2025-10-16,SALE123085,Completed
CLM019128,2024-12-21,SALE123090,Replaced
CLM019129,2025-04-06,SALE123103,Completed
CLM019130,2021-10-21,SALE123104,Paid Repaired
CLM019131,2023-07-08,SALE123110,Completed
CLM019132,2023-08-16,SALE123111,Completed
CLM019133,2025-03-26,SALE123120,Completed
CLM019134,2023-07-24,SALE123122,Replaced
CLM019135,2025-07-09,SALE123140,Replaced
CLM019136,2025-08-21,SALE123157,Rejected
CLM019137,2025-08-11,SALE123166,Paid Repaired
CLM019138,2025-12-31,SALE123171,Replaced
CLM019139,2021-12-09,SALE123172,Warranty Void
CLM019140,2020-08-22,SALE123177,Rejected
CLM019141,2021-02-27,SALE123179,Completed
CLM019142,2021-07-19,SALE123183,Completed
CLM019143,2020-09-03,SALE123190,Replaced
CLM019144,2025-09-28,SALE123196,Completed
CLM019145,2025-05-01,SALE123201,Warranty Void
CLM019146,2022-01-14,SALE123202,Paid Repaired
CLM019147,2021-09-24,SALE123214,Paid Repaired
CLM019148,2025-02-16,SALE123215,Replaced
CLM019149,2020-08-06,SALE123217,Paid Repaired
CLM019150,2020-10-20,SALE123225,Completed
CLM019151,2024-11-04,SALE123226,Completed
CLM019152,2020-12-15,SALE123228,Completed
CLM019153,2022-11-08,SALE123229,Pending
CLM019154,2022-12-02,SALE123231,Paid Repaired
CLM019155,2023-04-29,SALE123232,Completed
CLM019156,2025-12-31,SALE123240,Completed
CLM019157,2025-01-05,SALE123243,Completed
CLM019158,2023-06-15,SALE123246,Replaced
CLM019159,2021-10-11,SALE123249,Replaced
CLM019160,2022-02-24,SALE123252,Completed
CLM019161,2023-04-06,SALE123253,Warranty Void
CLM019162,2021-05-13,SALE123255,Completed
CLM019163,2024-02-24,SALE123258,Replaced
CLM019164,2025-02-03,SALE123264,Paid Repaired
CLM019165,2025-12-26,SALE123270,Pending
CLM019166,2022-04-04,SALE123273,Completed
CLM019167,2023-05-19,SALE123279,Completed
CLM019168,2023-08-21,SALE123292,Completed
CLM019169,2025-07-10,SALE123297,Pending
CLM019170,2024-06-09,SALE123301,Paid Repaired
CLM019171,2025-03-26,SALE123323,Completed
CLM019172,2021-05-01,SALE123327,Completed
CLM019173,2022-06-09,SALE123335,Completed
CLM019174,2021-12-12,SALE123368,Pending
CLM019175,2023-09-19,SALE123371,Completed
CLM019176,2022-02-10,SALE123372,Completed
CLM019177,2023-03-26,SALE123379,Replaced
CLM019178,2021-08-24,SALE123391,Completed
CLM019179,2020-05-04,SALE123395,Completed
CLM019180,2025-12-31,SALE123396,Completed
CLM019181,2022-04-13,SALE123399,Completed
CLM019182,2023-08-31,SALE123400,Completed
CLM019183,2023-12-14,SALE123406,Replaced
CLM019184,2023-08-24,SALE123414,Rejected
CLM019185,2021-03-29,SALE123418,Rejected
CLM019186,2023-03-08,SALE123427,Completed
CLM019187,2021-10-10,SALE123431,Completed
CLM019188,2025-12-31,SALE123441,Completed
CLM019189,2022-04-10,SALE123452,Paid Repaired
CLM019190,2022-03-24,SALE123454,Completed
CLM019191,2020-05-05,SALE123455,Warranty Void
CLM019192,2023-07-24,SALE123468,Replaced
CLM019193,2022-02-26,SALE123474,Rejected
CLM019194,2022-03-15,SALE123476,Warranty Void
CLM019195,2021-11-26,SALE123484,Completed
CLM019196,2021-03-14,SALE123494,Completed
CLM019197,2024-05-09,SALE123496,Paid Repaired
CLM019198,2024-05-22,SALE123497,Replaced
CLM019199,2023-01-03,SALE123499,Completed
CLM019200,2024-03-25,SALE123502,Paid Repaired
CLM019201,2024-09-24,SALE123503,Paid Repaired
CLM019202,2022-02-14,SALE123508,Replaced
CLM019203,2022-02-26,SALE123513,Completed
CLM019204,2022-09-17,SALE123515,Paid Repaired
CLM019205,2023-12-09,SALE123518,Completed
CLM019206,2020-08-05,SALE123534,Completed
CLM019207,2023-03-30,SALE123535,Warranty Void
CLM019208,2025-01-26,SALE123547,Completed
CLM019209,2023-07-10,SALE123557,Completed
CLM019210,2023-02-24,SALE123566,Paid Repaired
CLM019211,2022-11-28,SALE123568,Completed
CLM019212,2021-05-21,SALE123577,Pending
CLM019213,2025-12-31,SALE123587,Completed
CLM019214,2020-09-27,SALE123594,Replaced
CLM019215,2023-03-26,SALE123598,Replaced
CLM019216,2022-02-22,SALE123599,Completed
CLM019217,2023-10-29,SALE123605,Completed
CLM019218,2021-03-12,SALE123610,Warranty Void
CLM019219,2025-05-28,SALE123616,Completed
CLM019220,2025-02-17,SALE123634,Pending
CLM019221,2024-10-11,SALE123635,Warranty Void
CLM019222,2025-01-13,SALE123636,Completed
CLM019223,2023-04-19,SALE123637,Rejected
CLM019224,2024-02-08,SALE123648,Completed
CLM019225,2021-09-18,SALE123651,Completed
CLM019226,2024-09-23,SALE123662,Replaced
CLM019227,2025-05-23,SALE123670,Completed
CLM019228,2022-12-02,SALE123673,Pending
CLM019229,2022-09-01,SALE123677,Completed
CLM019230,2025-12-31,SALE123690,Completed
CLM019231,2025-01-26,SALE123691,Completed
CLM019232,2023-01-15,SALE123693,Completed
CLM019233,2023-04-05,SALE123695,Completed
CLM019234,2020-09-04,SALE123698,Completed
CLM019235,2024-01-16,SALE123703,Completed
CLM019236,2024-07-01,SALE123707,Completed
CLM019237,2021-09-18,SALE123708,Replaced
CLM019238,2025-12-31,SALE123719,Completed
CLM019239,2025-12-31,SALE123729,Completed
CLM019240,2021-10-15,SALE123740,Completed
CLM019241,2020-06-24,SALE123741,Completed
CLM019242,2024-05-25,SALE123742,Completed
CLM019243,2022-11-19,SALE123744,Pending
CLM019244,2020-11-01,SALE123753,Completed
CLM019245,2025-12-07,SALE123755,Completed
CLM019246,2023-03-08,SALE123757,Pending
CLM019247,2023-11-17,SALE123766,Completed
CLM019248,2022-08-06,SALE123767,Completed
CLM019249,2021-10-16,SALE123770,Completed
CLM019250,2021-08-28,SALE123771,Pending
CLM019251,2022-09-20,SALE123772,Warranty Void
CLM019252,2022-08-21,SALE123778,Paid Repaired
CLM019253,2021-01-24,SALE123779,Paid Repaired
CLM019254,2024-12-19,SALE123785,Completed
CLM019255,2020-12-13,SALE123788,Paid Repaired
CLM019256,2022-08-23,SALE123814,Completed
CLM019257,2023-09-13,SALE123819,Paid Repaired
CLM019258,2025-12-31,SALE123820,Completed
CLM019259,2025-02-05,SALE123835,Paid Repaired
CLM019260,2024-07-21,SALE123838,Completed
CLM019261,2025-05-18,SALE123846,Rejected
CLM019262,2025-08-20,SALE123853,Rejected
CLM019263,2022-04-02,SALE123859,Rejected
CLM019264,2023-08-12,SALE123874,Rejected
CLM019265,2023-09-01,SALE123884,Pending
CLM019266,2023-10-26,SALE123886,Replaced
CLM019267,2025-04-16,SALE123895,Completed
CLM019268,2022-09-28,SALE123899,Rejected
CLM019269,2023-01-04,SALE123902,Replaced
CLM019270,2025-05-30,SALE123915,Completed
CLM019271,2025-06-02,SALE123927,Paid Repaired
CLM019272,2024-04-14,SALE123938,Completed
CLM019273,2022-04-06,SALE123948,Pending
CLM019274,2021-01-28,SALE123950,Warranty Void
CLM019275,2021-03-17,SALE123974,Completed
CLM019276,2022-11-13,SALE123979,Completed
CLM019277,2021-02-16,SALE123985,Replaced
CLM019278,2022-09-12,SALE123986,Completed
CLM019279,2024-04-21,SALE123998,Completed
CLM019280,2021-06-16,SALE124004,Replaced
CLM019281,2023-12-10,SALE124006,Replaced
CLM019282,2025-12-19,SALE124018,Completed
CLM019283,2021-12-22,SALE124036,Paid Repaired
CLM019284,2025-09-08,SALE124040,Replaced
CLM019285,2022-10-12,SALE124046,Completed
CLM019286,2022-10-30,SALE124048,Replaced
CLM019287,2022-10-10,SALE124051,Paid Repaired
CLM019288,2022-10-14,SALE124052,Rejected
CLM019289,2024-11-25,SALE124065,Completed
CLM019290,2021-10-06,SALE124081,Completed
CLM019291,2022-06-13,SALE124086,Completed
CLM019292,2024-04-25,SALE124090,Pending
CLM019293,2022-09-14,SALE124095,Replaced
CLM019294,2022-10-30,SALE124098,Completed
CLM019295,2022-02-24,SALE124100,Replaced
CLM019296,2022-07-05,SALE124116,Completed
CLM019297,2022-04-23,SALE124120,Completed
CLM019298,2023-09-22,SALE124122,Warranty Void
CLM019299,2025-07-27,SALE124127,Paid Repaired
CLM019300,2023-03-10,SALE124128,Pending
CLM019301,2023-08-27,SALE124133,Completed
CLM019302,2023-04-22,SALE124144,Completed
CLM019303,2023-01-17,SALE124170,Completed
CLM019304,2022-04-10,SALE124175,Completed
CLM019305,2025-08-17,SALE124176,Completed
CLM019306,2021-01-16,SALE124179,Paid Repaired
CLM019307,2022-07-17,SALE124180,Warranty Void
CLM019308,2025-03-30,SALE124187,Completed
CLM019309,2021-03-19,SALE124190,Paid Repaired
CLM019310,2024-05-11,SALE124194,Paid Repaired
CLM019311,2021-10-04,SALE124195,Completed
CLM019312,2020-09-10,SALE124201,Warranty Void
CLM019313,2024-11-05,SALE124205,Completed
CLM019314,2023-07-06,SALE124211,Paid Repaired
CLM019315,2023-05-04,SALE124219,Completed
CLM019316,2022-10-27,SALE124221,Paid Repaired
CLM019317,2021-06-15,SALE124243,Completed
CLM019318,2021-05-08,SALE124258,Replaced
CLM019319,2025-05-17,SALE124264,Pending
CLM019320,2020-12-24,SALE124266,Completed
CLM019321,2023-10-13,SALE124274,Paid Repaired
CLM019322,2023-04-17,SALE124283,Completed
CLM019323,2022-02-16,SALE124285,Replaced
CLM019324,2022-06-03,SALE124316,Completed
CLM019325,2021-05-25,SALE124322,Pending
CLM019326,2025-09-19,SALE124325,Replaced
CLM019327,2021-09-03,SALE124331,Completed
CLM019328,2023-09-09,SALE124335,Pending
CLM019329,2023-04-22,SALE124336,Paid Repaired
CLM019330,2024-12-25,SALE124345,Replaced
CLM019331,2024-12-05,SALE124349,Completed
CLM019332,2024-05-18,SALE124352,Replaced
CLM019333,2025-12-31,SALE124360,Pending
CLM019334,2024-02-08,SALE124366,Paid Repaired
CLM019335,2021-08-12,SALE124368,Paid Repaired
CLM019336,2022-03-12,SALE124369,Replaced
CLM019337,2024-04-06,SALE124370,Completed
CLM019338,2025-09-08,SALE124375,Completed
CLM019339,2022-07-13,SALE124377,Replaced
CLM019340,2023-06-15,SALE124378,Pending
CLM019341,2022-07-25,SALE124381,Replaced
CLM019342,2022-06-11,SALE124386,Completed
CLM019343,2024-02-22,SALE124389,Completed
CLM019344,2022-08-19,SALE124391,Completed
CLM019345,2024-12-07,SALE124399,Completed
CLM019346,2025-02-25,SALE124413,Replaced
CLM019347,2023-05-16,SALE124417,Completed
CLM019348,2023-08-04,SALE124432,Replaced
CLM019349,2024-04-11,SALE124436,Paid Repaired
CLM019350,2024-08-25,SALE124446,Completed
CLM019351,2024-06-26,SALE124466,Replaced
CLM019352,2022-03-16,SALE124473,Completed
CLM019353,2021-09-11,SALE124474,Replaced
CLM019354,2023-05-28,SALE124476,Completed
CLM019355,2022-04-18,SALE124479,Paid Repaired
CLM019356,2021-10-22,SALE124482,Completed
CLM019357,2021-06-27,SALE124483,Completed
CLM019358,2025-04-24,SALE124501,Completed
CLM019359,2021-12-28,SALE124507,Paid Repaired
CLM019360,2022-01-28,SALE124508,Warranty Void
CLM019361,2025-02-22,SALE124510,Completed
CLM019362,2021-11-25,SALE124513,Replaced
CLM019363,2025-08-26,SALE124514,Pending
CLM019364,2021-02-23,SALE124519,Replaced
CLM019365,2021-05-27,SALE124520,Completed
CLM019366,2023-04-10,SALE124524,Replaced
CLM019367,2021-07-02,SALE124546,Pending
CLM019368,2022-06-14,SALE124556,Replaced
CLM019369,2022-03-29,SALE124564,Paid Repaired
CLM019370,2025-04-12,SALE124568,Warranty Void
CLM019371,2022-03-26,SALE124570,Pending
CLM019372,2024-04-10,SALE124573,Paid Repaired
CLM019373,2024-07-22,SALE124581,Pending
CLM019374,2020-11-27,SALE124582,Warranty Void
CLM019375,2021-02-26,SALE124585,Pending
CLM019376,2023-03-26,SALE124591,Completed
CLM019377,2021-07-01,SALE124595,Completed
CLM019378,2022-03-21,SALE124597,Rejected
CLM019379,2023-08-13,SALE124599,Completed
CLM019380,2024-03-23,SALE124617,Completed
CLM019381,2024-04-02,SALE124625,Pending
CLM019382,2024-11-26,SALE124630,Completed
CLM019383,2025-12-31,SALE124642,Replaced
CLM019384,2020-10-19,SALE124656,Completed
CLM019385,2024-02-21,SALE124658,Warranty Void
CLM019386,2025-01-14,SALE124665,Completed
CLM019387,2023-06-16,SALE124666,Completed
CLM019388,2021-03-13,SALE124670,Paid Repaired
CLM019389,2023-09-20,SALE124672,Pending
CLM019390,2023-12-19,SALE124686,Warranty Void
CLM019391,2023-08-22,SALE124692,Completed
CLM019392,2021-09-16,SALE124696,Completed
CLM019393,2022-03-29,SALE124711,Completed
CLM019394,2025-03-16,SALE124713,Completed
CLM019395,2022-11-10,SALE124721,Replaced
CLM019396,2023-11-21,SALE124725,Completed
CLM019397,2023-04-04,SALE124731,Pending
CLM019398,2025-12-31,SALE124745,Completed
CLM019399,2022-09-14,SALE124755,Completed
CLM019400,2023-01-21,SALE124767,Completed
CLM019401,2023-04-01,SALE124768,Pending
CLM019402,2021-10-08,SALE124774,Pending
CLM019403,2021-02-05,SALE124776,Completed
CLM019404,2024-06-12,SALE124781,Completed
CLM019405,2023-01-15,SALE124789,Replaced
CLM019406,2021-06-03,SALE124809,Completed
CLM019407,2023-12-31,SALE124817,Completed
CLM019408,2024-10-02,SALE124819,Rejected
CLM019409,2024-10-02,SALE124823,Paid Repaired
CLM019410,2021-05-30,SALE124827,Rejected
CLM019411,2022-12-07,SALE124830,Completed
CLM019412,2024-11-09,SALE124837,Pending
CLM019413,2022-09-23,SALE124842,Paid Repaired
CLM019414,2020-08-04,SALE124849,Completed
CLM019415,2024-05-29,SALE124856,Completed
CLM019416,2025-01-31,SALE124862,Completed
CLM019417,2022-04-18,SALE124864,Rejected
CLM019418,2023-06-18,SALE124870,Pending
CLM019419,2024-10-15,SALE124873,Completed
CLM019420,2024-02-14,SALE124884,Warranty Void
CLM019421,2023-04-26,SALE124889,Completed
CLM019422,2022-04-23,SALE124899,Paid Repaired
CLM019423,2024-02-12,SALE124938,Pending
CLM019424,2024-02-14,SALE124950,Completed
CLM019425,2025-05-11,SALE124958,Completed
CLM019426,2022-06-19,SALE124974,Completed
CLM019427,2023-12-09,SALE124981,Completed
CLM019428,2023-12-10,SALE124987,Replaced
CLM019429,2024-11-25,SALE124990,Paid Repaired
CLM019430,2020-06-22,SALE124991,Replaced
CLM019431,2025-12-31,SALE125014,Replaced
CLM019432,2021-09-08,SALE125023,Rejected
CLM019433,2021-03-21,SALE125029,Completed
CLM019434,2022-06-14,SALE125034,Completed
CLM019435,2025-12-31,SALE125038,Pending
CLM019436,2024-05-17,SALE125048,Completed
CLM019437,2025-10-06,SALE125056,Completed
CLM019438,2022-12-04,SALE125057,Completed
CLM019439,2021-06-16,SALE125058,Paid Repaired
CLM019440,2021-03-09,SALE125062,Warranty Void
CLM019441,2025-04-14,SALE125066,Rejected
CLM019442,2024-05-30,SALE125070,Completed
CLM019443,2022-08-29,SALE125073,Completed
CLM019444,2025-12-21,SALE125081,Completed
CLM019445,2024-10-09,SALE125082,Completed
CLM019446,2021-01-18,SALE125084,Replaced
CLM019447,2025-10-15,SALE125087,Warranty Void
CLM019448,2021-09-19,SALE125092,Replaced
CLM019449,2021-04-29,SALE125108,Replaced
CLM019450,2021-07-25,SALE125112,Completed
CLM019451,2023-08-17,SALE125128,Completed
CLM019452,2023-05-21,SALE125153,Warranty Void
CLM019453,2023-02-21,SALE125155,Completed
CLM019454,2023-03-09,SALE125160,Replaced
CLM019455,2022-10-31,SALE125165,Pending
CLM019456,2021-09-13,SALE125175,Paid Repaired
CLM019457,2020-11-06,SALE125180,Replaced
CLM019458,2023-03-03,SALE125194,Completed
CLM019459,2022-07-07,SALE125223,Completed
CLM019460,2024-03-02,SALE125232,Completed
CLM019461,2023-02-20,SALE125235,Completed
CLM019462,2021-07-23,SALE125241,Replaced
CLM019463,2023-07-12,SALE125244,Completed
CLM019464,2024-01-08,SALE125246,Paid Repaired
CLM019465,2021-08-31,SALE125249,Rejected
CLM019466,2022-10-20,SALE125251,Rejected
CLM019467,2025-10-05,SALE125260,Warranty Void
CLM019468,2025-10-21,SALE125268,Rejected
CLM019469,2023-04-21,SALE125286,Pending
CLM019470,2025-12-31,SALE125290,Replaced
CLM019471,2024-07-08,SALE125292,Completed
CLM019472,2021-02-07,SALE125293,Completed
CLM019473,2024-07-30,SALE125300,Completed
CLM019474,2025-01-10,SALE125302,Rejected
CLM019475,2024-02-28,SALE125313,Paid Repaired
CLM019476,2023-08-17,SALE125315,Warranty Void
CLM019477,2025-09-18,SALE125319,Pending
CLM019478,2024-10-22,SALE125323,Completed
CLM019479,2023-11-28,SALE125329,Completed
CLM019480,2023-08-13,SALE125353,Pending
CLM019481,2022-08-30,SALE125354,Completed
CLM019482,2024-11-29,SALE125361,Completed
CLM019483,2021-07-19,SALE125362,Rejected
CLM019484,2024-05-22,SALE125376,Completed
CLM019485,2025-12-31,SALE125380,Completed
CLM019486,2021-08-13,SALE125383,Completed
CLM019487,2023-11-23,SALE125384,Replaced
CLM019488,2022-10-01,SALE125393,Completed
CLM019489,2021-01-21,SALE125394,Warranty Void
CLM019490,2023-11-29,SALE125398,Completed
CLM019491,2024-12-08,SALE125400,Replaced
CLM019492,2024-01-31,SALE125408,Completed
CLM019493,2023-09-30,SALE125418,Warranty Void
CLM019494,2024-03-20,SALE125420,Completed
CLM019495,2021-05-14,SALE125422,Replaced
CLM019496,2022-02-11,SALE125428,Paid Repaired
CLM019497,2025-08-17,SALE125439,Replaced
CLM019498,2022-11-03,SALE125440,Replaced
CLM019499,2024-12-08,SALE125441,Completed
CLM019500,2022-02-25,SALE125468,Rejected
CLM019501,2024-03-08,SALE125471,Pending
CLM019502,2024-02-08,SALE125473,Completed
CLM019503,2023-08-17,SALE125475,Completed
CLM019504,2024-06-01,SALE125487,Completed
CLM019505,2023-04-10,SALE125489,Completed
CLM019506,2023-06-17,SALE125495,Completed
CLM019507,2020-12-01,SALE125504,Completed
CLM019508,2024-09-03,SALE125506,Rejected
CLM019509,2021-11-11,SALE125507,Completed
CLM019510,2023-10-04,SALE125508,Replaced
CLM019511,2023-03-11,SALE125510,Replaced
CLM019512,2022-05-18,SALE125511,Replaced
CLM019513,2021-04-15,SALE125516,Replaced
CLM019514,2020-05-25,SALE125517,Completed
CLM019515,2024-05-12,SALE125544,Pending
CLM019516,2022-12-15,SALE125545,Pending
CLM019517,2021-03-07,SALE125548,Replaced
CLM019518,2021-06-25,SALE125550,Completed
CLM019519,2024-05-24,SALE125554,Completed
CLM019520,2024-06-21,SALE125556,Completed
CLM019521,2020-07-12,SALE125561,Completed
CLM019522,2025-03-30,SALE125567,Completed
CLM019523,2023-07-21,SALE125569,Completed
CLM019524,2020-03-23,SALE125591,Rejected
CLM019525,2023-01-27,SALE125604,Pending
CLM019526,2022-06-27,SALE125606,Completed
CLM019527,2025-07-08,SALE125613,Completed
CLM019528,2023-11-09,SALE125619,Completed
CLM019529,2022-12-04,SALE125621,Pending
CLM019530,2022-06-01,SALE125625,Paid Repaired
CLM019531,2025-11-21,SALE125636,Replaced
CLM019532,2025-01-02,SALE125650,Completed
CLM019533,2024-05-19,SALE125652,Paid Repaired
CLM019534,2022-05-20,SALE125659,Completed
CLM019535,2024-04-20,SALE125666,Pending
CLM019536,2024-10-08,SALE125677,Paid Repaired
CLM019537,2021-05-26,SALE125681,Rejected
CLM019538,2020-12-02,SALE125685,Warranty Void
CLM019539,2024-02-23,SALE125686,Paid Repaired
CLM019540,2024-04-06,SALE125690,Warranty Void
CLM019541,2024-03-31,SALE125694,Replaced
CLM019542,2023-11-04,SALE125697,Paid Repaired
CLM019543,2025-05-15,SALE125705,Completed
CLM019544,2023-07-07,SALE125712,Completed
CLM019545,2025-12-31,SALE125714,Paid Repaired
CLM019546,2023-06-05,SALE125726,Completed
CLM019547,2024-02-20,SALE125739,Completed
CLM019548,2023-04-12,SALE125741,Replaced
CLM019549,2025-12-31,SALE125746,Completed
CLM019550,2025-04-19,SALE125752,Completed
CLM019551,2022-11-12,SALE125757,Paid Repaired
CLM019552,2024-09-07,SALE125762,Paid Repaired
CLM019553,2024-01-31,SALE125772,Paid Repaired
CLM019554,2025-12-29,SALE125774,Completed
CLM019555,2021-11-28,SALE125792,Replaced
CLM019556,2022-02-04,SALE125795,Pending
CLM019557,2021-12-16,SALE125797,Completed
CLM019558,2024-05-22,SALE125799,Paid Repaired
CLM019559,2021-06-01,SALE125802,Paid Repaired
CLM019560,2021-12-05,SALE125811,Paid Repaired
CLM019561,2022-11-20,SALE125816,Completed
CLM019562,2022-03-25,SALE125822,Paid Repaired
CLM019563,2023-12-14,SALE125826,Completed
CLM019564,2023-03-08,SALE125833,Completed
CLM019565,2025-09-16,SALE125835,Completed
CLM019566,2023-07-10,SALE125848,Completed
CLM019567,2023-01-30,SALE125854,Pending
CLM019568,2020-11-24,SALE125863,Completed
CLM019569,2023-09-04,SALE125865,Completed
CLM019570,2022-11-10,SALE125870,Completed
CLM019571,2023-10-18,SALE125871,Warranty Void
CLM019572,2025-12-31,SALE125872,Replaced
CLM019573,2025-12-31,SALE125880,Replaced
CLM019574,2024-06-02,SALE125881,Completed
CLM019575,2022-06-17,SALE125885,Paid Repaired
CLM019576,2021-07-17,SALE125887,Replaced
CLM019577,2021-09-29,SALE125907,Completed
CLM019578,2025-12-31,SALE125925,Paid Repaired
CLM019579,2021-05-07,SALE125933,Completed
CLM019580,2022-03-14,SALE125939,Completed
CLM019581,2023-02-10,SALE125947,Completed
CLM019582,2022-11-17,SALE125948,Rejected
CLM019583,2021-04-26,SALE125953,Completed
CLM019584,2021-07-27,SALE125956,Rejected
CLM019585,2021-12-20,SALE125965,Replaced
CLM019586,2022-03-10,SALE125966,Rejected
CLM019587,2021-05-15,SALE125969,Replaced
CLM019588,2025-08-31,SALE125976,Completed
CLM019589,2021-01-24,SALE125985,Replaced
CLM019590,2022-02-26,SALE125988,Replaced
CLM019591,2022-11-09,SALE125995,Rejected
CLM019592,2021-10-14,SALE126009,Completed
CLM019593,2022-10-29,SALE126018,Completed
CLM019594,2025-08-30,SALE126022,Completed
CLM019595,2025-01-20,SALE126025,Replaced
CLM019596,2025-05-19,SALE126026,Completed
CLM019597,2023-08-16,SALE126033,Replaced
CLM019598,2020-05-17,SALE126037,Replaced
CLM019599,2021-11-15,SALE126054,Paid Repaired
CLM019600,2024-10-16,SALE126061,Completed
CLM019601,2023-07-29,SALE126069,Pending
CLM019602,2021-04-04,SALE126071,Completed
CLM019603,2025-10-18,SALE126072,Completed
CLM019604,2025-11-29,SALE126074,Completed
CLM019605,2022-02-03,SALE126089,Completed
CLM019606,2022-10-17,SALE126098,Completed
CLM019607,2025-12-31,SALE126100,Completed
CLM019608,2025-01-20,SALE126104,Pending
CLM019609,2022-01-15,SALE126111,Completed
CLM019610,2024-05-24,SALE126112,Completed
CLM019611,2023-09-25,SALE126114,Completed
CLM019612,2021-07-01,SALE126118,Completed
CLM019613,2022-10-01,SALE126122,Replaced
CLM019614,2023-05-10,SALE126124,Completed
CLM019615,2025-03-03,SALE126131,Paid Repaired
CLM019616,2023-09-27,SALE126135,Completed
CLM019617,2024-03-31,SALE126148,Replaced
CLM019618,2021-09-01,SALE126155,Completed
CLM019619,2025-06-27,SALE126157,Completed
CLM019620,2023-12-11,SALE126165,Completed
CLM019621,2024-02-20,SALE126171,Replaced
CLM019622,2024-01-21,SALE126174,Rejected
CLM019623,2022-05-30,SALE126176,Paid Repaired
CLM019624,2020-09-06,SALE126180,Completed
CLM019625,2022-11-15,SALE126184,Warranty Void
CLM019626,2022-08-23,SALE126188,Replaced
CLM019627,2023-09-26,SALE126204,Replaced
CLM019628,2023-03-22,SALE126209,Pending
CLM019629,2020-03-30,SALE126212,Completed
CLM019630,2022-12-13,SALE126214,Completed
CLM019631,2022-02-20,SALE126224,Paid Repaired
CLM019632,2025-10-24,SALE126228,Completed
CLM019633,2023-11-20,SALE126235,Completed
CLM019634,2024-11-21,SALE126237,Completed
CLM019635,2021-12-04,SALE126241,Completed
CLM019636,2024-02-16,SALE126253,Completed
CLM019637,2025-12-31,SALE126265,Completed
CLM019638,2022-10-27,SALE126268,Replaced
CLM019639,2022-01-16,SALE126269,Completed
CLM019640,2021-08-09,SALE126270,Replaced
CLM019641,2023-12-17,SALE126271,Replaced
CLM019642,2023-04-28,SALE126294,Paid Repaired
CLM019643,2021-10-28,SALE126296,Completed
CLM019644,2024-08-06,SALE126310,Completed
CLM019645,2025-12-25,SALE126326,Paid Repaired
CLM019646,2025-08-20,SALE126332,Completed
CLM019647,2023-01-08,SALE126333,Replaced
CLM019648,2023-10-29,SALE126337,Rejected
CLM019649,2022-01-06,SALE126339,Completed
CLM019650,2023-06-06,SALE126343,Paid Repaired
CLM019651,2022-08-09,SALE126352,Completed
CLM019652,2022-12-13,SALE126353,Replaced
CLM019653,2024-08-26,SALE126356,Completed
CLM019654,2021-04-11,SALE126359,Completed
CLM019655,2022-10-13,SALE126362,Warranty Void
CLM019656,2025-12-31,SALE126363,Completed
CLM019657,2025-06-29,SALE126366,Warranty Void
CLM019658,2023-10-31,SALE126389,Completed
CLM019659,2023-02-28,SALE126402,Completed
CLM019660,2022-02-22,SALE126409,Completed
CLM019661,2023-12-28,SALE126413,Completed
CLM019662,2025-10-10,SALE126418,Paid Repaired
CLM019663,2021-02-10,SALE126421,Pending
CLM019664,2023-09-11,SALE126422,Replaced
CLM019665,2022-11-18,SALE126424,Completed
CLM019666,2024-11-04,SALE126426,Rejected
CLM019667,2024-08-09,SALE126431,Replaced
CLM019668,2023-10-12,SALE126439,Pending
CLM019669,2022-05-23,SALE126449,Warranty Void
CLM019670,2025-03-13,SALE126451,Replaced
CLM019671,2023-03-15,SALE126453,Paid Repaired
CLM019672,2025-01-20,SALE126454,Paid Repaired
CLM019673,2025-09-01,SALE126455,Paid Repaired
CLM019674,2022-11-23,SALE126459,Completed
CLM019675,2022-04-23,SALE126465,Replaced
CLM019676,2021-10-19,SALE126468,Completed
CLM019677,2025-12-31,SALE126474,Completed
CLM019678,2021-04-15,SALE126486,Warranty Void
CLM019679,2022-09-07,SALE126491,Paid Repaired
CLM019680,2024-01-29,SALE126496,Pending
CLM019681,2021-12-28,SALE126497,Pending
CLM019682,2020-08-07,SALE126503,Completed
CLM019683,2022-09-24,SALE126512,Rejected
CLM019684,2022-06-29,SALE126526,Completed
CLM019685,2022-12-27,SALE126529,Paid Repaired
CLM019686,2021-04-22,SALE126537,Replaced
CLM019687,2023-05-21,SALE126546,Completed
CLM019688,2023-12-16,SALE126551,Paid Repaired
CLM019689,2025-12-31,SALE126552,Paid Repaired
CLM019690,2022-12-16,SALE126560,Rejected
CLM019691,2020-09-25,SALE126565,Pending
CLM019692,2025-10-09,SALE126568,Pending
CLM019693,2020-09-04,SALE126571,Completed
CLM019694,2025-09-23,SALE126576,Completed
CLM019695,2021-03-24,SALE126590,Completed
CLM019696,2024-04-16,SALE126597,Completed
CLM019697,2023-10-07,SALE126602,Paid Repaired
CLM019698,2024-05-26,SALE126611,Pending
CLM019699,2025-12-31,SALE126617,Pending
CLM019700,2022-12-24,SALE126618,Warranty Void
CLM019701,2022-11-03,SALE126625,Rejected
CLM019702,2025-12-31,SALE126636,Completed
CLM019703,2022-11-29,SALE126640,Completed
CLM019704,2022-03-09,SALE126645,Paid Repaired
CLM019705,2022-01-05,SALE126651,Replaced
CLM019706,2020-07-17,SALE126655,Paid Repaired
CLM019707,2024-09-29,SALE126656,Paid Repaired
CLM019708,2020-06-30,SALE126676,Warranty Void
CLM019709,2024-06-01,SALE126678,Paid Repaired
CLM019710,2020-10-27,SALE126685,Replaced
CLM019711,2023-03-23,SALE126694,Completed
CLM019712,2022-11-17,SALE126709,Replaced
CLM019713,2023-07-19,SALE126718,Warranty Void
CLM019714,2021-07-29,SALE126719,Replaced
CLM019715,2023-05-10,SALE126723,Replaced
CLM019716,2022-11-15,SALE126727,Completed
CLM019717,2022-11-12,SALE126730,Pending
CLM019718,2021-02-12,SALE126736,Pending
CLM019719,2025-12-31,SALE126738,Completed
CLM019720,2022-12-25,SALE126739,Completed
CLM019721,2025-09-29,SALE126741,Replaced
CLM019722,2022-01-20,SALE126742,Completed
CLM019723,2025-03-16,SALE126743,Paid Repaired
CLM019724,2023-12-25,SALE126744,Completed
CLM019725,2025-03-04,SALE126747,Replaced
CLM019726,2021-11-04,SALE126748,Pending
CLM019727,2024-06-17,SALE126753,Pending
CLM019728,2021-10-30,SALE126758,Completed
CLM019729,2021-03-07,SALE126761,Pending
CLM019730,2025-09-15,SALE126762,Paid Repaired
CLM019731,2021-12-26,SALE126767,Paid Repaired
CLM019732,2025-12-31,SALE126775,Replaced
CLM019733,2021-02-21,SALE126779,Completed
CLM019734,2023-12-03,SALE126785,Replaced
CLM019735,2024-01-29,SALE126795,Completed
CLM019736,2023-11-08,SALE126798,Completed
CLM019737,2025-10-03,SALE126801,Paid Repaired
CLM019738,2024-04-19,SALE126811,Completed
CLM019739,2020-12-02,SALE126819,Paid Repaired
CLM019740,2022-05-02,SALE126829,Completed
CLM019741,2021-10-13,SALE126833,Completed
CLM019742,2021-03-24,SALE126835,Completed
CLM019743,2022-11-07,SALE126839,Rejected
CLM019744,2021-06-05,SALE126842,Completed
CLM019745,2025-11-08,SALE126845,Paid Repaired
CLM019746,2025-07-28,SALE126852,Completed
CLM019747,2024-06-10,SALE126856,Replaced
CLM019748,2025-03-02,SALE126865,Pending
CLM019749,2022-01-14,SALE126872,Replaced
CLM019750,2024-05-10,SALE126882,Completed
CLM019751,2025-12-31,SALE126885,Replaced
CLM019752,2025-12-31,SALE126891,Pending
CLM019753,2022-12-18,SALE126892,Replaced
CLM019754,2022-04-21,SALE126898,Replaced
CLM019755,2025-06-25,SALE126901,Completed
CLM019756,2021-11-09,SALE126913,Paid Repaired
CLM019757,2022-09-01,SALE126919,Replaced
CLM019758,2023-01-05,SALE126932,Completed
CLM019759,2024-04-17,SALE126933,Paid Repaired
CLM019760,2025-11-03,SALE126938,Completed
CLM019761,2025-02-25,SALE126948,Completed
CLM019762,2023-12-28,SALE126949,Completed
CLM019763,2025-12-31,SALE126955,Completed
CLM019764,2021-09-30,SALE126958,Completed
CLM019765,2021-12-22,SALE126961,Completed
CLM019766,2024-03-06,SALE126965,Replaced
CLM019767,2024-01-22,SALE126968,Completed
CLM019768,2025-06-18,SALE126981,Completed
CLM019769,2023-10-17,SALE126991,Replaced
CLM019770,2024-11-03,SALE126999,Completed
CLM019771,2023-02-09,SALE127011,Completed
CLM019772,2025-08-11,SALE127012,Rejected
CLM019773,2025-04-25,SALE127015,Paid Repaired
CLM019774,2025-04-04,SALE127030,Completed
CLM019775,2025-10-14,SALE127032,Replaced
CLM019776,2023-04-06,SALE127042,Completed
CLM019777,2024-10-13,SALE127046,Completed
CLM019778,2022-02-28,SALE127047,Rejected
CLM019779,2023-01-26,SALE127048,Completed
CLM019780,2022-03-16,SALE127053,Pending
CLM019781,2024-11-14,SALE127057,Replaced
CLM019782,2024-01-01,SALE127064,Completed
CLM019783,2025-07-17,SALE127069,Pending
CLM019784,2023-08-03,SALE127077,Paid Repaired
CLM019785,2021-07-03,SALE127090,Completed
CLM019786,2024-11-09,SALE127091,Completed
CLM019787,2025-04-05,SALE127103,Pending
CLM019788,2022-04-14,SALE127110,Completed
CLM019789,2022-04-05,SALE127111,Rejected
CLM019790,2023-09-26,SALE127121,Completed
CLM019791,2024-09-14,SALE127128,Rejected
CLM019792,2023-05-30,SALE127137,Completed
CLM019793,2023-04-15,SALE127141,Replaced
CLM019794,2025-12-31,SALE127155,Replaced
CLM019795,2025-12-31,SALE127156,Paid Repaired
CLM019796,2025-04-30,SALE127164,Paid Repaired
CLM019797,2025-08-13,SALE127168,Completed
CLM019798,2025-09-08,SALE127172,Replaced
CLM019799,2025-11-21,SALE127178,Completed
CLM019800,2024-08-06,SALE127181,Pending
CLM019801,2021-05-15,SALE127183,Completed
CLM019802,2024-11-03,SALE127186,Paid Repaired
CLM019803,2021-11-01,SALE127195,Paid Repaired
CLM019804,2022-07-08,SALE127202,Warranty Void
CLM019805,2021-09-13,SALE127204,Replaced
CLM019806,2025-04-07,SALE127205,Completed
CLM019807,2025-09-03,SALE127208,Pending
CLM019808,2020-12-01,SALE127209,Completed
CLM019809,2025-12-31,SALE127210,Replaced
CLM019810,2024-04-16,SALE127211,Pending
CLM019811,2025-02-03,SALE127222,Completed
CLM019812,2025-02-27,SALE127223,Completed
CLM019813,2025-05-01,SALE127230,Completed
CLM019814,2023-09-29,SALE127248,Completed
CLM019815,2021-03-06,SALE127257,Completed
CLM019816,2023-07-12,SALE127267,Paid Repaired
CLM019817,2021-08-01,SALE127272,Replaced
CLM019818,2024-01-23,SALE127274,Rejected
CLM019819,2024-05-21,SALE127285,Replaced
CLM019820,2021-04-10,SALE127287,Completed
CLM019821,2024-08-19,SALE127298,Completed
CLM019822,2025-01-24,SALE127307,Pending
CLM019823,2024-03-24,SALE127309,Pending
CLM019824,2025-01-18,SALE127313,Replaced
CLM019825,2022-11-19,SALE127322,Replaced
CLM019826,2022-05-07,SALE127323,Completed
CLM019827,2023-07-18,SALE127329,Pending
CLM019828,2023-09-30,SALE127338,Completed
CLM019829,2024-01-19,SALE127345,Replaced
CLM019830,2023-10-13,SALE127359,Completed
CLM019831,2025-11-23,SALE127362,Pending
CLM019832,2023-08-01,SALE127366,Completed
CLM019833,2024-08-13,SALE127369,Pending
CLM019834,2025-04-09,SALE127372,Completed
CLM019835,2025-12-31,SALE127379,Warranty Void
CLM019836,2025-10-19,SALE127380,Completed
CLM019837,2023-05-01,SALE127385,Replaced
CLM019838,2025-12-31,SALE127390,Pending
CLM019839,2025-08-20,SALE127394,Completed
CLM019840,2023-03-27,SALE127400,Pending
CLM019841,2022-11-29,SALE127406,Replaced
CLM019842,2023-09-14,SALE127412,Replaced
CLM019843,2021-07-07,SALE127413,Replaced
CLM019844,2025-01-10,SALE127424,Paid Repaired
CLM019845,2021-12-20,SALE127433,Completed
CLM019846,2022-11-11,SALE127447,Warranty Void
CLM019847,2025-12-31,SALE127448,Completed
CLM019848,2025-03-10,SALE127452,Warranty Void
CLM019849,2022-12-13,SALE127455,Completed
CLM019850,2025-10-20,SALE127461,Pending
CLM019851,2022-05-08,SALE127464,Completed
CLM019852,2021-10-28,SALE127474,Replaced
CLM019853,2024-03-03,SALE127476,Replaced
CLM019854,2021-09-02,SALE127481,Warranty Void
CLM019855,2023-10-15,SALE127488,Completed
CLM019856,2022-09-15,SALE127490,Pending
CLM019857,2022-11-20,SALE127491,Paid Repaired
CLM019858,2025-12-31,SALE127492,Replaced
CLM019859,2025-12-31,SALE127506,Replaced
CLM019860,2022-08-30,SALE127516,Completed
CLM019861,2023-09-20,SALE127528,Completed
CLM019862,2021-06-27,SALE127544,Completed
CLM019863,2024-01-07,SALE127551,Completed
CLM019864,2024-08-26,SALE127578,Replaced
CLM019865,2021-07-01,SALE127581,Completed
CLM019866,2022-04-17,SALE127582,Paid Repaired
CLM019867,2021-07-28,SALE127593,Replaced
CLM019868,2023-09-23,SALE127599,Completed
CLM019869,2024-04-13,SALE127600,Completed
CLM019870,2024-03-30,SALE127608,Replaced
CLM019871,2022-05-03,SALE127612,Replaced
CLM019872,2022-09-26,SALE127621,Completed
CLM019873,2023-11-18,SALE127635,Completed
CLM019874,2022-10-13,SALE127643,Completed
CLM019875,2023-11-11,SALE127655,Completed
CLM019876,2025-12-31,SALE127656,Pending
CLM019877,2024-05-26,SALE127665,Completed
CLM019878,2024-01-11,SALE127674,Warranty Void
CLM019879,2022-09-29,SALE127694,Completed
CLM019880,2024-10-03,SALE127707,Completed
CLM019881,2023-04-03,SALE127711,Replaced
CLM019882,2023-03-01,SALE127713,Completed
CLM019883,2020-06-25,SALE127716,Pending
CLM019884,2021-10-28,SALE127717,Replaced
CLM019885,2020-08-21,SALE127720,Warranty Void
CLM019886,2020-11-27,SALE127721,Pending
CLM019887,2023-07-12,SALE127728,Completed
CLM019888,2024-03-03,SALE127734,Completed
CLM019889,2023-10-24,SALE127736,Completed
CLM019890,2023-06-29,SALE127742,Rejected
CLM019891,2024-12-23,SALE127744,Completed
CLM019892,2025-07-18,SALE127750,Completed
CLM019893,2021-12-25,SALE127762,Pending
CLM019894,2025-12-05,SALE127775,Replaced
CLM019895,2024-08-30,SALE127778,Paid Repaired
CLM019896,2024-04-30,SALE127780,Completed
CLM019897,2021-09-11,SALE127786,Completed
CLM019898,2025-12-31,SALE127791,Completed
CLM019899,2021-11-13,SALE127797,Completed
CLM019900,2020-06-24,SALE127818,Completed
CLM019901,2023-04-26,SALE127827,Completed
CLM019902,2021-12-20,SALE127832,Warranty Void
CLM019903,2024-08-06,SALE127843,Completed
CLM019904,2023-11-25,SALE127844,Paid Repaired
CLM019905,2025-07-18,SALE127845,Paid Repaired
CLM019906,2021-12-18,SALE127850,Replaced
CLM019907,2023-10-04,SALE127860,Replaced
CLM019908,2023-02-18,SALE127864,Replaced
CLM019909,2024-06-08,SALE127867,Paid Repaired
CLM019910,2022-06-24,SALE127872,Replaced
CLM019911,2021-08-24,SALE127873,Paid Repaired
CLM019912,2025-04-05,SALE127875,Completed
CLM019913,2023-06-26,SALE127876,Replaced
CLM019914,2025-04-03,SALE127880,Paid Repaired
CLM019915,2022-11-06,SALE127896,Warranty Void
CLM019916,2023-02-21,SALE127900,Warranty Void
CLM019917,2024-05-05,SALE127908,Replaced
CLM019918,2023-04-17,SALE127932,Completed
CLM019919,2023-04-11,SALE127947,Paid Repaired
CLM019920,2023-12-04,SALE127948,Paid Repaired
CLM019921,2025-09-20,SALE127949,Rejected
CLM019922,2024-12-31,SALE127957,Paid Repaired
CLM019923,2021-06-07,SALE127968,Warranty Void
CLM019924,2024-08-06,SALE127972,Pending
CLM019925,2025-12-31,SALE127975,Paid Repaired
CLM019926,2023-10-16,SALE127978,Completed
CLM019927,2021-04-02,SALE127987,Completed
CLM019928,2022-02-23,SALE127991,Completed
CLM019929,2025-04-25,SALE127992,Pending
CLM019930,2025-02-17,SALE127997,Completed
CLM019931,2025-10-14,SALE128005,Completed
CLM019932,2021-07-18,SALE128008,Replaced
CLM019933,2024-03-29,SALE128018,Completed
CLM019934,2021-08-22,SALE128021,Warranty Void
CLM019935,2021-04-22,SALE128036,Pending
CLM019936,2021-01-20,SALE128043,Completed
CLM019937,2022-12-10,SALE128067,Completed
CLM019938,2023-02-09,SALE128073,Pending
CLM019939,2022-01-03,SALE128079,Paid Repaired
CLM019940,2024-12-24,SALE128082,Rejected
CLM019941,2021-02-14,SALE128095,Completed
CLM019942,2024-06-08,SALE128097,Paid Repaired
CLM019943,2025-08-10,SALE128100,Completed
CLM019944,2025-01-19,SALE128107,Completed
CLM019945,2022-01-29,SALE128108,Paid Repaired
CLM019946,2023-06-05,SALE128124,Completed
CLM019947,2021-11-18,SALE128138,Pending
CLM019948,2025-07-11,SALE128142,Paid Repaired
CLM019949,2023-02-25,SALE128152,Paid Repaired
CLM019950,2021-11-22,SALE128154,Completed
CLM019951,2022-02-22,SALE128166,Replaced
CLM019952,2022-08-15,SALE128168,Paid Repaired
CLM019953,2020-11-07,SALE128170,Pending
CLM019954,2021-03-20,SALE128177,Pending
CLM019955,2020-12-18,SALE128178,Completed
CLM019956,2022-07-05,SALE128181,Completed
CLM019957,2022-11-08,SALE128183,Replaced
CLM019958,2024-05-18,SALE128189,Completed
CLM019959,2023-09-08,SALE128190,Replaced
CLM019960,2022-05-16,SALE128191,Replaced
CLM019961,2024-04-07,SALE128198,Replaced
CLM019962,2024-05-10,SALE128199,Rejected
CLM019963,2021-01-19,SALE128202,Completed
CLM019964,2023-06-21,SALE128209,Completed
CLM019965,2022-05-02,SALE128230,Completed
CLM019966,2024-06-26,SALE128233,Replaced
CLM019967,2023-12-30,SALE128242,Completed
CLM019968,2020-10-13,SALE128243,Warranty Void
CLM019969,2024-04-20,SALE128249,Pending
CLM019970,2023-12-04,SALE128255,Warranty Void
CLM019971,2023-10-12,SALE128271,Replaced
CLM019972,2025-09-23,SALE128272,Replaced
CLM019973,2023-04-06,SALE128273,Pending
CLM019974,2023-03-08,SALE128276,Completed
CLM019975,2022-07-12,SALE128282,Paid Repaired
CLM019976,2024-01-08,SALE128285,Paid Repaired
CLM019977,2024-09-12,SALE128295,Completed
CLM019978,2025-06-06,SALE128298,Replaced
CLM019979,2025-07-01,SALE128307,Completed
CLM019980,2025-11-03,SALE128308,Completed
CLM019981,2025-01-15,SALE128311,Completed
CLM019982,2024-09-24,SALE128315,Warranty Void
CLM019983,2023-05-28,SALE128316,Warranty Void
CLM019984,2022-02-22,SALE128317,Completed
CLM019985,2022-10-11,SALE128323,Replaced
CLM019986,2024-09-11,SALE128324,Completed
CLM019987,2025-12-31,SALE128329,Replaced
CLM019988,2023-04-01,SALE128334,Completed
CLM019989,2025-12-31,SALE128338,Replaced
CLM019990,2021-11-03,SALE128339,Completed
CLM019991,2022-09-21,SALE128348,Completed
CLM019992,2024-09-20,SALE128352,Completed
CLM019993,2024-05-22,SALE128356,Completed
CLM019994,2021-07-06,SALE128357,Completed
CLM019995,2023-03-11,SALE128363,Paid Repaired
CLM019996,2021-01-29,SALE128366,Rejected
CLM019997,2025-07-07,SALE128378,Completed
CLM019998,2024-08-26,SALE128379,Pending
CLM019999,2023-10-09,SALE128381,Completed
CLM020000,2025-03-24,SALE128382,Warranty Void
CLM020001,2023-05-20,SALE128383,Completed
CLM020002,2022-11-10,SALE128384,Completed
CLM020003,2021-08-23,SALE128393,Replaced
CLM020004,2022-05-04,SALE128397,Completed
CLM020005,2022-10-25,SALE128408,Paid Repaired
CLM020006,2021-01-14,SALE128430,Replaced
CLM020007,2024-12-27,SALE128453,Completed
CLM020008,2022-09-24,SALE128459,Completed
CLM020009,2023-11-26,SALE128461,Completed
CLM020010,2023-12-11,SALE128465,Pending
CLM020011,2020-05-25,SALE128467,Paid Repaired
CLM020012,2024-04-14,SALE128468,Pending
CLM020013,2025-12-31,SALE128477,Replaced
CLM020014,2022-02-04,SALE128483,Completed
CLM020015,2025-12-31,SALE128484,Paid Repaired
CLM020016,2021-08-13,SALE128486,Replaced
CLM020017,2025-12-31,SALE128488,Completed
CLM020018,2023-09-19,SALE128489,Warranty Void
CLM020019,2022-11-05,SALE128505,Paid Repaired
CLM020020,2024-11-19,SALE128507,Paid Repaired
CLM020021,2025-06-24,SALE128510,Pending
CLM020022,2024-01-31,SALE128522,Completed
CLM020023,2022-07-24,SALE128526,Warranty Void
CLM020024,2022-08-29,SALE128529,Completed
CLM020025,2025-12-31,SALE128530,Paid Repaired
CLM020026,2020-12-18,SALE128532,Warranty Void
CLM020027,2020-08-05,SALE128534,Completed
CLM020028,2023-07-21,SALE128539,Rejected
CLM020029,2022-10-07,SALE128544,Completed
CLM020030,2024-11-28,SALE128546,Completed
CLM020031,2023-10-29,SALE128558,Paid Repaired
CLM020032,2025-07-22,SALE128572,Completed
CLM020033,2024-11-02,SALE128582,Completed
CLM020034,2023-07-23,SALE128588,Paid Repaired
CLM020035,2025-03-17,SALE128610,Replaced
CLM020036,2021-09-18,SALE128628,Paid Repaired
CLM020037,2023-11-21,SALE128631,Completed
CLM020038,2022-08-16,SALE128632,Paid Repaired
CLM020039,2025-12-31,SALE128635,Completed
CLM020040,2021-11-21,SALE128637,Paid Repaired
CLM020041,2021-10-26,SALE128639,Pending
CLM020042,2024-06-13,SALE128651,Completed
CLM020043,2024-02-05,SALE128655,Completed
CLM020044,2023-05-04,SALE128656,Replaced
CLM020045,2022-11-15,SALE128659,Paid Repaired
CLM020046,2025-08-28,SALE128660,Completed
CLM020047,2025-07-19,SALE128662,Paid Repaired
CLM020048,2023-06-17,SALE128670,Pending
CLM020049,2022-11-25,SALE128679,Pending
CLM020050,2022-10-30,SALE128680,Paid Repaired
CLM020051,2023-06-11,SALE128696,Replaced
CLM020052,2020-09-09,SALE128697,Paid Repaired
CLM020053,2023-01-22,SALE128701,Replaced
CLM020054,2022-02-04,SALE128710,Pending
CLM020055,2022-02-24,SALE128712,Completed
CLM020056,2024-10-29,SALE128715,Completed
CLM020057,2021-04-03,SALE128723,Paid Repaired
CLM020058,2023-04-14,SALE128738,Paid Repaired
CLM020059,2021-08-25,SALE128745,Completed
CLM020060,2022-10-29,SALE128747,Rejected
CLM020061,2024-02-03,SALE128750,Completed
CLM020062,2020-12-01,SALE128753,Rejected
CLM020063,2024-08-01,SALE128754,Completed
CLM020064,2024-07-24,SALE128755,Replaced
CLM020065,2023-09-09,SALE128761,Completed
CLM020066,2024-11-06,SALE128768,Replaced
CLM020067,2024-12-08,SALE128777,Warranty Void
CLM020068,2024-01-04,SALE128785,Completed
CLM020069,2025-02-04,SALE128793,Completed
CLM020070,2023-02-19,SALE128794,Pending
CLM020071,2025-12-31,SALE128798,Completed
CLM020072,2023-09-20,SALE128801,Completed
CLM020073,2025-01-22,SALE128808,Completed
CLM020074,2023-04-21,SALE128809,Paid Repaired
CLM020075,2024-08-01,SALE128821,Paid Repaired
CLM020076,2024-10-18,SALE128824,Completed
CLM020077,2025-06-17,SALE128826,Replaced
CLM020078,2024-09-21,SALE128844,Completed
CLM020079,2020-07-27,SALE128852,Completed
CLM020080,2023-03-15,SALE128862,Paid Repaired
CLM020081,2022-03-11,SALE128871,Completed
CLM020082,2022-11-20,SALE128874,Completed
CLM020083,2020-11-23,SALE128879,Warranty Void
CLM020084,2024-11-29,SALE128881,Completed
CLM020085,2024-03-17,SALE128883,Completed
CLM020086,2023-06-23,SALE128884,Pending
CLM020087,2021-02-28,SALE128892,Pending
CLM020088,2022-09-23,SALE128895,Rejected
CLM020089,2021-12-23,SALE128898,Completed
CLM020090,2023-02-04,SALE128903,Paid Repaired
CLM020091,2023-03-18,SALE128904,Completed
CLM020092,2023-01-10,SALE128907,Completed
CLM020093,2022-05-13,SALE128909,Pending
CLM020094,2022-10-23,SALE128916,Completed
CLM020095,2024-05-07,SALE128923,Completed
CLM020096,2021-12-06,SALE128937,Replaced
CLM020097,2021-02-05,SALE128939,Paid Repaired
CLM020098,2020-10-20,SALE128949,Replaced
CLM020099,2025-09-12,SALE128951,Paid Repaired
CLM020100,2024-06-29,SALE128961,Warranty Void
CLM020101,2021-12-24,SALE128964,Paid Repaired
CLM020102,2025-12-31,SALE128968,Completed
CLM020103,2022-11-22,SALE128976,Completed
CLM020104,2023-01-14,SALE128981,Completed
CLM020105,2024-08-01,SALE128982,Completed
CLM020106,2024-12-09,SALE128992,Completed
CLM020107,2024-08-21,SALE128995,Completed
CLM020108,2025-09-07,SALE129008,Warranty Void
CLM020109,2022-09-07,SALE129013,Replaced
CLM020110,2025-02-10,SALE129014,Replaced
CLM020111,2024-03-04,SALE129028,Replaced
CLM020112,2025-06-02,SALE129031,Rejected
CLM020113,2024-10-17,SALE129036,Completed
CLM020114,2022-08-12,SALE129038,Completed
CLM020115,2022-08-10,SALE129043,Warranty Void
CLM020116,2022-12-18,SALE129045,Replaced
CLM020117,2023-04-16,SALE129048,Completed
CLM020118,2020-10-21,SALE129050,Completed
CLM020119,2025-10-20,SALE129056,Replaced
CLM020120,2021-07-23,SALE129057,Completed
CLM020121,2022-03-27,SALE129062,Completed
CLM020122,2024-02-17,SALE129081,Completed
CLM020123,2024-05-24,SALE129091,Warranty Void
CLM020124,2024-06-09,SALE129103,Paid Repaired
CLM020125,2022-07-12,SALE129105,Completed
CLM020126,2023-04-28,SALE129113,Paid Repaired
CLM020127,2021-12-24,SALE129122,Paid Repaired
CLM020128,2025-01-21,SALE129125,Completed
CLM020129,2022-03-29,SALE129138,Completed
CLM020130,2025-11-23,SALE129144,Completed
CLM020131,2020-07-05,SALE129153,Replaced
CLM020132,2025-04-15,SALE129159,Completed
CLM020133,2022-08-09,SALE129163,Paid Repaired
CLM020134,2020-11-22,SALE129171,Paid Repaired
CLM020135,2023-06-04,SALE129179,Replaced
CLM020136,2024-02-15,SALE129182,Completed
CLM020137,2023-01-23,SALE129187,Replaced
CLM020138,2022-07-03,SALE129193,Replaced
CLM020139,2023-01-21,SALE129196,Paid Repaired
CLM020140,2022-10-14,SALE129206,Completed
CLM020141,2024-10-13,SALE129211,Replaced
CLM020142,2021-11-16,SALE129222,Warranty Void
CLM020143,2022-11-05,SALE129224,Completed
CLM020144,2022-02-17,SALE129227,Pending
CLM020145,2024-06-22,SALE129228,Paid Repaired
CLM020146,2024-03-16,SALE129231,Completed
CLM020147,2025-02-25,SALE129240,Completed
CLM020148,2022-02-19,SALE129246,Completed
CLM020149,2020-10-13,SALE129247,Pending
CLM020150,2022-06-22,SALE129258,Paid Repaired
CLM020151,2021-07-26,SALE129261,Warranty Void
CLM020152,2023-03-08,SALE129264,Completed
CLM020153,2021-06-28,SALE129272,Completed
CLM020154,2023-04-12,SALE129279,Pending
CLM020155,2022-09-08,SALE129285,Replaced
CLM020156,2025-12-12,SALE129298,Completed
CLM020157,2025-07-29,SALE129307,Completed
CLM020158,2025-06-15,SALE129311,Paid Repaired
CLM020159,2021-12-28,SALE129314,Replaced
CLM020160,2021-12-18,SALE129318,Completed
CLM020161,2023-07-09,SALE129320,Replaced
CLM020162,2025-12-31,SALE129321,Paid Repaired
CLM020163,2022-03-11,SALE129325,Replaced
CLM020164,2025-12-31,SALE129326,Replaced
CLM020165,2024-01-26,SALE129328,Warranty Void
CLM020166,2025-07-09,SALE129335,Rejected
CLM020167,2025-12-31,SALE129340,Warranty Void
CLM020168,2023-09-23,SALE129346,Replaced
CLM020169,2025-12-31,SALE129362,Completed
CLM020170,2025-05-01,SALE129365,Pending
CLM020171,2020-12-02,SALE129367,Completed
CLM020172,2025-06-19,SALE129375,Completed
CLM020173,2021-01-26,SALE129380,Completed
CLM020174,2022-03-07,SALE129382,Warranty Void
CLM020175,2025-03-13,SALE129391,Completed
CLM020176,2024-06-24,SALE129397,Replaced
CLM020177,2020-08-06,SALE129401,Pending
CLM020178,2024-06-25,SALE129410,Completed
CLM020179,2022-04-09,SALE129416,Paid Repaired
CLM020180,2023-09-22,SALE129427,Completed
CLM020181,2025-08-08,SALE129429,Pending
CLM020182,2022-09-06,SALE129432,Completed
CLM020183,2025-05-16,SALE129439,Completed
CLM020184,2024-03-16,SALE129440,Completed
CLM020185,2024-05-18,SALE129452,Pending
CLM020186,2021-09-17,SALE129458,Completed
CLM020187,2023-01-25,SALE129466,Completed
CLM020188,2025-09-14,SALE129469,Paid Repaired
CLM020189,2024-07-08,SALE129476,Completed
CLM020190,2023-07-20,SALE129481,Paid Repaired
CLM020191,2024-04-09,SALE129496,Completed
CLM020192,2022-12-22,SALE129501,Paid Repaired
CLM020193,2023-03-20,SALE129511,Replaced
CLM020194,2024-01-26,SALE129515,Rejected
CLM020195,2025-01-17,SALE129522,Completed
CLM020196,2022-02-04,SALE129528,Completed
CLM020197,2024-01-13,SALE129532,Completed
CLM020198,2025-08-17,SALE129547,Completed
CLM020199,2022-11-29,SALE129566,Completed
CLM020200,2024-10-04,SALE129579,Pending
CLM020201,2020-12-11,SALE129593,Completed
CLM020202,2024-06-21,SALE129602,Completed
CLM020203,2024-01-28,SALE129603,Completed
CLM020204,2025-11-07,SALE129606,Completed
CLM020205,2021-07-13,SALE129607,Completed
CLM020206,2021-07-22,SALE129608,Replaced
CLM020207,2025-10-02,SALE129618,Completed
CLM020208,2025-12-31,SALE129619,Warranty Void
CLM020209,2023-08-23,SALE129620,Paid Repaired
CLM020210,2024-11-05,SALE129621,Completed
CLM020211,2025-01-31,SALE129626,Completed
CLM020212,2025-12-31,SALE129631,Warranty Void
CLM020213,2022-01-08,SALE129635,Replaced
CLM020214,2022-07-24,SALE129639,Rejected
CLM020215,2025-02-24,SALE129640,Completed
CLM020216,2025-01-10,SALE129643,Completed
CLM020217,2025-12-09,SALE129650,Completed
CLM020218,2022-10-29,SALE129657,Completed
CLM020219,2022-05-08,SALE129658,Replaced
CLM020220,2025-09-25,SALE129665,Completed
CLM020221,2024-11-18,SALE129667,Pending
CLM020222,2022-05-11,SALE129671,Paid Repaired
CLM020223,2025-12-31,SALE129672,Warranty Void
CLM020224,2025-02-26,SALE129678,Pending
CLM020225,2022-12-04,SALE129685,Rejected
CLM020226,2024-09-21,SALE129686,Rejected
CLM020227,2021-07-31,SALE129690,Completed
CLM020228,2022-01-01,SALE129691,Warranty Void
CLM020229,2024-04-04,SALE129692,Completed
CLM020230,2025-12-31,SALE129693,Completed
CLM020231,2024-08-17,SALE129700,Paid Repaired
CLM020232,2024-12-27,SALE129702,Replaced
CLM020233,2022-06-23,SALE129704,Completed
CLM020234,2022-05-19,SALE129747,Completed
CLM020235,2025-09-19,SALE129752,Completed
CLM020236,2023-01-13,SALE129754,Completed
CLM020237,2024-02-15,SALE129755,Completed
CLM020238,2024-03-25,SALE129756,Completed
CLM020239,2022-12-15,SALE129769,Replaced
CLM020240,2022-11-14,SALE129774,Completed
CLM020241,2025-07-24,SALE129777,Completed
CLM020242,2025-07-01,SALE129785,Completed
CLM020243,2023-03-03,SALE129806,Completed
CLM020244,2022-04-08,SALE129809,Replaced
CLM020245,2025-07-11,SALE129811,Completed
CLM020246,2024-07-20,SALE129816,Rejected
CLM020247,2025-05-04,SALE129828,Paid Repaired
CLM020248,2023-07-15,SALE129837,Completed
CLM020249,2025-05-06,SALE129838,Completed
CLM020250,2023-12-27,SALE129839,Completed
CLM020251,2025-08-26,SALE129841,Replaced
CLM020252,2021-12-27,SALE129843,Replaced
CLM020253,2022-02-21,SALE129847,Rejected
CLM020254,2021-04-07,SALE129848,Completed
CLM020255,2021-03-30,SALE129850,Completed
CLM020256,2024-11-22,SALE129868,Completed
CLM020257,2025-11-15,SALE129873,Replaced
CLM020258,2025-01-01,SALE129874,Completed
CLM020259,2024-07-23,SALE129880,Completed
CLM020260,2022-09-14,SALE129883,Completed
CLM020261,2022-02-19,SALE129888,Paid Repaired
CLM020262,2023-07-25,SALE129897,Pending
CLM020263,2022-10-04,SALE129898,Completed
CLM020264,2024-10-04,SALE129899,Completed
CLM020265,2022-05-05,SALE129933,Replaced
CLM020266,2023-09-22,SALE129934,Replaced
CLM020267,2023-04-06,SALE129936,Completed
CLM020268,2022-06-26,SALE129939,Paid Repaired
CLM020269,2024-07-31,SALE129941,Completed
CLM020270,2024-09-18,SALE129950,Completed
CLM020271,2022-01-15,SALE129951,Rejected
CLM020272,2023-12-25,SALE129953,Paid Repaired
CLM020273,2021-06-23,SALE129971,Completed
CLM020274,2024-01-30,SALE129978,Pending
CLM020275,2022-11-26,SALE129982,Warranty Void
CLM020276,2022-02-02,SALE129984,Paid Repaired
CLM020277,2023-05-16,SALE129985,Warranty Void
CLM020278,2024-02-02,SALE129989,Paid Repaired
CLM020279,2021-11-29,SALE129994,Completed
CLM020280,2025-12-31,SALE129998,Replaced
